series_id,series_title,period,value,unit,source_id,source_label,source_url,captured_at,evidence_path,sha256,notes
CUUR0000SAF11,"CPI-U: Food at home, U.S. city average (NSA)",2024-01,305.037,index,bls,"FOOD-COST INDICATOR (index, not a lobster price)",https://api.bls.gov/publicAPI/v1/timeseries/data/CUUR0000SAF11,2026-09-22T20:16:59+00:00,evidence/bls/CUUR0000SAF11.json,101760c2b1836f0ba995f8e84e7cb754916a273e26088c1ccb1edafca9065784,
CUUR0000SAF11,"CPI-U: Food at home, U.S. city average (NSA)",2024-02,305.469,index,bls,"FOOD-COST INDICATOR (index, not a lobster price)",https://api.bls.gov/publicAPI/v1/timeseries/data/CUUR0000SAF11,2026-09-22T20:16:59+00:00,evidence/bls/CUUR0000SAF11.json,101760c2b1836f0ba995f8e84e7cb754916a273e26088c1ccb1edafca9065784,
CUUR0000SAF11,"CPI-U: Food at home, U.S. city average (NSA)",2024-03,305.426,index,bls,"FOOD-COST INDICATOR (index, not a lobster price)",https://api.bls.gov/publicAPI/v1/timeseries/data/CUUR0000SAF11,2026-09-22T20:16:59+00:00,evidence/bls/CUUR0000SAF11.json,101760c2b1836f0ba995f8e84e7cb754916a273e26088c1ccb1edafca9065784,
CUUR0000SAF11,"CPI-U: Food at home, U.S. city average (NSA)",2024-04,305.707,index,bls,"FOOD-COST INDICATOR (index, not a lobster price)",https://api.bls.gov/publicAPI/v1/timeseries/data/CUUR0000SAF11,2026-09-22T20:16:59+00:00,evidence/bls/CUUR0000SAF11.json,101760c2b1836f0ba995f8e84e7cb754916a273e26088c1ccb1edafca9065784,
CUUR0000SAF11,"CPI-U: Food at home, U.S. city average (NSA)",2024-05,305.679,index,bls,"FOOD-COST INDICATOR (index, not a lobster price)",https://api.bls.gov/publicAPI/v1/timeseries/data/CUUR0000SAF11,2026-09-22T20:16:59+00:00,evidence/bls/CUUR0000SAF11.json,101760c2b1836f0ba995f8e84e7cb754916a273e26088c1ccb1edafca9065784,
CUUR0000SAF11,"CPI-U: Food at home, U.S. city average (NSA)",2024-06,305.752,index,bls,"FOOD-COST INDICATOR (index, not a lobster price)",https://api.bls.gov/publicAPI/v1/timeseries/data/CUUR0000SAF11,2026-09-22T20:16:59+00:00,evidence/bls/CUUR0000SAF11.json,101760c2b1836f0ba995f8e84e7cb754916a273e26088c1ccb1edafca9065784,
CUUR0000SAF11,"CPI-U: Food at home, U.S. city average (NSA)",2024-07,306.643,index,bls,"FOOD-COST INDICATOR (index, not a lobster price)",https://api.bls.gov/publicAPI/v1/timeseries/data/CUUR0000SAF11,2026-09-22T20:16:59+00:00,evidence/bls/CUUR0000SAF11.json,101760c2b1836f0ba995f8e84e7cb754916a273e26088c1ccb1edafca9065784,
CUUR0000SAF11,"CPI-U: Food at home, U.S. city average (NSA)",2024-08,306.402,index,bls,"FOOD-COST INDICATOR (index, not a lobster price)",https://api.bls.gov/publicAPI/v1/timeseries/data/CUUR0000SAF11,2026-09-22T20:16:59+00:00,evidence/bls/CUUR0000SAF11.json,101760c2b1836f0ba995f8e84e7cb754916a273e26088c1ccb1edafca9065784,
CUUR0000SAF11,"CPI-U: Food at home, U.S. city average (NSA)",2024-09,307.767,index,bls,"FOOD-COST INDICATOR (index, not a lobster price)",https://api.bls.gov/publicAPI/v1/timeseries/data/CUUR0000SAF11,2026-09-22T20:16:59+00:00,evidence/bls/CUUR0000SAF11.json,101760c2b1836f0ba995f8e84e7cb754916a273e26088c1ccb1edafca9065784,
CUUR0000SAF11,"CPI-U: Food at home, U.S. city average (NSA)",2024-10,308.2,index,bls,"FOOD-COST INDICATOR (index, not a lobster price)",https://api.bls.gov/publicAPI/v1/timeseries/data/CUUR0000SAF11,2026-09-22T20:16:59+00:00,evidence/bls/CUUR0000SAF11.json,101760c2b1836f0ba995f8e84e7cb754916a273e26088c1ccb1edafca9065784,
CUUR0000SAF11,"CPI-U: Food at home, U.S. city average (NSA)",2024-11,307.972,index,bls,"FOOD-COST INDICATOR (index, not a lobster price)",https://api.bls.gov/publicAPI/v1/timeseries/data/CUUR0000SAF11,2026-09-22T20:16:59+00:00,evidence/bls/CUUR0000SAF11.json,101760c2b1836f0ba995f8e84e7cb754916a273e26088c1ccb1edafca9065784,
CUUR0000SAF11,"CPI-U: Food at home, U.S. city average (NSA)",2024-12,308.38,index,bls,"FOOD-COST INDICATOR (index, not a lobster price)",https://api.bls.gov/publicAPI/v1/timeseries/data/CUUR0000SAF11,2026-09-22T20:16:59+00:00,evidence/bls/CUUR0000SAF11.json,101760c2b1836f0ba995f8e84e7cb754916a273e26088c1ccb1edafca9065784,
CUUR0000SAF11,"CPI-U: Food at home, U.S. city average (NSA)",2025-01,310.936,index,bls,"FOOD-COST INDICATOR (index, not a lobster price)",https://api.bls.gov/publicAPI/v1/timeseries/data/CUUR0000SAF11,2026-09-22T20:16:59+00:00,evidence/bls/CUUR0000SAF11.json,101760c2b1836f0ba995f8e84e7cb754916a273e26088c1ccb1edafca9065784,
CUUR0000SAF11,"CPI-U: Food at home, U.S. city average (NSA)",2025-02,311.284,index,bls,"FOOD-COST INDICATOR (index, not a lobster price)",https://api.bls.gov/publicAPI/v1/timeseries/data/CUUR0000SAF11,2026-09-22T20:16:59+00:00,evidence/bls/CUUR0000SAF11.json,101760c2b1836f0ba995f8e84e7cb754916a273e26088c1ccb1edafca9065784,
CUUR0000SAF11,"CPI-U: Food at home, U.S. city average (NSA)",2025-03,312.815,index,bls,"FOOD-COST INDICATOR (index, not a lobster price)",https://api.bls.gov/publicAPI/v1/timeseries/data/CUUR0000SAF11,2026-09-22T20:16:59+00:00,evidence/bls/CUUR0000SAF11.json,101760c2b1836f0ba995f8e84e7cb754916a273e26088c1ccb1edafca9065784,
CUUR0000SAF11,"CPI-U: Food at home, U.S. city average (NSA)",2025-04,311.84,index,bls,"FOOD-COST INDICATOR (index, not a lobster price)",https://api.bls.gov/publicAPI/v1/timeseries/data/CUUR0000SAF11,2026-09-22T20:16:59+00:00,evidence/bls/CUUR0000SAF11.json,101760c2b1836f0ba995f8e84e7cb754916a273e26088c1ccb1edafca9065784,
CUUR0000SAF11,"CPI-U: Food at home, U.S. city average (NSA)",2025-05,312.491,index,bls,"FOOD-COST INDICATOR (index, not a lobster price)",https://api.bls.gov/publicAPI/v1/timeseries/data/CUUR0000SAF11,2026-09-22T20:16:59+00:00,evidence/bls/CUUR0000SAF11.json,101760c2b1836f0ba995f8e84e7cb754916a273e26088c1ccb1edafca9065784,
CUUR0000SAF11,"CPI-U: Food at home, U.S. city average (NSA)",2025-06,313.028,index,bls,"FOOD-COST INDICATOR (index, not a lobster price)",https://api.bls.gov/publicAPI/v1/timeseries/data/CUUR0000SAF11,2026-09-22T20:16:59+00:00,evidence/bls/CUUR0000SAF11.json,101760c2b1836f0ba995f8e84e7cb754916a273e26088c1ccb1edafca9065784,
CUUR0000SAF11,"CPI-U: Food at home, U.S. city average (NSA)",2025-07,313.263,index,bls,"FOOD-COST INDICATOR (index, not a lobster price)",https://api.bls.gov/publicAPI/v1/timeseries/data/CUUR0000SAF11,2026-09-22T20:16:59+00:00,evidence/bls/CUUR0000SAF11.json,101760c2b1836f0ba995f8e84e7cb754916a273e26088c1ccb1edafca9065784,
CUUR0000SAF11,"CPI-U: Food at home, U.S. city average (NSA)",2025-08,314.608,index,bls,"FOOD-COST INDICATOR (index, not a lobster price)",https://api.bls.gov/publicAPI/v1/timeseries/data/CUUR0000SAF11,2026-09-22T20:16:59+00:00,evidence/bls/CUUR0000SAF11.json,101760c2b1836f0ba995f8e84e7cb754916a273e26088c1ccb1edafca9065784,
CUUR0000SAF11,"CPI-U: Food at home, U.S. city average (NSA)",2025-09,316.042,index,bls,"FOOD-COST INDICATOR (index, not a lobster price)",https://api.bls.gov/publicAPI/v1/timeseries/data/CUUR0000SAF11,2026-09-22T20:16:59+00:00,evidence/bls/CUUR0000SAF11.json,101760c2b1836f0ba995f8e84e7cb754916a273e26088c1ccb1edafca9065784,
CUUR0000SAF11,"CPI-U: Food at home, U.S. city average (NSA)",2025-10,,index,bls,"FOOD-COST INDICATOR (index, not a lobster price)",https://api.bls.gov/publicAPI/v1/timeseries/data/CUUR0000SAF11,2026-09-22T20:16:59+00:00,evidence/bls/CUUR0000SAF11.json,101760c2b1836f0ba995f8e84e7cb754916a273e26088c1ccb1edafca9065784,value not numeric as published: '-'
CUUR0000SAF11,"CPI-U: Food at home, U.S. city average (NSA)",2025-11,313.954,index,bls,"FOOD-COST INDICATOR (index, not a lobster price)",https://api.bls.gov/publicAPI/v1/timeseries/data/CUUR0000SAF11,2026-09-22T20:16:59+00:00,evidence/bls/CUUR0000SAF11.json,101760c2b1836f0ba995f8e84e7cb754916a273e26088c1ccb1edafca9065784,
CUUR0000SAF11,"CPI-U: Food at home, U.S. city average (NSA)",2025-12,315.664,index,bls,"FOOD-COST INDICATOR (index, not a lobster price)",https://api.bls.gov/publicAPI/v1/timeseries/data/CUUR0000SAF11,2026-09-22T20:16:59+00:00,evidence/bls/CUUR0000SAF11.json,101760c2b1836f0ba995f8e84e7cb754916a273e26088c1ccb1edafca9065784,
CUUR0000SAF11,"CPI-U: Food at home, U.S. city average (NSA)",2026-01,317.431,index,bls,"FOOD-COST INDICATOR (index, not a lobster price)",https://api.bls.gov/publicAPI/v1/timeseries/data/CUUR0000SAF11,2026-09-22T20:16:59+00:00,evidence/bls/CUUR0000SAF11.json,101760c2b1836f0ba995f8e84e7cb754916a273e26088c1ccb1edafca9065784,
CUUR0000SAF11,"CPI-U: Food at home, U.S. city average (NSA)",2026-02,318.898,index,bls,"FOOD-COST INDICATOR (index, not a lobster price)",https://api.bls.gov/publicAPI/v1/timeseries/data/CUUR0000SAF11,2026-09-22T20:16:59+00:00,evidence/bls/CUUR0000SAF11.json,101760c2b1836f0ba995f8e84e7cb754916a273e26088c1ccb1edafca9065784,
CUUR0000SAF11,"CPI-U: Food at home, U.S. city average (NSA)",2026-03,318.755,index,bls,"FOOD-COST INDICATOR (index, not a lobster price)",https://api.bls.gov/publicAPI/v1/timeseries/data/CUUR0000SAF11,2026-09-22T20:16:59+00:00,evidence/bls/CUUR0000SAF11.json,101760c2b1836f0ba995f8e84e7cb754916a273e26088c1ccb1edafca9065784,
CUUR0000SAF11,"CPI-U: Food at home, U.S. city average (NSA)",2026-04,320.859,index,bls,"FOOD-COST INDICATOR (index, not a lobster price)",https://api.bls.gov/publicAPI/v1/timeseries/data/CUUR0000SAF11,2026-09-22T20:16:59+00:00,evidence/bls/CUUR0000SAF11.json,101760c2b1836f0ba995f8e84e7cb754916a273e26088c1ccb1edafca9065784,
CUUR0000SAF11,"CPI-U: Food at home, U.S. city average (NSA)",2026-05,321.047,index,bls,"FOOD-COST INDICATOR (index, not a lobster price)",https://api.bls.gov/publicAPI/v1/timeseries/data/CUUR0000SAF11,2026-09-22T20:16:59+00:00,evidence/bls/CUUR0000SAF11.json,101760c2b1836f0ba995f8e84e7cb754916a273e26088c1ccb1edafca9065784,
CUUR0000SAF11,"CPI-U: Food at home, U.S. city average (NSA)",2026-06,321.631,index,bls,"FOOD-COST INDICATOR (index, not a lobster price)",https://api.bls.gov/publicAPI/v1/timeseries/data/CUUR0000SAF11,2026-09-22T20:16:59+00:00,evidence/bls/CUUR0000SAF11.json,101760c2b1836f0ba995f8e84e7cb754916a273e26088c1ccb1edafca9065784,
CUUR0000SAF11,"CPI-U: Food at home, U.S. city average (NSA)",2026-07,321.643,index,bls,"FOOD-COST INDICATOR (index, not a lobster price)",https://api.bls.gov/publicAPI/v1/timeseries/data/CUUR0000SAF11,2026-09-22T20:16:59+00:00,evidence/bls/CUUR0000SAF11.json,101760c2b1836f0ba995f8e84e7cb754916a273e26088c1ccb1edafca9065784,
CUUR0000SAF11,"CPI-U: Food at home, U.S. city average (NSA)",2026-08,321.5,index,bls,"FOOD-COST INDICATOR (index, not a lobster price)",https://api.bls.gov/publicAPI/v1/timeseries/data/CUUR0000SAF11,2026-09-22T20:16:59+00:00,evidence/bls/CUUR0000SAF11.json,101760c2b1836f0ba995f8e84e7cb754916a273e26088c1ccb1edafca9065784,
CUUR0000SEFV,"CPI-U: Food away from home, U.S. city average (NSA)",2024-01,363.249,index,bls,"FOOD-COST INDICATOR (index, not a lobster price)",https://api.bls.gov/publicAPI/v1/timeseries/data/CUUR0000SEFV,2026-09-22T20:16:59+00:00,evidence/bls/CUUR0000SEFV.json,c8030294c2f3bc07a66dbd68512ea2674eb32f7efcfcbefe886b50e92b01dc03,
CUUR0000SEFV,"CPI-U: Food away from home, U.S. city average (NSA)",2024-02,363.596,index,bls,"FOOD-COST INDICATOR (index, not a lobster price)",https://api.bls.gov/publicAPI/v1/timeseries/data/CUUR0000SEFV,2026-09-22T20:16:59+00:00,evidence/bls/CUUR0000SEFV.json,c8030294c2f3bc07a66dbd68512ea2674eb32f7efcfcbefe886b50e92b01dc03,
CUUR0000SEFV,"CPI-U: Food away from home, U.S. city average (NSA)",2024-03,364.546,index,bls,"FOOD-COST INDICATOR (index, not a lobster price)",https://api.bls.gov/publicAPI/v1/timeseries/data/CUUR0000SEFV,2026-09-22T20:16:59+00:00,evidence/bls/CUUR0000SEFV.json,c8030294c2f3bc07a66dbd68512ea2674eb32f7efcfcbefe886b50e92b01dc03,
CUUR0000SEFV,"CPI-U: Food away from home, U.S. city average (NSA)",2024-04,365.813,index,bls,"FOOD-COST INDICATOR (index, not a lobster price)",https://api.bls.gov/publicAPI/v1/timeseries/data/CUUR0000SEFV,2026-09-22T20:16:59+00:00,evidence/bls/CUUR0000SEFV.json,c8030294c2f3bc07a66dbd68512ea2674eb32f7efcfcbefe886b50e92b01dc03,
CUUR0000SEFV,"CPI-U: Food away from home, U.S. city average (NSA)",2024-05,367.099,index,bls,"FOOD-COST INDICATOR (index, not a lobster price)",https://api.bls.gov/publicAPI/v1/timeseries/data/CUUR0000SEFV,2026-09-22T20:16:59+00:00,evidence/bls/CUUR0000SEFV.json,c8030294c2f3bc07a66dbd68512ea2674eb32f7efcfcbefe886b50e92b01dc03,
CUUR0000SEFV,"CPI-U: Food away from home, U.S. city average (NSA)",2024-06,368.616,index,bls,"FOOD-COST INDICATOR (index, not a lobster price)",https://api.bls.gov/publicAPI/v1/timeseries/data/CUUR0000SEFV,2026-09-22T20:16:59+00:00,evidence/bls/CUUR0000SEFV.json,c8030294c2f3bc07a66dbd68512ea2674eb32f7efcfcbefe886b50e92b01dc03,
CUUR0000SEFV,"CPI-U: Food away from home, U.S. city average (NSA)",2024-07,369.383,index,bls,"FOOD-COST INDICATOR (index, not a lobster price)",https://api.bls.gov/publicAPI/v1/timeseries/data/CUUR0000SEFV,2026-09-22T20:16:59+00:00,evidence/bls/CUUR0000SEFV.json,c8030294c2f3bc07a66dbd68512ea2674eb32f7efcfcbefe886b50e92b01dc03,
CUUR0000SEFV,"CPI-U: Food away from home, U.S. city average (NSA)",2024-08,370.348,index,bls,"FOOD-COST INDICATOR (index, not a lobster price)",https://api.bls.gov/publicAPI/v1/timeseries/data/CUUR0000SEFV,2026-09-22T20:16:59+00:00,evidence/bls/CUUR0000SEFV.json,c8030294c2f3bc07a66dbd68512ea2674eb32f7efcfcbefe886b50e92b01dc03,
CUUR0000SEFV,"CPI-U: Food away from home, U.S. city average (NSA)",2024-09,371.604,index,bls,"FOOD-COST INDICATOR (index, not a lobster price)",https://api.bls.gov/publicAPI/v1/timeseries/data/CUUR0000SEFV,2026-09-22T20:16:59+00:00,evidence/bls/CUUR0000SEFV.json,c8030294c2f3bc07a66dbd68512ea2674eb32f7efcfcbefe886b50e92b01dc03,
CUUR0000SEFV,"CPI-U: Food away from home, U.S. city average (NSA)",2024-10,372.486,index,bls,"FOOD-COST INDICATOR (index, not a lobster price)",https://api.bls.gov/publicAPI/v1/timeseries/data/CUUR0000SEFV,2026-09-22T20:16:59+00:00,evidence/bls/CUUR0000SEFV.json,c8030294c2f3bc07a66dbd68512ea2674eb32f7efcfcbefe886b50e92b01dc03,
CUUR0000SEFV,"CPI-U: Food away from home, U.S. city average (NSA)",2024-11,373.53,index,bls,"FOOD-COST INDICATOR (index, not a lobster price)",https://api.bls.gov/publicAPI/v1/timeseries/data/CUUR0000SEFV,2026-09-22T20:16:59+00:00,evidence/bls/CUUR0000SEFV.json,c8030294c2f3bc07a66dbd68512ea2674eb32f7efcfcbefe886b50e92b01dc03,
CUUR0000SEFV,"CPI-U: Food away from home, U.S. city average (NSA)",2024-12,374.644,index,bls,"FOOD-COST INDICATOR (index, not a lobster price)",https://api.bls.gov/publicAPI/v1/timeseries/data/CUUR0000SEFV,2026-09-22T20:16:59+00:00,evidence/bls/CUUR0000SEFV.json,c8030294c2f3bc07a66dbd68512ea2674eb32f7efcfcbefe886b50e92b01dc03,
CUUR0000SEFV,"CPI-U: Food away from home, U.S. city average (NSA)",2025-01,375.532,index,bls,"FOOD-COST INDICATOR (index, not a lobster price)",https://api.bls.gov/publicAPI/v1/timeseries/data/CUUR0000SEFV,2026-09-22T20:16:59+00:00,evidence/bls/CUUR0000SEFV.json,c8030294c2f3bc07a66dbd68512ea2674eb32f7efcfcbefe886b50e92b01dc03,
CUUR0000SEFV,"CPI-U: Food away from home, U.S. city average (NSA)",2025-02,376.991,index,bls,"FOOD-COST INDICATOR (index, not a lobster price)",https://api.bls.gov/publicAPI/v1/timeseries/data/CUUR0000SEFV,2026-09-22T20:16:59+00:00,evidence/bls/CUUR0000SEFV.json,c8030294c2f3bc07a66dbd68512ea2674eb32f7efcfcbefe886b50e92b01dc03,
CUUR0000SEFV,"CPI-U: Food away from home, U.S. city average (NSA)",2025-03,378.363,index,bls,"FOOD-COST INDICATOR (index, not a lobster price)",https://api.bls.gov/publicAPI/v1/timeseries/data/CUUR0000SEFV,2026-09-22T20:16:59+00:00,evidence/bls/CUUR0000SEFV.json,c8030294c2f3bc07a66dbd68512ea2674eb32f7efcfcbefe886b50e92b01dc03,
CUUR0000SEFV,"CPI-U: Food away from home, U.S. city average (NSA)",2025-04,380.039,index,bls,"FOOD-COST INDICATOR (index, not a lobster price)",https://api.bls.gov/publicAPI/v1/timeseries/data/CUUR0000SEFV,2026-09-22T20:16:59+00:00,evidence/bls/CUUR0000SEFV.json,c8030294c2f3bc07a66dbd68512ea2674eb32f7efcfcbefe886b50e92b01dc03,
CUUR0000SEFV,"CPI-U: Food away from home, U.S. city average (NSA)",2025-05,381.228,index,bls,"FOOD-COST INDICATOR (index, not a lobster price)",https://api.bls.gov/publicAPI/v1/timeseries/data/CUUR0000SEFV,2026-09-22T20:16:59+00:00,evidence/bls/CUUR0000SEFV.json,c8030294c2f3bc07a66dbd68512ea2674eb32f7efcfcbefe886b50e92b01dc03,
CUUR0000SEFV,"CPI-U: Food away from home, U.S. city average (NSA)",2025-06,382.75,index,bls,"FOOD-COST INDICATOR (index, not a lobster price)",https://api.bls.gov/publicAPI/v1/timeseries/data/CUUR0000SEFV,2026-09-22T20:16:59+00:00,evidence/bls/CUUR0000SEFV.json,c8030294c2f3bc07a66dbd68512ea2674eb32f7efcfcbefe886b50e92b01dc03,
CUUR0000SEFV,"CPI-U: Food away from home, U.S. city average (NSA)",2025-07,383.808,index,bls,"FOOD-COST INDICATOR (index, not a lobster price)",https://api.bls.gov/publicAPI/v1/timeseries/data/CUUR0000SEFV,2026-09-22T20:16:59+00:00,evidence/bls/CUUR0000SEFV.json,c8030294c2f3bc07a66dbd68512ea2674eb32f7efcfcbefe886b50e92b01dc03,
CUUR0000SEFV,"CPI-U: Food away from home, U.S. city average (NSA)",2025-08,384.909,index,bls,"FOOD-COST INDICATOR (index, not a lobster price)",https://api.bls.gov/publicAPI/v1/timeseries/data/CUUR0000SEFV,2026-09-22T20:16:59+00:00,evidence/bls/CUUR0000SEFV.json,c8030294c2f3bc07a66dbd68512ea2674eb32f7efcfcbefe886b50e92b01dc03,
CUUR0000SEFV,"CPI-U: Food away from home, U.S. city average (NSA)",2025-09,385.451,index,bls,"FOOD-COST INDICATOR (index, not a lobster price)",https://api.bls.gov/publicAPI/v1/timeseries/data/CUUR0000SEFV,2026-09-22T20:16:59+00:00,evidence/bls/CUUR0000SEFV.json,c8030294c2f3bc07a66dbd68512ea2674eb32f7efcfcbefe886b50e92b01dc03,
CUUR0000SEFV,"CPI-U: Food away from home, U.S. city average (NSA)",2025-10,,index,bls,"FOOD-COST INDICATOR (index, not a lobster price)",https://api.bls.gov/publicAPI/v1/timeseries/data/CUUR0000SEFV,2026-09-22T20:16:59+00:00,evidence/bls/CUUR0000SEFV.json,c8030294c2f3bc07a66dbd68512ea2674eb32f7efcfcbefe886b50e92b01dc03,value not numeric as published: '-'
CUUR0000SEFV,"CPI-U: Food away from home, U.S. city average (NSA)",2025-11,387.202,index,bls,"FOOD-COST INDICATOR (index, not a lobster price)",https://api.bls.gov/publicAPI/v1/timeseries/data/CUUR0000SEFV,2026-09-22T20:16:59+00:00,evidence/bls/CUUR0000SEFV.json,c8030294c2f3bc07a66dbd68512ea2674eb32f7efcfcbefe886b50e92b01dc03,
CUUR0000SEFV,"CPI-U: Food away from home, U.S. city average (NSA)",2025-12,389.889,index,bls,"FOOD-COST INDICATOR (index, not a lobster price)",https://api.bls.gov/publicAPI/v1/timeseries/data/CUUR0000SEFV,2026-09-22T20:16:59+00:00,evidence/bls/CUUR0000SEFV.json,c8030294c2f3bc07a66dbd68512ea2674eb32f7efcfcbefe886b50e92b01dc03,
CUUR0000SEFV,"CPI-U: Food away from home, U.S. city average (NSA)",2026-01,390.471,index,bls,"FOOD-COST INDICATOR (index, not a lobster price)",https://api.bls.gov/publicAPI/v1/timeseries/data/CUUR0000SEFV,2026-09-22T20:16:59+00:00,evidence/bls/CUUR0000SEFV.json,c8030294c2f3bc07a66dbd68512ea2674eb32f7efcfcbefe886b50e92b01dc03,
CUUR0000SEFV,"CPI-U: Food away from home, U.S. city average (NSA)",2026-02,391.706,index,bls,"FOOD-COST INDICATOR (index, not a lobster price)",https://api.bls.gov/publicAPI/v1/timeseries/data/CUUR0000SEFV,2026-09-22T20:16:59+00:00,evidence/bls/CUUR0000SEFV.json,c8030294c2f3bc07a66dbd68512ea2674eb32f7efcfcbefe886b50e92b01dc03,
CUUR0000SEFV,"CPI-U: Food away from home, U.S. city average (NSA)",2026-03,392.652,index,bls,"FOOD-COST INDICATOR (index, not a lobster price)",https://api.bls.gov/publicAPI/v1/timeseries/data/CUUR0000SEFV,2026-09-22T20:16:59+00:00,evidence/bls/CUUR0000SEFV.json,c8030294c2f3bc07a66dbd68512ea2674eb32f7efcfcbefe886b50e92b01dc03,
CUUR0000SEFV,"CPI-U: Food away from home, U.S. city average (NSA)",2026-04,393.546,index,bls,"FOOD-COST INDICATOR (index, not a lobster price)",https://api.bls.gov/publicAPI/v1/timeseries/data/CUUR0000SEFV,2026-09-22T20:16:59+00:00,evidence/bls/CUUR0000SEFV.json,c8030294c2f3bc07a66dbd68512ea2674eb32f7efcfcbefe886b50e92b01dc03,
CUUR0000SEFV,"CPI-U: Food away from home, U.S. city average (NSA)",2026-05,394.728,index,bls,"FOOD-COST INDICATOR (index, not a lobster price)",https://api.bls.gov/publicAPI/v1/timeseries/data/CUUR0000SEFV,2026-09-22T20:16:59+00:00,evidence/bls/CUUR0000SEFV.json,c8030294c2f3bc07a66dbd68512ea2674eb32f7efcfcbefe886b50e92b01dc03,
CUUR0000SEFV,"CPI-U: Food away from home, U.S. city average (NSA)",2026-06,395.633,index,bls,"FOOD-COST INDICATOR (index, not a lobster price)",https://api.bls.gov/publicAPI/v1/timeseries/data/CUUR0000SEFV,2026-09-22T20:16:59+00:00,evidence/bls/CUUR0000SEFV.json,c8030294c2f3bc07a66dbd68512ea2674eb32f7efcfcbefe886b50e92b01dc03,
CUUR0000SEFV,"CPI-U: Food away from home, U.S. city average (NSA)",2026-07,396.859,index,bls,"FOOD-COST INDICATOR (index, not a lobster price)",https://api.bls.gov/publicAPI/v1/timeseries/data/CUUR0000SEFV,2026-09-22T20:16:59+00:00,evidence/bls/CUUR0000SEFV.json,c8030294c2f3bc07a66dbd68512ea2674eb32f7efcfcbefe886b50e92b01dc03,
CUUR0000SEFV,"CPI-U: Food away from home, U.S. city average (NSA)",2026-08,397.868,index,bls,"FOOD-COST INDICATOR (index, not a lobster price)",https://api.bls.gov/publicAPI/v1/timeseries/data/CUUR0000SEFV,2026-09-22T20:16:59+00:00,evidence/bls/CUUR0000SEFV.json,c8030294c2f3bc07a66dbd68512ea2674eb32f7efcfcbefe886b50e92b01dc03,
WPU0223,PPI commodity: Unprocessed and prepared seafood (NSA),2024-01,431.53,index,bls,"FOOD-COST INDICATOR (index, not a lobster price)",https://api.bls.gov/publicAPI/v1/timeseries/data/WPU0223,2026-09-22T20:16:59+00:00,evidence/bls/WPU0223.json,a982fcec8f9e672b91a5ec8bf89ff21f84a2f1df6acc2f2d530f17f3dd3dbd7f,
WPU0223,PPI commodity: Unprocessed and prepared seafood (NSA),2024-02,419.656,index,bls,"FOOD-COST INDICATOR (index, not a lobster price)",https://api.bls.gov/publicAPI/v1/timeseries/data/WPU0223,2026-09-22T20:16:59+00:00,evidence/bls/WPU0223.json,a982fcec8f9e672b91a5ec8bf89ff21f84a2f1df6acc2f2d530f17f3dd3dbd7f,
WPU0223,PPI commodity: Unprocessed and prepared seafood (NSA),2024-03,429.515,index,bls,"FOOD-COST INDICATOR (index, not a lobster price)",https://api.bls.gov/publicAPI/v1/timeseries/data/WPU0223,2026-09-22T20:16:59+00:00,evidence/bls/WPU0223.json,a982fcec8f9e672b91a5ec8bf89ff21f84a2f1df6acc2f2d530f17f3dd3dbd7f,
WPU0223,PPI commodity: Unprocessed and prepared seafood (NSA),2024-04,436.262,index,bls,"FOOD-COST INDICATOR (index, not a lobster price)",https://api.bls.gov/publicAPI/v1/timeseries/data/WPU0223,2026-09-22T20:16:59+00:00,evidence/bls/WPU0223.json,a982fcec8f9e672b91a5ec8bf89ff21f84a2f1df6acc2f2d530f17f3dd3dbd7f,
WPU0223,PPI commodity: Unprocessed and prepared seafood (NSA),2024-05,421.888,index,bls,"FOOD-COST INDICATOR (index, not a lobster price)",https://api.bls.gov/publicAPI/v1/timeseries/data/WPU0223,2026-09-22T20:16:59+00:00,evidence/bls/WPU0223.json,a982fcec8f9e672b91a5ec8bf89ff21f84a2f1df6acc2f2d530f17f3dd3dbd7f,
WPU0223,PPI commodity: Unprocessed and prepared seafood (NSA),2024-06,407.443,index,bls,"FOOD-COST INDICATOR (index, not a lobster price)",https://api.bls.gov/publicAPI/v1/timeseries/data/WPU0223,2026-09-22T20:16:59+00:00,evidence/bls/WPU0223.json,a982fcec8f9e672b91a5ec8bf89ff21f84a2f1df6acc2f2d530f17f3dd3dbd7f,
WPU0223,PPI commodity: Unprocessed and prepared seafood (NSA),2024-07,408.133,index,bls,"FOOD-COST INDICATOR (index, not a lobster price)",https://api.bls.gov/publicAPI/v1/timeseries/data/WPU0223,2026-09-22T20:16:59+00:00,evidence/bls/WPU0223.json,a982fcec8f9e672b91a5ec8bf89ff21f84a2f1df6acc2f2d530f17f3dd3dbd7f,
WPU0223,PPI commodity: Unprocessed and prepared seafood (NSA),2024-08,411.26,index,bls,"FOOD-COST INDICATOR (index, not a lobster price)",https://api.bls.gov/publicAPI/v1/timeseries/data/WPU0223,2026-09-22T20:16:59+00:00,evidence/bls/WPU0223.json,a982fcec8f9e672b91a5ec8bf89ff21f84a2f1df6acc2f2d530f17f3dd3dbd7f,
WPU0223,PPI commodity: Unprocessed and prepared seafood (NSA),2024-09,414.125,index,bls,"FOOD-COST INDICATOR (index, not a lobster price)",https://api.bls.gov/publicAPI/v1/timeseries/data/WPU0223,2026-09-22T20:16:59+00:00,evidence/bls/WPU0223.json,a982fcec8f9e672b91a5ec8bf89ff21f84a2f1df6acc2f2d530f17f3dd3dbd7f,
WPU0223,PPI commodity: Unprocessed and prepared seafood (NSA),2024-10,421.624,index,bls,"FOOD-COST INDICATOR (index, not a lobster price)",https://api.bls.gov/publicAPI/v1/timeseries/data/WPU0223,2026-09-22T20:16:59+00:00,evidence/bls/WPU0223.json,a982fcec8f9e672b91a5ec8bf89ff21f84a2f1df6acc2f2d530f17f3dd3dbd7f,
WPU0223,PPI commodity: Unprocessed and prepared seafood (NSA),2024-11,447.399,index,bls,"FOOD-COST INDICATOR (index, not a lobster price)",https://api.bls.gov/publicAPI/v1/timeseries/data/WPU0223,2026-09-22T20:16:59+00:00,evidence/bls/WPU0223.json,a982fcec8f9e672b91a5ec8bf89ff21f84a2f1df6acc2f2d530f17f3dd3dbd7f,
WPU0223,PPI commodity: Unprocessed and prepared seafood (NSA),2024-12,443.321,index,bls,"FOOD-COST INDICATOR (index, not a lobster price)",https://api.bls.gov/publicAPI/v1/timeseries/data/WPU0223,2026-09-22T20:16:59+00:00,evidence/bls/WPU0223.json,a982fcec8f9e672b91a5ec8bf89ff21f84a2f1df6acc2f2d530f17f3dd3dbd7f,
WPU0223,PPI commodity: Unprocessed and prepared seafood (NSA),2025-01,454.219,index,bls,"FOOD-COST INDICATOR (index, not a lobster price)",https://api.bls.gov/publicAPI/v1/timeseries/data/WPU0223,2026-09-22T20:16:59+00:00,evidence/bls/WPU0223.json,a982fcec8f9e672b91a5ec8bf89ff21f84a2f1df6acc2f2d530f17f3dd3dbd7f,
WPU0223,PPI commodity: Unprocessed and prepared seafood (NSA),2025-02,445.54,index,bls,"FOOD-COST INDICATOR (index, not a lobster price)",https://api.bls.gov/publicAPI/v1/timeseries/data/WPU0223,2026-09-22T20:16:59+00:00,evidence/bls/WPU0223.json,a982fcec8f9e672b91a5ec8bf89ff21f84a2f1df6acc2f2d530f17f3dd3dbd7f,
WPU0223,PPI commodity: Unprocessed and prepared seafood (NSA),2025-03,455.277,index,bls,"FOOD-COST INDICATOR (index, not a lobster price)",https://api.bls.gov/publicAPI/v1/timeseries/data/WPU0223,2026-09-22T20:16:59+00:00,evidence/bls/WPU0223.json,a982fcec8f9e672b91a5ec8bf89ff21f84a2f1df6acc2f2d530f17f3dd3dbd7f,
WPU0223,PPI commodity: Unprocessed and prepared seafood (NSA),2025-04,454.049,index,bls,"FOOD-COST INDICATOR (index, not a lobster price)",https://api.bls.gov/publicAPI/v1/timeseries/data/WPU0223,2026-09-22T20:16:59+00:00,evidence/bls/WPU0223.json,a982fcec8f9e672b91a5ec8bf89ff21f84a2f1df6acc2f2d530f17f3dd3dbd7f,
WPU0223,PPI commodity: Unprocessed and prepared seafood (NSA),2025-05,447.238,index,bls,"FOOD-COST INDICATOR (index, not a lobster price)",https://api.bls.gov/publicAPI/v1/timeseries/data/WPU0223,2026-09-22T20:16:59+00:00,evidence/bls/WPU0223.json,a982fcec8f9e672b91a5ec8bf89ff21f84a2f1df6acc2f2d530f17f3dd3dbd7f,
WPU0223,PPI commodity: Unprocessed and prepared seafood (NSA),2025-06,431.336,index,bls,"FOOD-COST INDICATOR (index, not a lobster price)",https://api.bls.gov/publicAPI/v1/timeseries/data/WPU0223,2026-09-22T20:16:59+00:00,evidence/bls/WPU0223.json,a982fcec8f9e672b91a5ec8bf89ff21f84a2f1df6acc2f2d530f17f3dd3dbd7f,
WPU0223,PPI commodity: Unprocessed and prepared seafood (NSA),2025-07,439.192,index,bls,"FOOD-COST INDICATOR (index, not a lobster price)",https://api.bls.gov/publicAPI/v1/timeseries/data/WPU0223,2026-09-22T20:16:59+00:00,evidence/bls/WPU0223.json,a982fcec8f9e672b91a5ec8bf89ff21f84a2f1df6acc2f2d530f17f3dd3dbd7f,
WPU0223,PPI commodity: Unprocessed and prepared seafood (NSA),2025-08,440.19,index,bls,"FOOD-COST INDICATOR (index, not a lobster price)",https://api.bls.gov/publicAPI/v1/timeseries/data/WPU0223,2026-09-22T20:16:59+00:00,evidence/bls/WPU0223.json,a982fcec8f9e672b91a5ec8bf89ff21f84a2f1df6acc2f2d530f17f3dd3dbd7f,
WPU0223,PPI commodity: Unprocessed and prepared seafood (NSA),2025-09,452.547,index,bls,"FOOD-COST INDICATOR (index, not a lobster price)",https://api.bls.gov/publicAPI/v1/timeseries/data/WPU0223,2026-09-22T20:16:59+00:00,evidence/bls/WPU0223.json,a982fcec8f9e672b91a5ec8bf89ff21f84a2f1df6acc2f2d530f17f3dd3dbd7f,
WPU0223,PPI commodity: Unprocessed and prepared seafood (NSA),2025-10,471.489,index,bls,"FOOD-COST INDICATOR (index, not a lobster price)",https://api.bls.gov/publicAPI/v1/timeseries/data/WPU0223,2026-09-22T20:16:59+00:00,evidence/bls/WPU0223.json,a982fcec8f9e672b91a5ec8bf89ff21f84a2f1df6acc2f2d530f17f3dd3dbd7f,
WPU0223,PPI commodity: Unprocessed and prepared seafood (NSA),2025-11,470.087,index,bls,"FOOD-COST INDICATOR (index, not a lobster price)",https://api.bls.gov/publicAPI/v1/timeseries/data/WPU0223,2026-09-22T20:16:59+00:00,evidence/bls/WPU0223.json,a982fcec8f9e672b91a5ec8bf89ff21f84a2f1df6acc2f2d530f17f3dd3dbd7f,
WPU0223,PPI commodity: Unprocessed and prepared seafood (NSA),2025-12,469.556,index,bls,"FOOD-COST INDICATOR (index, not a lobster price)",https://api.bls.gov/publicAPI/v1/timeseries/data/WPU0223,2026-09-22T20:16:59+00:00,evidence/bls/WPU0223.json,a982fcec8f9e672b91a5ec8bf89ff21f84a2f1df6acc2f2d530f17f3dd3dbd7f,
WPU0223,PPI commodity: Unprocessed and prepared seafood (NSA),2026-01,471.589,index,bls,"FOOD-COST INDICATOR (index, not a lobster price)",https://api.bls.gov/publicAPI/v1/timeseries/data/WPU0223,2026-09-22T20:16:59+00:00,evidence/bls/WPU0223.json,a982fcec8f9e672b91a5ec8bf89ff21f84a2f1df6acc2f2d530f17f3dd3dbd7f,
WPU0223,PPI commodity: Unprocessed and prepared seafood (NSA),2026-02,486.44,index,bls,"FOOD-COST INDICATOR (index, not a lobster price)",https://api.bls.gov/publicAPI/v1/timeseries/data/WPU0223,2026-09-22T20:16:59+00:00,evidence/bls/WPU0223.json,a982fcec8f9e672b91a5ec8bf89ff21f84a2f1df6acc2f2d530f17f3dd3dbd7f,
WPU0223,PPI commodity: Unprocessed and prepared seafood (NSA),2026-03,486.535,index,bls,"FOOD-COST INDICATOR (index, not a lobster price)",https://api.bls.gov/publicAPI/v1/timeseries/data/WPU0223,2026-09-22T20:16:59+00:00,evidence/bls/WPU0223.json,a982fcec8f9e672b91a5ec8bf89ff21f84a2f1df6acc2f2d530f17f3dd3dbd7f,
WPU0223,PPI commodity: Unprocessed and prepared seafood (NSA),2026-04,509.017,index,bls,"FOOD-COST INDICATOR (index, not a lobster price)",https://api.bls.gov/publicAPI/v1/timeseries/data/WPU0223,2026-09-22T20:16:59+00:00,evidence/bls/WPU0223.json,a982fcec8f9e672b91a5ec8bf89ff21f84a2f1df6acc2f2d530f17f3dd3dbd7f,
WPU0223,PPI commodity: Unprocessed and prepared seafood (NSA),2026-05,480.843,index,bls,"FOOD-COST INDICATOR (index, not a lobster price)",https://api.bls.gov/publicAPI/v1/timeseries/data/WPU0223,2026-09-22T20:16:59+00:00,evidence/bls/WPU0223.json,a982fcec8f9e672b91a5ec8bf89ff21f84a2f1df6acc2f2d530f17f3dd3dbd7f,preliminary
WPU0223,PPI commodity: Unprocessed and prepared seafood (NSA),2026-06,485.869,index,bls,"FOOD-COST INDICATOR (index, not a lobster price)",https://api.bls.gov/publicAPI/v1/timeseries/data/WPU0223,2026-09-22T20:16:59+00:00,evidence/bls/WPU0223.json,a982fcec8f9e672b91a5ec8bf89ff21f84a2f1df6acc2f2d530f17f3dd3dbd7f,preliminary
WPU0223,PPI commodity: Unprocessed and prepared seafood (NSA),2026-07,495.009,index,bls,"FOOD-COST INDICATOR (index, not a lobster price)",https://api.bls.gov/publicAPI/v1/timeseries/data/WPU0223,2026-09-22T20:16:59+00:00,evidence/bls/WPU0223.json,a982fcec8f9e672b91a5ec8bf89ff21f84a2f1df6acc2f2d530f17f3dd3dbd7f,preliminary
WPU0223,PPI commodity: Unprocessed and prepared seafood (NSA),2026-08,490.975,index,bls,"FOOD-COST INDICATOR (index, not a lobster price)",https://api.bls.gov/publicAPI/v1/timeseries/data/WPU0223,2026-09-22T20:16:59+00:00,evidence/bls/WPU0223.json,a982fcec8f9e672b91a5ec8bf89ff21f84a2f1df6acc2f2d530f17f3dd3dbd7f,preliminary
WPU02230503,"PPI commodity: Lobsters (Dec 1991=100, NSA)",2024-01,257.123,index,bls,"FOOD-COST INDICATOR (index, not a lobster price)",https://api.bls.gov/publicAPI/v1/timeseries/data/WPU02230503,2026-09-22T20:16:59+00:00,evidence/bls/WPU02230503.json,064dc1b580f123baefefca41fd2b3bce67bfaf7a78f0d224d9fc2effe9b7c002,
WPU02230503,"PPI commodity: Lobsters (Dec 1991=100, NSA)",2024-02,313.726,index,bls,"FOOD-COST INDICATOR (index, not a lobster price)",https://api.bls.gov/publicAPI/v1/timeseries/data/WPU02230503,2026-09-22T20:16:59+00:00,evidence/bls/WPU02230503.json,064dc1b580f123baefefca41fd2b3bce67bfaf7a78f0d224d9fc2effe9b7c002,
WPU02230503,"PPI commodity: Lobsters (Dec 1991=100, NSA)",2024-03,364.339,index,bls,"FOOD-COST INDICATOR (index, not a lobster price)",https://api.bls.gov/publicAPI/v1/timeseries/data/WPU02230503,2026-09-22T20:16:59+00:00,evidence/bls/WPU02230503.json,064dc1b580f123baefefca41fd2b3bce67bfaf7a78f0d224d9fc2effe9b7c002,
WPU02230503,"PPI commodity: Lobsters (Dec 1991=100, NSA)",2024-04,334.543,index,bls,"FOOD-COST INDICATOR (index, not a lobster price)",https://api.bls.gov/publicAPI/v1/timeseries/data/WPU02230503,2026-09-22T20:16:59+00:00,evidence/bls/WPU02230503.json,064dc1b580f123baefefca41fd2b3bce67bfaf7a78f0d224d9fc2effe9b7c002,
WPU02230503,"PPI commodity: Lobsters (Dec 1991=100, NSA)",2024-05,174.676,index,bls,"FOOD-COST INDICATOR (index, not a lobster price)",https://api.bls.gov/publicAPI/v1/timeseries/data/WPU02230503,2026-09-22T20:16:59+00:00,evidence/bls/WPU02230503.json,064dc1b580f123baefefca41fd2b3bce67bfaf7a78f0d224d9fc2effe9b7c002,
WPU02230503,"PPI commodity: Lobsters (Dec 1991=100, NSA)",2024-06,143.002,index,bls,"FOOD-COST INDICATOR (index, not a lobster price)",https://api.bls.gov/publicAPI/v1/timeseries/data/WPU02230503,2026-09-22T20:16:59+00:00,evidence/bls/WPU02230503.json,064dc1b580f123baefefca41fd2b3bce67bfaf7a78f0d224d9fc2effe9b7c002,
WPU02230503,"PPI commodity: Lobsters (Dec 1991=100, NSA)",2024-07,174.9,index,bls,"FOOD-COST INDICATOR (index, not a lobster price)",https://api.bls.gov/publicAPI/v1/timeseries/data/WPU02230503,2026-09-22T20:16:59+00:00,evidence/bls/WPU02230503.json,064dc1b580f123baefefca41fd2b3bce67bfaf7a78f0d224d9fc2effe9b7c002,
WPU02230503,"PPI commodity: Lobsters (Dec 1991=100, NSA)",2024-08,199.803,index,bls,"FOOD-COST INDICATOR (index, not a lobster price)",https://api.bls.gov/publicAPI/v1/timeseries/data/WPU02230503,2026-09-22T20:16:59+00:00,evidence/bls/WPU02230503.json,064dc1b580f123baefefca41fd2b3bce67bfaf7a78f0d224d9fc2effe9b7c002,
WPU02230503,"PPI commodity: Lobsters (Dec 1991=100, NSA)",2024-09,203.719,index,bls,"FOOD-COST INDICATOR (index, not a lobster price)",https://api.bls.gov/publicAPI/v1/timeseries/data/WPU02230503,2026-09-22T20:16:59+00:00,evidence/bls/WPU02230503.json,064dc1b580f123baefefca41fd2b3bce67bfaf7a78f0d224d9fc2effe9b7c002,
WPU02230503,"PPI commodity: Lobsters (Dec 1991=100, NSA)",2024-10,219.724,index,bls,"FOOD-COST INDICATOR (index, not a lobster price)",https://api.bls.gov/publicAPI/v1/timeseries/data/WPU02230503,2026-09-22T20:16:59+00:00,evidence/bls/WPU02230503.json,064dc1b580f123baefefca41fd2b3bce67bfaf7a78f0d224d9fc2effe9b7c002,
WPU02230503,"PPI commodity: Lobsters (Dec 1991=100, NSA)",2024-11,222.396,index,bls,"FOOD-COST INDICATOR (index, not a lobster price)",https://api.bls.gov/publicAPI/v1/timeseries/data/WPU02230503,2026-09-22T20:16:59+00:00,evidence/bls/WPU02230503.json,064dc1b580f123baefefca41fd2b3bce67bfaf7a78f0d224d9fc2effe9b7c002,
WPU02230503,"PPI commodity: Lobsters (Dec 1991=100, NSA)",2024-12,233.594,index,bls,"FOOD-COST INDICATOR (index, not a lobster price)",https://api.bls.gov/publicAPI/v1/timeseries/data/WPU02230503,2026-09-22T20:16:59+00:00,evidence/bls/WPU02230503.json,064dc1b580f123baefefca41fd2b3bce67bfaf7a78f0d224d9fc2effe9b7c002,
WPU02230503,"PPI commodity: Lobsters (Dec 1991=100, NSA)",2025-01,257.471,index,bls,"FOOD-COST INDICATOR (index, not a lobster price)",https://api.bls.gov/publicAPI/v1/timeseries/data/WPU02230503,2026-09-22T20:16:59+00:00,evidence/bls/WPU02230503.json,064dc1b580f123baefefca41fd2b3bce67bfaf7a78f0d224d9fc2effe9b7c002,
WPU02230503,"PPI commodity: Lobsters (Dec 1991=100, NSA)",2025-02,285.503,index,bls,"FOOD-COST INDICATOR (index, not a lobster price)",https://api.bls.gov/publicAPI/v1/timeseries/data/WPU02230503,2026-09-22T20:16:59+00:00,evidence/bls/WPU02230503.json,064dc1b580f123baefefca41fd2b3bce67bfaf7a78f0d224d9fc2effe9b7c002,
WPU02230503,"PPI commodity: Lobsters (Dec 1991=100, NSA)",2025-03,315.397,index,bls,"FOOD-COST INDICATOR (index, not a lobster price)",https://api.bls.gov/publicAPI/v1/timeseries/data/WPU02230503,2026-09-22T20:16:59+00:00,evidence/bls/WPU02230503.json,064dc1b580f123baefefca41fd2b3bce67bfaf7a78f0d224d9fc2effe9b7c002,
WPU02230503,"PPI commodity: Lobsters (Dec 1991=100, NSA)",2025-04,304.462,index,bls,"FOOD-COST INDICATOR (index, not a lobster price)",https://api.bls.gov/publicAPI/v1/timeseries/data/WPU02230503,2026-09-22T20:16:59+00:00,evidence/bls/WPU02230503.json,064dc1b580f123baefefca41fd2b3bce67bfaf7a78f0d224d9fc2effe9b7c002,
WPU02230503,"PPI commodity: Lobsters (Dec 1991=100, NSA)",2025-05,159.851,index,bls,"FOOD-COST INDICATOR (index, not a lobster price)",https://api.bls.gov/publicAPI/v1/timeseries/data/WPU02230503,2026-09-22T20:16:59+00:00,evidence/bls/WPU02230503.json,064dc1b580f123baefefca41fd2b3bce67bfaf7a78f0d224d9fc2effe9b7c002,
WPU02230503,"PPI commodity: Lobsters (Dec 1991=100, NSA)",2025-06,154.82,index,bls,"FOOD-COST INDICATOR (index, not a lobster price)",https://api.bls.gov/publicAPI/v1/timeseries/data/WPU02230503,2026-09-22T20:16:59+00:00,evidence/bls/WPU02230503.json,064dc1b580f123baefefca41fd2b3bce67bfaf7a78f0d224d9fc2effe9b7c002,
WPU02230503,"PPI commodity: Lobsters (Dec 1991=100, NSA)",2025-07,200.14,index,bls,"FOOD-COST INDICATOR (index, not a lobster price)",https://api.bls.gov/publicAPI/v1/timeseries/data/WPU02230503,2026-09-22T20:16:59+00:00,evidence/bls/WPU02230503.json,064dc1b580f123baefefca41fd2b3bce67bfaf7a78f0d224d9fc2effe9b7c002,
WPU02230503,"PPI commodity: Lobsters (Dec 1991=100, NSA)",2025-08,201.749,index,bls,"FOOD-COST INDICATOR (index, not a lobster price)",https://api.bls.gov/publicAPI/v1/timeseries/data/WPU02230503,2026-09-22T20:16:59+00:00,evidence/bls/WPU02230503.json,064dc1b580f123baefefca41fd2b3bce67bfaf7a78f0d224d9fc2effe9b7c002,
WPU02230503,"PPI commodity: Lobsters (Dec 1991=100, NSA)",2025-09,201.466,index,bls,"FOOD-COST INDICATOR (index, not a lobster price)",https://api.bls.gov/publicAPI/v1/timeseries/data/WPU02230503,2026-09-22T20:16:59+00:00,evidence/bls/WPU02230503.json,064dc1b580f123baefefca41fd2b3bce67bfaf7a78f0d224d9fc2effe9b7c002,
WPU02230503,"PPI commodity: Lobsters (Dec 1991=100, NSA)",2025-10,210.762,index,bls,"FOOD-COST INDICATOR (index, not a lobster price)",https://api.bls.gov/publicAPI/v1/timeseries/data/WPU02230503,2026-09-22T20:16:59+00:00,evidence/bls/WPU02230503.json,064dc1b580f123baefefca41fd2b3bce67bfaf7a78f0d224d9fc2effe9b7c002,
WPU02230503,"PPI commodity: Lobsters (Dec 1991=100, NSA)",2025-11,210.094,index,bls,"FOOD-COST INDICATOR (index, not a lobster price)",https://api.bls.gov/publicAPI/v1/timeseries/data/WPU02230503,2026-09-22T20:16:59+00:00,evidence/bls/WPU02230503.json,064dc1b580f123baefefca41fd2b3bce67bfaf7a78f0d224d9fc2effe9b7c002,
WPU02230503,"PPI commodity: Lobsters (Dec 1991=100, NSA)",2025-12,195.07,index,bls,"FOOD-COST INDICATOR (index, not a lobster price)",https://api.bls.gov/publicAPI/v1/timeseries/data/WPU02230503,2026-09-22T20:16:59+00:00,evidence/bls/WPU02230503.json,064dc1b580f123baefefca41fd2b3bce67bfaf7a78f0d224d9fc2effe9b7c002,
WPU02230503,"PPI commodity: Lobsters (Dec 1991=100, NSA)",2026-01,238.864,index,bls,"FOOD-COST INDICATOR (index, not a lobster price)",https://api.bls.gov/publicAPI/v1/timeseries/data/WPU02230503,2026-09-22T20:16:59+00:00,evidence/bls/WPU02230503.json,064dc1b580f123baefefca41fd2b3bce67bfaf7a78f0d224d9fc2effe9b7c002,
WPU02230503,"PPI commodity: Lobsters (Dec 1991=100, NSA)",2026-02,315.066,index,bls,"FOOD-COST INDICATOR (index, not a lobster price)",https://api.bls.gov/publicAPI/v1/timeseries/data/WPU02230503,2026-09-22T20:16:59+00:00,evidence/bls/WPU02230503.json,064dc1b580f123baefefca41fd2b3bce67bfaf7a78f0d224d9fc2effe9b7c002,
WPU02230503,"PPI commodity: Lobsters (Dec 1991=100, NSA)",2026-03,334.154,index,bls,"FOOD-COST INDICATOR (index, not a lobster price)",https://api.bls.gov/publicAPI/v1/timeseries/data/WPU02230503,2026-09-22T20:16:59+00:00,evidence/bls/WPU02230503.json,064dc1b580f123baefefca41fd2b3bce67bfaf7a78f0d224d9fc2effe9b7c002,
WPU02230503,"PPI commodity: Lobsters (Dec 1991=100, NSA)",2026-04,301.91,index,bls,"FOOD-COST INDICATOR (index, not a lobster price)",https://api.bls.gov/publicAPI/v1/timeseries/data/WPU02230503,2026-09-22T20:16:59+00:00,evidence/bls/WPU02230503.json,064dc1b580f123baefefca41fd2b3bce67bfaf7a78f0d224d9fc2effe9b7c002,
WPU02230503,"PPI commodity: Lobsters (Dec 1991=100, NSA)",2026-05,184.814,index,bls,"FOOD-COST INDICATOR (index, not a lobster price)",https://api.bls.gov/publicAPI/v1/timeseries/data/WPU02230503,2026-09-22T20:16:59+00:00,evidence/bls/WPU02230503.json,064dc1b580f123baefefca41fd2b3bce67bfaf7a78f0d224d9fc2effe9b7c002,preliminary
WPU02230503,"PPI commodity: Lobsters (Dec 1991=100, NSA)",2026-06,161.835,index,bls,"FOOD-COST INDICATOR (index, not a lobster price)",https://api.bls.gov/publicAPI/v1/timeseries/data/WPU02230503,2026-09-22T20:16:59+00:00,evidence/bls/WPU02230503.json,064dc1b580f123baefefca41fd2b3bce67bfaf7a78f0d224d9fc2effe9b7c002,preliminary
WPU02230503,"PPI commodity: Lobsters (Dec 1991=100, NSA)",2026-07,191.895,index,bls,"FOOD-COST INDICATOR (index, not a lobster price)",https://api.bls.gov/publicAPI/v1/timeseries/data/WPU02230503,2026-09-22T20:16:59+00:00,evidence/bls/WPU02230503.json,064dc1b580f123baefefca41fd2b3bce67bfaf7a78f0d224d9fc2effe9b7c002,preliminary
WPU02230503,"PPI commodity: Lobsters (Dec 1991=100, NSA)",2026-08,191.941,index,bls,"FOOD-COST INDICATOR (index, not a lobster price)",https://api.bls.gov/publicAPI/v1/timeseries/data/WPU02230503,2026-09-22T20:16:59+00:00,evidence/bls/WPU02230503.json,064dc1b580f123baefefca41fd2b3bce67bfaf7a78f0d224d9fc2effe9b7c002,preliminary
WPUFD4111,PPI final demand: Finished consumer foods (NSA),2024-01,266.406,index,bls,"FOOD-COST INDICATOR (index, not a lobster price)",https://api.bls.gov/publicAPI/v1/timeseries/data/WPUFD4111,2026-09-22T20:16:59+00:00,evidence/bls/WPUFD4111.json,6b448502d8d100956f2cb2670b47cefbafa89c3c37f1389da4a21ee2b4d983e6,
WPUFD4111,PPI final demand: Finished consumer foods (NSA),2024-02,270.705,index,bls,"FOOD-COST INDICATOR (index, not a lobster price)",https://api.bls.gov/publicAPI/v1/timeseries/data/WPUFD4111,2026-09-22T20:16:59+00:00,evidence/bls/WPUFD4111.json,6b448502d8d100956f2cb2670b47cefbafa89c3c37f1389da4a21ee2b4d983e6,
WPUFD4111,PPI final demand: Finished consumer foods (NSA),2024-03,271.952,index,bls,"FOOD-COST INDICATOR (index, not a lobster price)",https://api.bls.gov/publicAPI/v1/timeseries/data/WPUFD4111,2026-09-22T20:16:59+00:00,evidence/bls/WPUFD4111.json,6b448502d8d100956f2cb2670b47cefbafa89c3c37f1389da4a21ee2b4d983e6,
WPUFD4111,PPI final demand: Finished consumer foods (NSA),2024-04,271.768,index,bls,"FOOD-COST INDICATOR (index, not a lobster price)",https://api.bls.gov/publicAPI/v1/timeseries/data/WPUFD4111,2026-09-22T20:16:59+00:00,evidence/bls/WPUFD4111.json,6b448502d8d100956f2cb2670b47cefbafa89c3c37f1389da4a21ee2b4d983e6,
WPUFD4111,PPI final demand: Finished consumer foods (NSA),2024-05,270.74,index,bls,"FOOD-COST INDICATOR (index, not a lobster price)",https://api.bls.gov/publicAPI/v1/timeseries/data/WPUFD4111,2026-09-22T20:16:59+00:00,evidence/bls/WPUFD4111.json,6b448502d8d100956f2cb2670b47cefbafa89c3c37f1389da4a21ee2b4d983e6,
WPUFD4111,PPI final demand: Finished consumer foods (NSA),2024-06,273.078,index,bls,"FOOD-COST INDICATOR (index, not a lobster price)",https://api.bls.gov/publicAPI/v1/timeseries/data/WPUFD4111,2026-09-22T20:16:59+00:00,evidence/bls/WPUFD4111.json,6b448502d8d100956f2cb2670b47cefbafa89c3c37f1389da4a21ee2b4d983e6,
WPUFD4111,PPI final demand: Finished consumer foods (NSA),2024-07,273.281,index,bls,"FOOD-COST INDICATOR (index, not a lobster price)",https://api.bls.gov/publicAPI/v1/timeseries/data/WPUFD4111,2026-09-22T20:16:59+00:00,evidence/bls/WPUFD4111.json,6b448502d8d100956f2cb2670b47cefbafa89c3c37f1389da4a21ee2b4d983e6,
WPUFD4111,PPI final demand: Finished consumer foods (NSA),2024-08,276.049,index,bls,"FOOD-COST INDICATOR (index, not a lobster price)",https://api.bls.gov/publicAPI/v1/timeseries/data/WPUFD4111,2026-09-22T20:16:59+00:00,evidence/bls/WPUFD4111.json,6b448502d8d100956f2cb2670b47cefbafa89c3c37f1389da4a21ee2b4d983e6,
WPUFD4111,PPI final demand: Finished consumer foods (NSA),2024-09,277.392,index,bls,"FOOD-COST INDICATOR (index, not a lobster price)",https://api.bls.gov/publicAPI/v1/timeseries/data/WPUFD4111,2026-09-22T20:16:59+00:00,evidence/bls/WPUFD4111.json,6b448502d8d100956f2cb2670b47cefbafa89c3c37f1389da4a21ee2b4d983e6,
WPUFD4111,PPI final demand: Finished consumer foods (NSA),2024-10,274.832,index,bls,"FOOD-COST INDICATOR (index, not a lobster price)",https://api.bls.gov/publicAPI/v1/timeseries/data/WPUFD4111,2026-09-22T20:16:59+00:00,evidence/bls/WPUFD4111.json,6b448502d8d100956f2cb2670b47cefbafa89c3c37f1389da4a21ee2b4d983e6,
WPUFD4111,PPI final demand: Finished consumer foods (NSA),2024-11,283.751,index,bls,"FOOD-COST INDICATOR (index, not a lobster price)",https://api.bls.gov/publicAPI/v1/timeseries/data/WPUFD4111,2026-09-22T20:16:59+00:00,evidence/bls/WPUFD4111.json,6b448502d8d100956f2cb2670b47cefbafa89c3c37f1389da4a21ee2b4d983e6,
WPUFD4111,PPI final demand: Finished consumer foods (NSA),2024-12,282.05,index,bls,"FOOD-COST INDICATOR (index, not a lobster price)",https://api.bls.gov/publicAPI/v1/timeseries/data/WPUFD4111,2026-09-22T20:16:59+00:00,evidence/bls/WPUFD4111.json,6b448502d8d100956f2cb2670b47cefbafa89c3c37f1389da4a21ee2b4d983e6,
WPUFD4111,PPI final demand: Finished consumer foods (NSA),2025-01,284.049,index,bls,"FOOD-COST INDICATOR (index, not a lobster price)",https://api.bls.gov/publicAPI/v1/timeseries/data/WPUFD4111,2026-09-22T20:16:59+00:00,evidence/bls/WPUFD4111.json,6b448502d8d100956f2cb2670b47cefbafa89c3c37f1389da4a21ee2b4d983e6,
WPUFD4111,PPI final demand: Finished consumer foods (NSA),2025-02,288.71,index,bls,"FOOD-COST INDICATOR (index, not a lobster price)",https://api.bls.gov/publicAPI/v1/timeseries/data/WPUFD4111,2026-09-22T20:16:59+00:00,evidence/bls/WPUFD4111.json,6b448502d8d100956f2cb2670b47cefbafa89c3c37f1389da4a21ee2b4d983e6,
WPUFD4111,PPI final demand: Finished consumer foods (NSA),2025-03,283.611,index,bls,"FOOD-COST INDICATOR (index, not a lobster price)",https://api.bls.gov/publicAPI/v1/timeseries/data/WPUFD4111,2026-09-22T20:16:59+00:00,evidence/bls/WPUFD4111.json,6b448502d8d100956f2cb2670b47cefbafa89c3c37f1389da4a21ee2b4d983e6,
WPUFD4111,PPI final demand: Finished consumer foods (NSA),2025-04,280.517,index,bls,"FOOD-COST INDICATOR (index, not a lobster price)",https://api.bls.gov/publicAPI/v1/timeseries/data/WPUFD4111,2026-09-22T20:16:59+00:00,evidence/bls/WPUFD4111.json,6b448502d8d100956f2cb2670b47cefbafa89c3c37f1389da4a21ee2b4d983e6,
WPUFD4111,PPI final demand: Finished consumer foods (NSA),2025-05,281.069,index,bls,"FOOD-COST INDICATOR (index, not a lobster price)",https://api.bls.gov/publicAPI/v1/timeseries/data/WPUFD4111,2026-09-22T20:16:59+00:00,evidence/bls/WPUFD4111.json,6b448502d8d100956f2cb2670b47cefbafa89c3c37f1389da4a21ee2b4d983e6,
WPUFD4111,PPI final demand: Finished consumer foods (NSA),2025-06,282.233,index,bls,"FOOD-COST INDICATOR (index, not a lobster price)",https://api.bls.gov/publicAPI/v1/timeseries/data/WPUFD4111,2026-09-22T20:16:59+00:00,evidence/bls/WPUFD4111.json,6b448502d8d100956f2cb2670b47cefbafa89c3c37f1389da4a21ee2b4d983e6,
WPUFD4111,PPI final demand: Finished consumer foods (NSA),2025-07,285.882,index,bls,"FOOD-COST INDICATOR (index, not a lobster price)",https://api.bls.gov/publicAPI/v1/timeseries/data/WPUFD4111,2026-09-22T20:16:59+00:00,evidence/bls/WPUFD4111.json,6b448502d8d100956f2cb2670b47cefbafa89c3c37f1389da4a21ee2b4d983e6,
WPUFD4111,PPI final demand: Finished consumer foods (NSA),2025-08,284.648,index,bls,"FOOD-COST INDICATOR (index, not a lobster price)",https://api.bls.gov/publicAPI/v1/timeseries/data/WPUFD4111,2026-09-22T20:16:59+00:00,evidence/bls/WPUFD4111.json,6b448502d8d100956f2cb2670b47cefbafa89c3c37f1389da4a21ee2b4d983e6,
WPUFD4111,PPI final demand: Finished consumer foods (NSA),2025-09,286.618,index,bls,"FOOD-COST INDICATOR (index, not a lobster price)",https://api.bls.gov/publicAPI/v1/timeseries/data/WPUFD4111,2026-09-22T20:16:59+00:00,evidence/bls/WPUFD4111.json,6b448502d8d100956f2cb2670b47cefbafa89c3c37f1389da4a21ee2b4d983e6,
WPUFD4111,PPI final demand: Finished consumer foods (NSA),2025-10,285.333,index,bls,"FOOD-COST INDICATOR (index, not a lobster price)",https://api.bls.gov/publicAPI/v1/timeseries/data/WPUFD4111,2026-09-22T20:16:59+00:00,evidence/bls/WPUFD4111.json,6b448502d8d100956f2cb2670b47cefbafa89c3c37f1389da4a21ee2b4d983e6,
WPUFD4111,PPI final demand: Finished consumer foods (NSA),2025-11,287.211,index,bls,"FOOD-COST INDICATOR (index, not a lobster price)",https://api.bls.gov/publicAPI/v1/timeseries/data/WPUFD4111,2026-09-22T20:16:59+00:00,evidence/bls/WPUFD4111.json,6b448502d8d100956f2cb2670b47cefbafa89c3c37f1389da4a21ee2b4d983e6,
WPUFD4111,PPI final demand: Finished consumer foods (NSA),2025-12,284.275,index,bls,"FOOD-COST INDICATOR (index, not a lobster price)",https://api.bls.gov/publicAPI/v1/timeseries/data/WPUFD4111,2026-09-22T20:16:59+00:00,evidence/bls/WPUFD4111.json,6b448502d8d100956f2cb2670b47cefbafa89c3c37f1389da4a21ee2b4d983e6,
WPUFD4111,PPI final demand: Finished consumer foods (NSA),2026-01,279.91,index,bls,"FOOD-COST INDICATOR (index, not a lobster price)",https://api.bls.gov/publicAPI/v1/timeseries/data/WPUFD4111,2026-09-22T20:16:59+00:00,evidence/bls/WPUFD4111.json,6b448502d8d100956f2cb2670b47cefbafa89c3c37f1389da4a21ee2b4d983e6,
WPUFD4111,PPI final demand: Finished consumer foods (NSA),2026-02,286.288,index,bls,"FOOD-COST INDICATOR (index, not a lobster price)",https://api.bls.gov/publicAPI/v1/timeseries/data/WPUFD4111,2026-09-22T20:16:59+00:00,evidence/bls/WPUFD4111.json,6b448502d8d100956f2cb2670b47cefbafa89c3c37f1389da4a21ee2b4d983e6,
WPUFD4111,PPI final demand: Finished consumer foods (NSA),2026-03,285.147,index,bls,"FOOD-COST INDICATOR (index, not a lobster price)",https://api.bls.gov/publicAPI/v1/timeseries/data/WPUFD4111,2026-09-22T20:16:59+00:00,evidence/bls/WPUFD4111.json,6b448502d8d100956f2cb2670b47cefbafa89c3c37f1389da4a21ee2b4d983e6,
WPUFD4111,PPI final demand: Finished consumer foods (NSA),2026-04,286.048,index,bls,"FOOD-COST INDICATOR (index, not a lobster price)",https://api.bls.gov/publicAPI/v1/timeseries/data/WPUFD4111,2026-09-22T20:16:59+00:00,evidence/bls/WPUFD4111.json,6b448502d8d100956f2cb2670b47cefbafa89c3c37f1389da4a21ee2b4d983e6,
WPUFD4111,PPI final demand: Finished consumer foods (NSA),2026-05,287.358,index,bls,"FOOD-COST INDICATOR (index, not a lobster price)",https://api.bls.gov/publicAPI/v1/timeseries/data/WPUFD4111,2026-09-22T20:16:59+00:00,evidence/bls/WPUFD4111.json,6b448502d8d100956f2cb2670b47cefbafa89c3c37f1389da4a21ee2b4d983e6,preliminary
WPUFD4111,PPI final demand: Finished consumer foods (NSA),2026-06,286.951,index,bls,"FOOD-COST INDICATOR (index, not a lobster price)",https://api.bls.gov/publicAPI/v1/timeseries/data/WPUFD4111,2026-09-22T20:16:59+00:00,evidence/bls/WPUFD4111.json,6b448502d8d100956f2cb2670b47cefbafa89c3c37f1389da4a21ee2b4d983e6,preliminary
WPUFD4111,PPI final demand: Finished consumer foods (NSA),2026-07,283.704,index,bls,"FOOD-COST INDICATOR (index, not a lobster price)",https://api.bls.gov/publicAPI/v1/timeseries/data/WPUFD4111,2026-09-22T20:16:59+00:00,evidence/bls/WPUFD4111.json,6b448502d8d100956f2cb2670b47cefbafa89c3c37f1389da4a21ee2b4d983e6,preliminary
WPUFD4111,PPI final demand: Finished consumer foods (NSA),2026-08,283.335,index,bls,"FOOD-COST INDICATOR (index, not a lobster price)",https://api.bls.gov/publicAPI/v1/timeseries/data/WPUFD4111,2026-09-22T20:16:59+00:00,evidence/bls/WPUFD4111.json,6b448502d8d100956f2cb2670b47cefbafa89c3c37f1389da4a21ee2b4d983e6,preliminary
dmr_maine_lobster_ex_vessel_usd_per_lb,Maine DMR: lobster ex-vessel price USD/lb (derived: value / pounds),2004-01,4.8037,USD per lb,maine_dmr_landings,OFFICIAL STATISTIC (annual publication of monthly pounds and value),https://www.maine.gov/dmr/sites/maine.gov.dmr/files/inline-files/LobByCntyMoZone.pdf,2026-09-22T20:16:42+00:00,evidence/maine_dmr_landings/pdf.pdf,3bff08eeef50efc9788ffaa1e4198548c6edc5ed6ab0e8fdcacc082738928280,DMR file as of 2/6/2026. Derived from 4340428 USD / 903566 lb.
dmr_maine_lobster_ex_vessel_usd_per_lb,Maine DMR: lobster ex-vessel price USD/lb (derived: value / pounds),2004-02,5.4202,USD per lb,maine_dmr_landings,OFFICIAL STATISTIC (annual publication of monthly pounds and value),https://www.maine.gov/dmr/sites/maine.gov.dmr/files/inline-files/LobByCntyMoZone.pdf,2026-09-22T20:16:42+00:00,evidence/maine_dmr_landings/pdf.pdf,3bff08eeef50efc9788ffaa1e4198548c6edc5ed6ab0e8fdcacc082738928280,DMR file as of 2/6/2026. Derived from 2967819 USD / 547545 lb.
dmr_maine_lobster_ex_vessel_usd_per_lb,Maine DMR: lobster ex-vessel price USD/lb (derived: value / pounds),2004-03,5.7894,USD per lb,maine_dmr_landings,OFFICIAL STATISTIC (annual publication of monthly pounds and value),https://www.maine.gov/dmr/sites/maine.gov.dmr/files/inline-files/LobByCntyMoZone.pdf,2026-09-22T20:16:42+00:00,evidence/maine_dmr_landings/pdf.pdf,3bff08eeef50efc9788ffaa1e4198548c6edc5ed6ab0e8fdcacc082738928280,DMR file as of 2/6/2026. Derived from 2746730 USD / 474441 lb.
dmr_maine_lobster_ex_vessel_usd_per_lb,Maine DMR: lobster ex-vessel price USD/lb (derived: value / pounds),2004-04,5.4947,USD per lb,maine_dmr_landings,OFFICIAL STATISTIC (annual publication of monthly pounds and value),https://www.maine.gov/dmr/sites/maine.gov.dmr/files/inline-files/LobByCntyMoZone.pdf,2026-09-22T20:16:42+00:00,evidence/maine_dmr_landings/pdf.pdf,3bff08eeef50efc9788ffaa1e4198548c6edc5ed6ab0e8fdcacc082738928280,DMR file as of 2/6/2026. Derived from 5872445 USD / 1068740 lb.
dmr_maine_lobster_ex_vessel_usd_per_lb,Maine DMR: lobster ex-vessel price USD/lb (derived: value / pounds),2004-05,4.3116,USD per lb,maine_dmr_landings,OFFICIAL STATISTIC (annual publication of monthly pounds and value),https://www.maine.gov/dmr/sites/maine.gov.dmr/files/inline-files/LobByCntyMoZone.pdf,2026-09-22T20:16:42+00:00,evidence/maine_dmr_landings/pdf.pdf,3bff08eeef50efc9788ffaa1e4198548c6edc5ed6ab0e8fdcacc082738928280,DMR file as of 2/6/2026. Derived from 9759087 USD / 2263452 lb.
dmr_maine_lobster_ex_vessel_usd_per_lb,Maine DMR: lobster ex-vessel price USD/lb (derived: value / pounds),2004-06,4.5077,USD per lb,maine_dmr_landings,OFFICIAL STATISTIC (annual publication of monthly pounds and value),https://www.maine.gov/dmr/sites/maine.gov.dmr/files/inline-files/LobByCntyMoZone.pdf,2026-09-22T20:16:42+00:00,evidence/maine_dmr_landings/pdf.pdf,3bff08eeef50efc9788ffaa1e4198548c6edc5ed6ab0e8fdcacc082738928280,DMR file as of 2/6/2026. Derived from 17910345 USD / 3973277 lb.
dmr_maine_lobster_ex_vessel_usd_per_lb,Maine DMR: lobster ex-vessel price USD/lb (derived: value / pounds),2004-07,3.9912,USD per lb,maine_dmr_landings,OFFICIAL STATISTIC (annual publication of monthly pounds and value),https://www.maine.gov/dmr/sites/maine.gov.dmr/files/inline-files/LobByCntyMoZone.pdf,2026-09-22T20:16:42+00:00,evidence/maine_dmr_landings/pdf.pdf,3bff08eeef50efc9788ffaa1e4198548c6edc5ed6ab0e8fdcacc082738928280,DMR file as of 2/6/2026. Derived from 24227118 USD / 6070070 lb.
dmr_maine_lobster_ex_vessel_usd_per_lb,Maine DMR: lobster ex-vessel price USD/lb (derived: value / pounds),2004-08,3.7425,USD per lb,maine_dmr_landings,OFFICIAL STATISTIC (annual publication of monthly pounds and value),https://www.maine.gov/dmr/sites/maine.gov.dmr/files/inline-files/LobByCntyMoZone.pdf,2026-09-22T20:16:42+00:00,evidence/maine_dmr_landings/pdf.pdf,3bff08eeef50efc9788ffaa1e4198548c6edc5ed6ab0e8fdcacc082738928280,DMR file as of 2/6/2026. Derived from 45582113 USD / 12179748 lb.
dmr_maine_lobster_ex_vessel_usd_per_lb,Maine DMR: lobster ex-vessel price USD/lb (derived: value / pounds),2004-09,3.8714,USD per lb,maine_dmr_landings,OFFICIAL STATISTIC (annual publication of monthly pounds and value),https://www.maine.gov/dmr/sites/maine.gov.dmr/files/inline-files/LobByCntyMoZone.pdf,2026-09-22T20:16:42+00:00,evidence/maine_dmr_landings/pdf.pdf,3bff08eeef50efc9788ffaa1e4198548c6edc5ed6ab0e8fdcacc082738928280,DMR file as of 2/6/2026. Derived from 55223263 USD / 14264507 lb.
dmr_maine_lobster_ex_vessel_usd_per_lb,Maine DMR: lobster ex-vessel price USD/lb (derived: value / pounds),2004-10,4.002,USD per lb,maine_dmr_landings,OFFICIAL STATISTIC (annual publication of monthly pounds and value),https://www.maine.gov/dmr/sites/maine.gov.dmr/files/inline-files/LobByCntyMoZone.pdf,2026-09-22T20:16:42+00:00,evidence/maine_dmr_landings/pdf.pdf,3bff08eeef50efc9788ffaa1e4198548c6edc5ed6ab0e8fdcacc082738928280,DMR file as of 2/6/2026. Derived from 52128139 USD / 13025419 lb.
dmr_maine_lobster_ex_vessel_usd_per_lb,Maine DMR: lobster ex-vessel price USD/lb (derived: value / pounds),2004-11,3.9646,USD per lb,maine_dmr_landings,OFFICIAL STATISTIC (annual publication of monthly pounds and value),https://www.maine.gov/dmr/sites/maine.gov.dmr/files/inline-files/LobByCntyMoZone.pdf,2026-09-22T20:16:42+00:00,evidence/maine_dmr_landings/pdf.pdf,3bff08eeef50efc9788ffaa1e4198548c6edc5ed6ab0e8fdcacc082738928280,DMR file as of 2/6/2026. Derived from 48296469 USD / 12181848 lb.
dmr_maine_lobster_ex_vessel_usd_per_lb,Maine DMR: lobster ex-vessel price USD/lb (derived: value / pounds),2004-12,4.3329,USD per lb,maine_dmr_landings,OFFICIAL STATISTIC (annual publication of monthly pounds and value),https://www.maine.gov/dmr/sites/maine.gov.dmr/files/inline-files/LobByCntyMoZone.pdf,2026-09-22T20:16:42+00:00,evidence/maine_dmr_landings/pdf.pdf,3bff08eeef50efc9788ffaa1e4198548c6edc5ed6ab0e8fdcacc082738928280,DMR file as of 2/6/2026. Derived from 20024891 USD / 4621631 lb.
dmr_maine_lobster_ex_vessel_usd_per_lb,Maine DMR: lobster ex-vessel price USD/lb (derived: value / pounds),2005-01,4.8314,USD per lb,maine_dmr_landings,OFFICIAL STATISTIC (annual publication of monthly pounds and value),https://www.maine.gov/dmr/sites/maine.gov.dmr/files/inline-files/LobByCntyMoZone.pdf,2026-09-22T20:16:42+00:00,evidence/maine_dmr_landings/pdf.pdf,3bff08eeef50efc9788ffaa1e4198548c6edc5ed6ab0e8fdcacc082738928280,DMR file as of 2/6/2026. Derived from 6312857 USD / 1306644 lb.
dmr_maine_lobster_ex_vessel_usd_per_lb,Maine DMR: lobster ex-vessel price USD/lb (derived: value / pounds),2005-02,5.9152,USD per lb,maine_dmr_landings,OFFICIAL STATISTIC (annual publication of monthly pounds and value),https://www.maine.gov/dmr/sites/maine.gov.dmr/files/inline-files/LobByCntyMoZone.pdf,2026-09-22T20:16:42+00:00,evidence/maine_dmr_landings/pdf.pdf,3bff08eeef50efc9788ffaa1e4198548c6edc5ed6ab0e8fdcacc082738928280,DMR file as of 2/6/2026. Derived from 3484474 USD / 589075 lb.
dmr_maine_lobster_ex_vessel_usd_per_lb,Maine DMR: lobster ex-vessel price USD/lb (derived: value / pounds),2005-03,6.6845,USD per lb,maine_dmr_landings,OFFICIAL STATISTIC (annual publication of monthly pounds and value),https://www.maine.gov/dmr/sites/maine.gov.dmr/files/inline-files/LobByCntyMoZone.pdf,2026-09-22T20:16:42+00:00,evidence/maine_dmr_landings/pdf.pdf,3bff08eeef50efc9788ffaa1e4198548c6edc5ed6ab0e8fdcacc082738928280,DMR file as of 2/6/2026. Derived from 3043273 USD / 455276 lb.
dmr_maine_lobster_ex_vessel_usd_per_lb,Maine DMR: lobster ex-vessel price USD/lb (derived: value / pounds),2005-04,5.8727,USD per lb,maine_dmr_landings,OFFICIAL STATISTIC (annual publication of monthly pounds and value),https://www.maine.gov/dmr/sites/maine.gov.dmr/files/inline-files/LobByCntyMoZone.pdf,2026-09-22T20:16:42+00:00,evidence/maine_dmr_landings/pdf.pdf,3bff08eeef50efc9788ffaa1e4198548c6edc5ed6ab0e8fdcacc082738928280,DMR file as of 2/6/2026. Derived from 6314811 USD / 1075281 lb.
dmr_maine_lobster_ex_vessel_usd_per_lb,Maine DMR: lobster ex-vessel price USD/lb (derived: value / pounds),2005-05,5.0919,USD per lb,maine_dmr_landings,OFFICIAL STATISTIC (annual publication of monthly pounds and value),https://www.maine.gov/dmr/sites/maine.gov.dmr/files/inline-files/LobByCntyMoZone.pdf,2026-09-22T20:16:42+00:00,evidence/maine_dmr_landings/pdf.pdf,3bff08eeef50efc9788ffaa1e4198548c6edc5ed6ab0e8fdcacc082738928280,DMR file as of 2/6/2026. Derived from 12271603 USD / 2410035 lb.
dmr_maine_lobster_ex_vessel_usd_per_lb,Maine DMR: lobster ex-vessel price USD/lb (derived: value / pounds),2005-06,5.3883,USD per lb,maine_dmr_landings,OFFICIAL STATISTIC (annual publication of monthly pounds and value),https://www.maine.gov/dmr/sites/maine.gov.dmr/files/inline-files/LobByCntyMoZone.pdf,2026-09-22T20:16:42+00:00,evidence/maine_dmr_landings/pdf.pdf,3bff08eeef50efc9788ffaa1e4198548c6edc5ed6ab0e8fdcacc082738928280,DMR file as of 2/6/2026. Derived from 14784910 USD / 2743911 lb.
dmr_maine_lobster_ex_vessel_usd_per_lb,Maine DMR: lobster ex-vessel price USD/lb (derived: value / pounds),2005-07,4.8079,USD per lb,maine_dmr_landings,OFFICIAL STATISTIC (annual publication of monthly pounds and value),https://www.maine.gov/dmr/sites/maine.gov.dmr/files/inline-files/LobByCntyMoZone.pdf,2026-09-22T20:16:42+00:00,evidence/maine_dmr_landings/pdf.pdf,3bff08eeef50efc9788ffaa1e4198548c6edc5ed6ab0e8fdcacc082738928280,DMR file as of 2/6/2026. Derived from 25950608 USD / 5397526 lb.
dmr_maine_lobster_ex_vessel_usd_per_lb,Maine DMR: lobster ex-vessel price USD/lb (derived: value / pounds),2005-08,4.5056,USD per lb,maine_dmr_landings,OFFICIAL STATISTIC (annual publication of monthly pounds and value),https://www.maine.gov/dmr/sites/maine.gov.dmr/files/inline-files/LobByCntyMoZone.pdf,2026-09-22T20:16:42+00:00,evidence/maine_dmr_landings/pdf.pdf,3bff08eeef50efc9788ffaa1e4198548c6edc5ed6ab0e8fdcacc082738928280,DMR file as of 2/6/2026. Derived from 45399057 USD / 10076192 lb.
dmr_maine_lobster_ex_vessel_usd_per_lb,Maine DMR: lobster ex-vessel price USD/lb (derived: value / pounds),2005-09,4.5886,USD per lb,maine_dmr_landings,OFFICIAL STATISTIC (annual publication of monthly pounds and value),https://www.maine.gov/dmr/sites/maine.gov.dmr/files/inline-files/LobByCntyMoZone.pdf,2026-09-22T20:16:42+00:00,evidence/maine_dmr_landings/pdf.pdf,3bff08eeef50efc9788ffaa1e4198548c6edc5ed6ab0e8fdcacc082738928280,DMR file as of 2/6/2026. Derived from 60234641 USD / 13126930 lb.
dmr_maine_lobster_ex_vessel_usd_per_lb,Maine DMR: lobster ex-vessel price USD/lb (derived: value / pounds),2005-10,4.5051,USD per lb,maine_dmr_landings,OFFICIAL STATISTIC (annual publication of monthly pounds and value),https://www.maine.gov/dmr/sites/maine.gov.dmr/files/inline-files/LobByCntyMoZone.pdf,2026-09-22T20:16:42+00:00,evidence/maine_dmr_landings/pdf.pdf,3bff08eeef50efc9788ffaa1e4198548c6edc5ed6ab0e8fdcacc082738928280,DMR file as of 2/6/2026. Derived from 66218059 USD / 14698512 lb.
dmr_maine_lobster_ex_vessel_usd_per_lb,Maine DMR: lobster ex-vessel price USD/lb (derived: value / pounds),2005-11,4.3264,USD per lb,maine_dmr_landings,OFFICIAL STATISTIC (annual publication of monthly pounds and value),https://www.maine.gov/dmr/sites/maine.gov.dmr/files/inline-files/LobByCntyMoZone.pdf,2026-09-22T20:16:42+00:00,evidence/maine_dmr_landings/pdf.pdf,3bff08eeef50efc9788ffaa1e4198548c6edc5ed6ab0e8fdcacc082738928280,DMR file as of 2/6/2026. Derived from 54550610 USD / 12608919 lb.
dmr_maine_lobster_ex_vessel_usd_per_lb,Maine DMR: lobster ex-vessel price USD/lb (derived: value / pounds),2005-12,4.5699,USD per lb,maine_dmr_landings,OFFICIAL STATISTIC (annual publication of monthly pounds and value),https://www.maine.gov/dmr/sites/maine.gov.dmr/files/inline-files/LobByCntyMoZone.pdf,2026-09-22T20:16:42+00:00,evidence/maine_dmr_landings/pdf.pdf,3bff08eeef50efc9788ffaa1e4198548c6edc5ed6ab0e8fdcacc082738928280,DMR file as of 2/6/2026. Derived from 19383433 USD / 4241560 lb.
dmr_maine_lobster_ex_vessel_usd_per_lb,Maine DMR: lobster ex-vessel price USD/lb (derived: value / pounds),2006-01,4.8502,USD per lb,maine_dmr_landings,OFFICIAL STATISTIC (annual publication of monthly pounds and value),https://www.maine.gov/dmr/sites/maine.gov.dmr/files/inline-files/LobByCntyMoZone.pdf,2026-09-22T20:16:42+00:00,evidence/maine_dmr_landings/pdf.pdf,3bff08eeef50efc9788ffaa1e4198548c6edc5ed6ab0e8fdcacc082738928280,DMR file as of 2/6/2026. Derived from 6016935 USD / 1240565 lb.
dmr_maine_lobster_ex_vessel_usd_per_lb,Maine DMR: lobster ex-vessel price USD/lb (derived: value / pounds),2006-02,5.9287,USD per lb,maine_dmr_landings,OFFICIAL STATISTIC (annual publication of monthly pounds and value),https://www.maine.gov/dmr/sites/maine.gov.dmr/files/inline-files/LobByCntyMoZone.pdf,2026-09-22T20:16:42+00:00,evidence/maine_dmr_landings/pdf.pdf,3bff08eeef50efc9788ffaa1e4198548c6edc5ed6ab0e8fdcacc082738928280,DMR file as of 2/6/2026. Derived from 3471521 USD / 585547 lb.
dmr_maine_lobster_ex_vessel_usd_per_lb,Maine DMR: lobster ex-vessel price USD/lb (derived: value / pounds),2006-03,6.1597,USD per lb,maine_dmr_landings,OFFICIAL STATISTIC (annual publication of monthly pounds and value),https://www.maine.gov/dmr/sites/maine.gov.dmr/files/inline-files/LobByCntyMoZone.pdf,2026-09-22T20:16:42+00:00,evidence/maine_dmr_landings/pdf.pdf,3bff08eeef50efc9788ffaa1e4198548c6edc5ed6ab0e8fdcacc082738928280,DMR file as of 2/6/2026. Derived from 3765565 USD / 611321 lb.
dmr_maine_lobster_ex_vessel_usd_per_lb,Maine DMR: lobster ex-vessel price USD/lb (derived: value / pounds),2006-04,5.2885,USD per lb,maine_dmr_landings,OFFICIAL STATISTIC (annual publication of monthly pounds and value),https://www.maine.gov/dmr/sites/maine.gov.dmr/files/inline-files/LobByCntyMoZone.pdf,2026-09-22T20:16:42+00:00,evidence/maine_dmr_landings/pdf.pdf,3bff08eeef50efc9788ffaa1e4198548c6edc5ed6ab0e8fdcacc082738928280,DMR file as of 2/6/2026. Derived from 4745205 USD / 897261 lb.
dmr_maine_lobster_ex_vessel_usd_per_lb,Maine DMR: lobster ex-vessel price USD/lb (derived: value / pounds),2006-05,5.301,USD per lb,maine_dmr_landings,OFFICIAL STATISTIC (annual publication of monthly pounds and value),https://www.maine.gov/dmr/sites/maine.gov.dmr/files/inline-files/LobByCntyMoZone.pdf,2026-09-22T20:16:42+00:00,evidence/maine_dmr_landings/pdf.pdf,3bff08eeef50efc9788ffaa1e4198548c6edc5ed6ab0e8fdcacc082738928280,DMR file as of 2/6/2026. Derived from 9627070 USD / 1816073 lb.
dmr_maine_lobster_ex_vessel_usd_per_lb,Maine DMR: lobster ex-vessel price USD/lb (derived: value / pounds),2006-06,5.082,USD per lb,maine_dmr_landings,OFFICIAL STATISTIC (annual publication of monthly pounds and value),https://www.maine.gov/dmr/sites/maine.gov.dmr/files/inline-files/LobByCntyMoZone.pdf,2026-09-22T20:16:42+00:00,evidence/maine_dmr_landings/pdf.pdf,3bff08eeef50efc9788ffaa1e4198548c6edc5ed6ab0e8fdcacc082738928280,DMR file as of 2/6/2026. Derived from 21703200 USD / 4270568 lb.
dmr_maine_lobster_ex_vessel_usd_per_lb,Maine DMR: lobster ex-vessel price USD/lb (derived: value / pounds),2006-07,3.8755,USD per lb,maine_dmr_landings,OFFICIAL STATISTIC (annual publication of monthly pounds and value),https://www.maine.gov/dmr/sites/maine.gov.dmr/files/inline-files/LobByCntyMoZone.pdf,2026-09-22T20:16:42+00:00,evidence/maine_dmr_landings/pdf.pdf,3bff08eeef50efc9788ffaa1e4198548c6edc5ed6ab0e8fdcacc082738928280,DMR file as of 2/6/2026. Derived from 42353467 USD / 10928454 lb.
dmr_maine_lobster_ex_vessel_usd_per_lb,Maine DMR: lobster ex-vessel price USD/lb (derived: value / pounds),2006-08,3.9022,USD per lb,maine_dmr_landings,OFFICIAL STATISTIC (annual publication of monthly pounds and value),https://www.maine.gov/dmr/sites/maine.gov.dmr/files/inline-files/LobByCntyMoZone.pdf,2026-09-22T20:16:42+00:00,evidence/maine_dmr_landings/pdf.pdf,3bff08eeef50efc9788ffaa1e4198548c6edc5ed6ab0e8fdcacc082738928280,DMR file as of 2/6/2026. Derived from 52818825 USD / 13535491 lb.
dmr_maine_lobster_ex_vessel_usd_per_lb,Maine DMR: lobster ex-vessel price USD/lb (derived: value / pounds),2006-09,4.004,USD per lb,maine_dmr_landings,OFFICIAL STATISTIC (annual publication of monthly pounds and value),https://www.maine.gov/dmr/sites/maine.gov.dmr/files/inline-files/LobByCntyMoZone.pdf,2026-09-22T20:16:42+00:00,evidence/maine_dmr_landings/pdf.pdf,3bff08eeef50efc9788ffaa1e4198548c6edc5ed6ab0e8fdcacc082738928280,DMR file as of 2/6/2026. Derived from 53720115 USD / 13416558 lb.
dmr_maine_lobster_ex_vessel_usd_per_lb,Maine DMR: lobster ex-vessel price USD/lb (derived: value / pounds),2006-10,3.799,USD per lb,maine_dmr_landings,OFFICIAL STATISTIC (annual publication of monthly pounds and value),https://www.maine.gov/dmr/sites/maine.gov.dmr/files/inline-files/LobByCntyMoZone.pdf,2026-09-22T20:16:42+00:00,evidence/maine_dmr_landings/pdf.pdf,3bff08eeef50efc9788ffaa1e4198548c6edc5ed6ab0e8fdcacc082738928280,DMR file as of 2/6/2026. Derived from 61637527 USD / 16224717 lb.
dmr_maine_lobster_ex_vessel_usd_per_lb,Maine DMR: lobster ex-vessel price USD/lb (derived: value / pounds),2006-11,3.7768,USD per lb,maine_dmr_landings,OFFICIAL STATISTIC (annual publication of monthly pounds and value),https://www.maine.gov/dmr/sites/maine.gov.dmr/files/inline-files/LobByCntyMoZone.pdf,2026-09-22T20:16:42+00:00,evidence/maine_dmr_landings/pdf.pdf,3bff08eeef50efc9788ffaa1e4198548c6edc5ed6ab0e8fdcacc082738928280,DMR file as of 2/6/2026. Derived from 32678549 USD / 8652353 lb.
dmr_maine_lobster_ex_vessel_usd_per_lb,Maine DMR: lobster ex-vessel price USD/lb (derived: value / pounds),2006-12,4.0738,USD per lb,maine_dmr_landings,OFFICIAL STATISTIC (annual publication of monthly pounds and value),https://www.maine.gov/dmr/sites/maine.gov.dmr/files/inline-files/LobByCntyMoZone.pdf,2026-09-22T20:16:42+00:00,evidence/maine_dmr_landings/pdf.pdf,3bff08eeef50efc9788ffaa1e4198548c6edc5ed6ab0e8fdcacc082738928280,DMR file as of 2/6/2026. Derived from 12901440 USD / 3166919 lb.
dmr_maine_lobster_ex_vessel_usd_per_lb,Maine DMR: lobster ex-vessel price USD/lb (derived: value / pounds),2007-01,4.4325,USD per lb,maine_dmr_landings,OFFICIAL STATISTIC (annual publication of monthly pounds and value),https://www.maine.gov/dmr/sites/maine.gov.dmr/files/inline-files/LobByCntyMoZone.pdf,2026-09-22T20:16:42+00:00,evidence/maine_dmr_landings/pdf.pdf,3bff08eeef50efc9788ffaa1e4198548c6edc5ed6ab0e8fdcacc082738928280,DMR file as of 2/6/2026. Derived from 2973631 USD / 670872 lb.
dmr_maine_lobster_ex_vessel_usd_per_lb,Maine DMR: lobster ex-vessel price USD/lb (derived: value / pounds),2007-02,5.6578,USD per lb,maine_dmr_landings,OFFICIAL STATISTIC (annual publication of monthly pounds and value),https://www.maine.gov/dmr/sites/maine.gov.dmr/files/inline-files/LobByCntyMoZone.pdf,2026-09-22T20:16:42+00:00,evidence/maine_dmr_landings/pdf.pdf,3bff08eeef50efc9788ffaa1e4198548c6edc5ed6ab0e8fdcacc082738928280,DMR file as of 2/6/2026. Derived from 1268340 USD / 224176 lb.
dmr_maine_lobster_ex_vessel_usd_per_lb,Maine DMR: lobster ex-vessel price USD/lb (derived: value / pounds),2007-03,7.6918,USD per lb,maine_dmr_landings,OFFICIAL STATISTIC (annual publication of monthly pounds and value),https://www.maine.gov/dmr/sites/maine.gov.dmr/files/inline-files/LobByCntyMoZone.pdf,2026-09-22T20:16:42+00:00,evidence/maine_dmr_landings/pdf.pdf,3bff08eeef50efc9788ffaa1e4198548c6edc5ed6ab0e8fdcacc082738928280,DMR file as of 2/6/2026. Derived from 1403616 USD / 182481 lb.
dmr_maine_lobster_ex_vessel_usd_per_lb,Maine DMR: lobster ex-vessel price USD/lb (derived: value / pounds),2007-04,9.1063,USD per lb,maine_dmr_landings,OFFICIAL STATISTIC (annual publication of monthly pounds and value),https://www.maine.gov/dmr/sites/maine.gov.dmr/files/inline-files/LobByCntyMoZone.pdf,2026-09-22T20:16:42+00:00,evidence/maine_dmr_landings/pdf.pdf,3bff08eeef50efc9788ffaa1e4198548c6edc5ed6ab0e8fdcacc082738928280,DMR file as of 2/6/2026. Derived from 3610445 USD / 396476 lb.
dmr_maine_lobster_ex_vessel_usd_per_lb,Maine DMR: lobster ex-vessel price USD/lb (derived: value / pounds),2007-05,6.0099,USD per lb,maine_dmr_landings,OFFICIAL STATISTIC (annual publication of monthly pounds and value),https://www.maine.gov/dmr/sites/maine.gov.dmr/files/inline-files/LobByCntyMoZone.pdf,2026-09-22T20:16:42+00:00,evidence/maine_dmr_landings/pdf.pdf,3bff08eeef50efc9788ffaa1e4198548c6edc5ed6ab0e8fdcacc082738928280,DMR file as of 2/6/2026. Derived from 9335086 USD / 1553274 lb.
dmr_maine_lobster_ex_vessel_usd_per_lb,Maine DMR: lobster ex-vessel price USD/lb (derived: value / pounds),2007-06,5.7825,USD per lb,maine_dmr_landings,OFFICIAL STATISTIC (annual publication of monthly pounds and value),https://www.maine.gov/dmr/sites/maine.gov.dmr/files/inline-files/LobByCntyMoZone.pdf,2026-09-22T20:16:42+00:00,evidence/maine_dmr_landings/pdf.pdf,3bff08eeef50efc9788ffaa1e4198548c6edc5ed6ab0e8fdcacc082738928280,DMR file as of 2/6/2026. Derived from 11555531 USD / 1998351 lb.
dmr_maine_lobster_ex_vessel_usd_per_lb,Maine DMR: lobster ex-vessel price USD/lb (derived: value / pounds),2007-07,4.7653,USD per lb,maine_dmr_landings,OFFICIAL STATISTIC (annual publication of monthly pounds and value),https://www.maine.gov/dmr/sites/maine.gov.dmr/files/inline-files/LobByCntyMoZone.pdf,2026-09-22T20:16:42+00:00,evidence/maine_dmr_landings/pdf.pdf,3bff08eeef50efc9788ffaa1e4198548c6edc5ed6ab0e8fdcacc082738928280,DMR file as of 2/6/2026. Derived from 36638726 USD / 7688718 lb.
dmr_maine_lobster_ex_vessel_usd_per_lb,Maine DMR: lobster ex-vessel price USD/lb (derived: value / pounds),2007-08,4.0842,USD per lb,maine_dmr_landings,OFFICIAL STATISTIC (annual publication of monthly pounds and value),https://www.maine.gov/dmr/sites/maine.gov.dmr/files/inline-files/LobByCntyMoZone.pdf,2026-09-22T20:16:42+00:00,evidence/maine_dmr_landings/pdf.pdf,3bff08eeef50efc9788ffaa1e4198548c6edc5ed6ab0e8fdcacc082738928280,DMR file as of 2/6/2026. Derived from 63773787 USD / 15614615 lb.
dmr_maine_lobster_ex_vessel_usd_per_lb,Maine DMR: lobster ex-vessel price USD/lb (derived: value / pounds),2007-09,4.0187,USD per lb,maine_dmr_landings,OFFICIAL STATISTIC (annual publication of monthly pounds and value),https://www.maine.gov/dmr/sites/maine.gov.dmr/files/inline-files/LobByCntyMoZone.pdf,2026-09-22T20:16:42+00:00,evidence/maine_dmr_landings/pdf.pdf,3bff08eeef50efc9788ffaa1e4198548c6edc5ed6ab0e8fdcacc082738928280,DMR file as of 2/6/2026. Derived from 47885224 USD / 11915731 lb.
dmr_maine_lobster_ex_vessel_usd_per_lb,Maine DMR: lobster ex-vessel price USD/lb (derived: value / pounds),2007-10,4.2558,USD per lb,maine_dmr_landings,OFFICIAL STATISTIC (annual publication of monthly pounds and value),https://www.maine.gov/dmr/sites/maine.gov.dmr/files/inline-files/LobByCntyMoZone.pdf,2026-09-22T20:16:42+00:00,evidence/maine_dmr_landings/pdf.pdf,3bff08eeef50efc9788ffaa1e4198548c6edc5ed6ab0e8fdcacc082738928280,DMR file as of 2/6/2026. Derived from 54403607 USD / 12783395 lb.
dmr_maine_lobster_ex_vessel_usd_per_lb,Maine DMR: lobster ex-vessel price USD/lb (derived: value / pounds),2007-11,4.2276,USD per lb,maine_dmr_landings,OFFICIAL STATISTIC (annual publication of monthly pounds and value),https://www.maine.gov/dmr/sites/maine.gov.dmr/files/inline-files/LobByCntyMoZone.pdf,2026-09-22T20:16:42+00:00,evidence/maine_dmr_landings/pdf.pdf,3bff08eeef50efc9788ffaa1e4198548c6edc5ed6ab0e8fdcacc082738928280,DMR file as of 2/6/2026. Derived from 30622582 USD / 7243425 lb.
dmr_maine_lobster_ex_vessel_usd_per_lb,Maine DMR: lobster ex-vessel price USD/lb (derived: value / pounds),2007-12,4.6371,USD per lb,maine_dmr_landings,OFFICIAL STATISTIC (annual publication of monthly pounds and value),https://www.maine.gov/dmr/sites/maine.gov.dmr/files/inline-files/LobByCntyMoZone.pdf,2026-09-22T20:16:42+00:00,evidence/maine_dmr_landings/pdf.pdf,3bff08eeef50efc9788ffaa1e4198548c6edc5ed6ab0e8fdcacc082738928280,DMR file as of 2/6/2026. Derived from 17177844 USD / 3704445 lb.
dmr_maine_lobster_ex_vessel_usd_per_lb,Maine DMR: lobster ex-vessel price USD/lb (derived: value / pounds),2008-01,5.7008,USD per lb,maine_dmr_landings,OFFICIAL STATISTIC (annual publication of monthly pounds and value),https://www.maine.gov/dmr/sites/maine.gov.dmr/files/inline-files/LobByCntyMoZone.pdf,2026-09-22T20:16:42+00:00,evidence/maine_dmr_landings/pdf.pdf,3bff08eeef50efc9788ffaa1e4198548c6edc5ed6ab0e8fdcacc082738928280,DMR file as of 2/6/2026. Derived from 6263649 USD / 1098736 lb.
dmr_maine_lobster_ex_vessel_usd_per_lb,Maine DMR: lobster ex-vessel price USD/lb (derived: value / pounds),2008-02,6.8885,USD per lb,maine_dmr_landings,OFFICIAL STATISTIC (annual publication of monthly pounds and value),https://www.maine.gov/dmr/sites/maine.gov.dmr/files/inline-files/LobByCntyMoZone.pdf,2026-09-22T20:16:42+00:00,evidence/maine_dmr_landings/pdf.pdf,3bff08eeef50efc9788ffaa1e4198548c6edc5ed6ab0e8fdcacc082738928280,DMR file as of 2/6/2026. Derived from 3685226 USD / 534986 lb.
dmr_maine_lobster_ex_vessel_usd_per_lb,Maine DMR: lobster ex-vessel price USD/lb (derived: value / pounds),2008-03,7.2002,USD per lb,maine_dmr_landings,OFFICIAL STATISTIC (annual publication of monthly pounds and value),https://www.maine.gov/dmr/sites/maine.gov.dmr/files/inline-files/LobByCntyMoZone.pdf,2026-09-22T20:16:42+00:00,evidence/maine_dmr_landings/pdf.pdf,3bff08eeef50efc9788ffaa1e4198548c6edc5ed6ab0e8fdcacc082738928280,DMR file as of 2/6/2026. Derived from 2946121 USD / 409173 lb.
dmr_maine_lobster_ex_vessel_usd_per_lb,Maine DMR: lobster ex-vessel price USD/lb (derived: value / pounds),2008-04,5.3938,USD per lb,maine_dmr_landings,OFFICIAL STATISTIC (annual publication of monthly pounds and value),https://www.maine.gov/dmr/sites/maine.gov.dmr/files/inline-files/LobByCntyMoZone.pdf,2026-09-22T20:16:42+00:00,evidence/maine_dmr_landings/pdf.pdf,3bff08eeef50efc9788ffaa1e4198548c6edc5ed6ab0e8fdcacc082738928280,DMR file as of 2/6/2026. Derived from 5161347 USD / 956907 lb.
dmr_maine_lobster_ex_vessel_usd_per_lb,Maine DMR: lobster ex-vessel price USD/lb (derived: value / pounds),2008-05,5.1668,USD per lb,maine_dmr_landings,OFFICIAL STATISTIC (annual publication of monthly pounds and value),https://www.maine.gov/dmr/sites/maine.gov.dmr/files/inline-files/LobByCntyMoZone.pdf,2026-09-22T20:16:42+00:00,evidence/maine_dmr_landings/pdf.pdf,3bff08eeef50efc9788ffaa1e4198548c6edc5ed6ab0e8fdcacc082738928280,DMR file as of 2/6/2026. Derived from 11643458 USD / 2253509 lb.
dmr_maine_lobster_ex_vessel_usd_per_lb,Maine DMR: lobster ex-vessel price USD/lb (derived: value / pounds),2008-06,5.0048,USD per lb,maine_dmr_landings,OFFICIAL STATISTIC (annual publication of monthly pounds and value),https://www.maine.gov/dmr/sites/maine.gov.dmr/files/inline-files/LobByCntyMoZone.pdf,2026-09-22T20:16:42+00:00,evidence/maine_dmr_landings/pdf.pdf,3bff08eeef50efc9788ffaa1e4198548c6edc5ed6ab0e8fdcacc082738928280,DMR file as of 2/6/2026. Derived from 11195230 USD / 2236889 lb.
dmr_maine_lobster_ex_vessel_usd_per_lb,Maine DMR: lobster ex-vessel price USD/lb (derived: value / pounds),2008-07,3.9696,USD per lb,maine_dmr_landings,OFFICIAL STATISTIC (annual publication of monthly pounds and value),https://www.maine.gov/dmr/sites/maine.gov.dmr/files/inline-files/LobByCntyMoZone.pdf,2026-09-22T20:16:42+00:00,evidence/maine_dmr_landings/pdf.pdf,3bff08eeef50efc9788ffaa1e4198548c6edc5ed6ab0e8fdcacc082738928280,DMR file as of 2/6/2026. Derived from 37330116 USD / 9404003 lb.
dmr_maine_lobster_ex_vessel_usd_per_lb,Maine DMR: lobster ex-vessel price USD/lb (derived: value / pounds),2008-08,3.6446,USD per lb,maine_dmr_landings,OFFICIAL STATISTIC (annual publication of monthly pounds and value),https://www.maine.gov/dmr/sites/maine.gov.dmr/files/inline-files/LobByCntyMoZone.pdf,2026-09-22T20:16:42+00:00,evidence/maine_dmr_landings/pdf.pdf,3bff08eeef50efc9788ffaa1e4198548c6edc5ed6ab0e8fdcacc082738928280,DMR file as of 2/6/2026. Derived from 53434921 USD / 14661596 lb.
dmr_maine_lobster_ex_vessel_usd_per_lb,Maine DMR: lobster ex-vessel price USD/lb (derived: value / pounds),2008-09,3.5078,USD per lb,maine_dmr_landings,OFFICIAL STATISTIC (annual publication of monthly pounds and value),https://www.maine.gov/dmr/sites/maine.gov.dmr/files/inline-files/LobByCntyMoZone.pdf,2026-09-22T20:16:42+00:00,evidence/maine_dmr_landings/pdf.pdf,3bff08eeef50efc9788ffaa1e4198548c6edc5ed6ab0e8fdcacc082738928280,DMR file as of 2/6/2026. Derived from 50302474 USD / 14340012 lb.
dmr_maine_lobster_ex_vessel_usd_per_lb,Maine DMR: lobster ex-vessel price USD/lb (derived: value / pounds),2008-10,2.7054,USD per lb,maine_dmr_landings,OFFICIAL STATISTIC (annual publication of monthly pounds and value),https://www.maine.gov/dmr/sites/maine.gov.dmr/files/inline-files/LobByCntyMoZone.pdf,2026-09-22T20:16:42+00:00,evidence/maine_dmr_landings/pdf.pdf,3bff08eeef50efc9788ffaa1e4198548c6edc5ed6ab0e8fdcacc082738928280,DMR file as of 2/6/2026. Derived from 36240533 USD / 13395581 lb.
dmr_maine_lobster_ex_vessel_usd_per_lb,Maine DMR: lobster ex-vessel price USD/lb (derived: value / pounds),2008-11,2.4995,USD per lb,maine_dmr_landings,OFFICIAL STATISTIC (annual publication of monthly pounds and value),https://www.maine.gov/dmr/sites/maine.gov.dmr/files/inline-files/LobByCntyMoZone.pdf,2026-09-22T20:16:42+00:00,evidence/maine_dmr_landings/pdf.pdf,3bff08eeef50efc9788ffaa1e4198548c6edc5ed6ab0e8fdcacc082738928280,DMR file as of 2/6/2026. Derived from 20179785 USD / 8073456 lb.
dmr_maine_lobster_ex_vessel_usd_per_lb,Maine DMR: lobster ex-vessel price USD/lb (derived: value / pounds),2008-12,2.6604,USD per lb,maine_dmr_landings,OFFICIAL STATISTIC (annual publication of monthly pounds and value),https://www.maine.gov/dmr/sites/maine.gov.dmr/files/inline-files/LobByCntyMoZone.pdf,2026-09-22T20:16:42+00:00,evidence/maine_dmr_landings/pdf.pdf,3bff08eeef50efc9788ffaa1e4198548c6edc5ed6ab0e8fdcacc082738928280,DMR file as of 2/6/2026. Derived from 6767165 USD / 2543657 lb.
dmr_maine_lobster_ex_vessel_usd_per_lb,Maine DMR: lobster ex-vessel price USD/lb (derived: value / pounds),2009-01,4.8871,USD per lb,maine_dmr_landings,OFFICIAL STATISTIC (annual publication of monthly pounds and value),https://www.maine.gov/dmr/sites/maine.gov.dmr/files/inline-files/LobByCntyMoZone.pdf,2026-09-22T20:16:42+00:00,evidence/maine_dmr_landings/pdf.pdf,3bff08eeef50efc9788ffaa1e4198548c6edc5ed6ab0e8fdcacc082738928280,DMR file as of 2/6/2026. Derived from 5897609 USD / 1206768 lb.
dmr_maine_lobster_ex_vessel_usd_per_lb,Maine DMR: lobster ex-vessel price USD/lb (derived: value / pounds),2009-02,4.9013,USD per lb,maine_dmr_landings,OFFICIAL STATISTIC (annual publication of monthly pounds and value),https://www.maine.gov/dmr/sites/maine.gov.dmr/files/inline-files/LobByCntyMoZone.pdf,2026-09-22T20:16:42+00:00,evidence/maine_dmr_landings/pdf.pdf,3bff08eeef50efc9788ffaa1e4198548c6edc5ed6ab0e8fdcacc082738928280,DMR file as of 2/6/2026. Derived from 2107996 USD / 430092 lb.
dmr_maine_lobster_ex_vessel_usd_per_lb,Maine DMR: lobster ex-vessel price USD/lb (derived: value / pounds),2009-03,6.2535,USD per lb,maine_dmr_landings,OFFICIAL STATISTIC (annual publication of monthly pounds and value),https://www.maine.gov/dmr/sites/maine.gov.dmr/files/inline-files/LobByCntyMoZone.pdf,2026-09-22T20:16:42+00:00,evidence/maine_dmr_landings/pdf.pdf,3bff08eeef50efc9788ffaa1e4198548c6edc5ed6ab0e8fdcacc082738928280,DMR file as of 2/6/2026. Derived from 2224857 USD / 355780 lb.
dmr_maine_lobster_ex_vessel_usd_per_lb,Maine DMR: lobster ex-vessel price USD/lb (derived: value / pounds),2009-04,4.3714,USD per lb,maine_dmr_landings,OFFICIAL STATISTIC (annual publication of monthly pounds and value),https://www.maine.gov/dmr/sites/maine.gov.dmr/files/inline-files/LobByCntyMoZone.pdf,2026-09-22T20:16:42+00:00,evidence/maine_dmr_landings/pdf.pdf,3bff08eeef50efc9788ffaa1e4198548c6edc5ed6ab0e8fdcacc082738928280,DMR file as of 2/6/2026. Derived from 3711814 USD / 849123 lb.
dmr_maine_lobster_ex_vessel_usd_per_lb,Maine DMR: lobster ex-vessel price USD/lb (derived: value / pounds),2009-05,3.6409,USD per lb,maine_dmr_landings,OFFICIAL STATISTIC (annual publication of monthly pounds and value),https://www.maine.gov/dmr/sites/maine.gov.dmr/files/inline-files/LobByCntyMoZone.pdf,2026-09-22T20:16:42+00:00,evidence/maine_dmr_landings/pdf.pdf,3bff08eeef50efc9788ffaa1e4198548c6edc5ed6ab0e8fdcacc082738928280,DMR file as of 2/6/2026. Derived from 7800036 USD / 2142314 lb.
dmr_maine_lobster_ex_vessel_usd_per_lb,Maine DMR: lobster ex-vessel price USD/lb (derived: value / pounds),2009-06,3.9211,USD per lb,maine_dmr_landings,OFFICIAL STATISTIC (annual publication of monthly pounds and value),https://www.maine.gov/dmr/sites/maine.gov.dmr/files/inline-files/LobByCntyMoZone.pdf,2026-09-22T20:16:42+00:00,evidence/maine_dmr_landings/pdf.pdf,3bff08eeef50efc9788ffaa1e4198548c6edc5ed6ab0e8fdcacc082738928280,DMR file as of 2/6/2026. Derived from 9101050 USD / 2321065 lb.
dmr_maine_lobster_ex_vessel_usd_per_lb,Maine DMR: lobster ex-vessel price USD/lb (derived: value / pounds),2009-07,3.0106,USD per lb,maine_dmr_landings,OFFICIAL STATISTIC (annual publication of monthly pounds and value),https://www.maine.gov/dmr/sites/maine.gov.dmr/files/inline-files/LobByCntyMoZone.pdf,2026-09-22T20:16:42+00:00,evidence/maine_dmr_landings/pdf.pdf,3bff08eeef50efc9788ffaa1e4198548c6edc5ed6ab0e8fdcacc082738928280,DMR file as of 2/6/2026. Derived from 29307438 USD / 9734875 lb.
dmr_maine_lobster_ex_vessel_usd_per_lb,Maine DMR: lobster ex-vessel price USD/lb (derived: value / pounds),2009-08,2.6363,USD per lb,maine_dmr_landings,OFFICIAL STATISTIC (annual publication of monthly pounds and value),https://www.maine.gov/dmr/sites/maine.gov.dmr/files/inline-files/LobByCntyMoZone.pdf,2026-09-22T20:16:42+00:00,evidence/maine_dmr_landings/pdf.pdf,3bff08eeef50efc9788ffaa1e4198548c6edc5ed6ab0e8fdcacc082738928280,DMR file as of 2/6/2026. Derived from 44527403 USD / 16889829 lb.
dmr_maine_lobster_ex_vessel_usd_per_lb,Maine DMR: lobster ex-vessel price USD/lb (derived: value / pounds),2009-09,2.6325,USD per lb,maine_dmr_landings,OFFICIAL STATISTIC (annual publication of monthly pounds and value),https://www.maine.gov/dmr/sites/maine.gov.dmr/files/inline-files/LobByCntyMoZone.pdf,2026-09-22T20:16:42+00:00,evidence/maine_dmr_landings/pdf.pdf,3bff08eeef50efc9788ffaa1e4198548c6edc5ed6ab0e8fdcacc082738928280,DMR file as of 2/6/2026. Derived from 44469355 USD / 16892449 lb.
dmr_maine_lobster_ex_vessel_usd_per_lb,Maine DMR: lobster ex-vessel price USD/lb (derived: value / pounds),2009-10,2.7703,USD per lb,maine_dmr_landings,OFFICIAL STATISTIC (annual publication of monthly pounds and value),https://www.maine.gov/dmr/sites/maine.gov.dmr/files/inline-files/LobByCntyMoZone.pdf,2026-09-22T20:16:42+00:00,evidence/maine_dmr_landings/pdf.pdf,3bff08eeef50efc9788ffaa1e4198548c6edc5ed6ab0e8fdcacc082738928280,DMR file as of 2/6/2026. Derived from 42661794 USD / 15399962 lb.
dmr_maine_lobster_ex_vessel_usd_per_lb,Maine DMR: lobster ex-vessel price USD/lb (derived: value / pounds),2009-11,2.9668,USD per lb,maine_dmr_landings,OFFICIAL STATISTIC (annual publication of monthly pounds and value),https://www.maine.gov/dmr/sites/maine.gov.dmr/files/inline-files/LobByCntyMoZone.pdf,2026-09-22T20:16:42+00:00,evidence/maine_dmr_landings/pdf.pdf,3bff08eeef50efc9788ffaa1e4198548c6edc5ed6ab0e8fdcacc082738928280,DMR file as of 2/6/2026. Derived from 31100673 USD / 10482863 lb.
dmr_maine_lobster_ex_vessel_usd_per_lb,Maine DMR: lobster ex-vessel price USD/lb (derived: value / pounds),2009-12,3.2726,USD per lb,maine_dmr_landings,OFFICIAL STATISTIC (annual publication of monthly pounds and value),https://www.maine.gov/dmr/sites/maine.gov.dmr/files/inline-files/LobByCntyMoZone.pdf,2026-09-22T20:16:42+00:00,evidence/maine_dmr_landings/pdf.pdf,3bff08eeef50efc9788ffaa1e4198548c6edc5ed6ab0e8fdcacc082738928280,DMR file as of 2/6/2026. Derived from 14626865 USD / 4469517 lb.
dmr_maine_lobster_ex_vessel_usd_per_lb,Maine DMR: lobster ex-vessel price USD/lb (derived: value / pounds),2010-01,3.7272,USD per lb,maine_dmr_landings,OFFICIAL STATISTIC (annual publication of monthly pounds and value),https://www.maine.gov/dmr/sites/maine.gov.dmr/files/inline-files/LobByCntyMoZone.pdf,2026-09-22T20:16:42+00:00,evidence/maine_dmr_landings/pdf.pdf,3bff08eeef50efc9788ffaa1e4198548c6edc5ed6ab0e8fdcacc082738928280,DMR file as of 2/6/2026. Derived from 4784279 USD / 1283629 lb.
dmr_maine_lobster_ex_vessel_usd_per_lb,Maine DMR: lobster ex-vessel price USD/lb (derived: value / pounds),2010-02,4.6691,USD per lb,maine_dmr_landings,OFFICIAL STATISTIC (annual publication of monthly pounds and value),https://www.maine.gov/dmr/sites/maine.gov.dmr/files/inline-files/LobByCntyMoZone.pdf,2026-09-22T20:16:42+00:00,evidence/maine_dmr_landings/pdf.pdf,3bff08eeef50efc9788ffaa1e4198548c6edc5ed6ab0e8fdcacc082738928280,DMR file as of 2/6/2026. Derived from 1629824 USD / 349065 lb.
dmr_maine_lobster_ex_vessel_usd_per_lb,Maine DMR: lobster ex-vessel price USD/lb (derived: value / pounds),2010-03,4.6371,USD per lb,maine_dmr_landings,OFFICIAL STATISTIC (annual publication of monthly pounds and value),https://www.maine.gov/dmr/sites/maine.gov.dmr/files/inline-files/LobByCntyMoZone.pdf,2026-09-22T20:16:42+00:00,evidence/maine_dmr_landings/pdf.pdf,3bff08eeef50efc9788ffaa1e4198548c6edc5ed6ab0e8fdcacc082738928280,DMR file as of 2/6/2026. Derived from 1729399 USD / 372948 lb.
dmr_maine_lobster_ex_vessel_usd_per_lb,Maine DMR: lobster ex-vessel price USD/lb (derived: value / pounds),2010-04,4.1894,USD per lb,maine_dmr_landings,OFFICIAL STATISTIC (annual publication of monthly pounds and value),https://www.maine.gov/dmr/sites/maine.gov.dmr/files/inline-files/LobByCntyMoZone.pdf,2026-09-22T20:16:42+00:00,evidence/maine_dmr_landings/pdf.pdf,3bff08eeef50efc9788ffaa1e4198548c6edc5ed6ab0e8fdcacc082738928280,DMR file as of 2/6/2026. Derived from 4783064 USD / 1141694 lb.
dmr_maine_lobster_ex_vessel_usd_per_lb,Maine DMR: lobster ex-vessel price USD/lb (derived: value / pounds),2010-05,3.8704,USD per lb,maine_dmr_landings,OFFICIAL STATISTIC (annual publication of monthly pounds and value),https://www.maine.gov/dmr/sites/maine.gov.dmr/files/inline-files/LobByCntyMoZone.pdf,2026-09-22T20:16:42+00:00,evidence/maine_dmr_landings/pdf.pdf,3bff08eeef50efc9788ffaa1e4198548c6edc5ed6ab0e8fdcacc082738928280,DMR file as of 2/6/2026. Derived from 9814060 USD / 2535678 lb.
dmr_maine_lobster_ex_vessel_usd_per_lb,Maine DMR: lobster ex-vessel price USD/lb (derived: value / pounds),2010-06,3.7282,USD per lb,maine_dmr_landings,OFFICIAL STATISTIC (annual publication of monthly pounds and value),https://www.maine.gov/dmr/sites/maine.gov.dmr/files/inline-files/LobByCntyMoZone.pdf,2026-09-22T20:16:42+00:00,evidence/maine_dmr_landings/pdf.pdf,3bff08eeef50efc9788ffaa1e4198548c6edc5ed6ab0e8fdcacc082738928280,DMR file as of 2/6/2026. Derived from 17832468 USD / 4783134 lb.
dmr_maine_lobster_ex_vessel_usd_per_lb,Maine DMR: lobster ex-vessel price USD/lb (derived: value / pounds),2010-07,2.9983,USD per lb,maine_dmr_landings,OFFICIAL STATISTIC (annual publication of monthly pounds and value),https://www.maine.gov/dmr/sites/maine.gov.dmr/files/inline-files/LobByCntyMoZone.pdf,2026-09-22T20:16:42+00:00,evidence/maine_dmr_landings/pdf.pdf,3bff08eeef50efc9788ffaa1e4198548c6edc5ed6ab0e8fdcacc082738928280,DMR file as of 2/6/2026. Derived from 52669824 USD / 17566484 lb.
dmr_maine_lobster_ex_vessel_usd_per_lb,Maine DMR: lobster ex-vessel price USD/lb (derived: value / pounds),2010-08,2.9686,USD per lb,maine_dmr_landings,OFFICIAL STATISTIC (annual publication of monthly pounds and value),https://www.maine.gov/dmr/sites/maine.gov.dmr/files/inline-files/LobByCntyMoZone.pdf,2026-09-22T20:16:42+00:00,evidence/maine_dmr_landings/pdf.pdf,3bff08eeef50efc9788ffaa1e4198548c6edc5ed6ab0e8fdcacc082738928280,DMR file as of 2/6/2026. Derived from 60316624 USD / 20318382 lb.
dmr_maine_lobster_ex_vessel_usd_per_lb,Maine DMR: lobster ex-vessel price USD/lb (derived: value / pounds),2010-09,3.1528,USD per lb,maine_dmr_landings,OFFICIAL STATISTIC (annual publication of monthly pounds and value),https://www.maine.gov/dmr/sites/maine.gov.dmr/files/inline-files/LobByCntyMoZone.pdf,2026-09-22T20:16:42+00:00,evidence/maine_dmr_landings/pdf.pdf,3bff08eeef50efc9788ffaa1e4198548c6edc5ed6ab0e8fdcacc082738928280,DMR file as of 2/6/2026. Derived from 52159636 USD / 16544120 lb.
dmr_maine_lobster_ex_vessel_usd_per_lb,Maine DMR: lobster ex-vessel price USD/lb (derived: value / pounds),2010-10,3.5207,USD per lb,maine_dmr_landings,OFFICIAL STATISTIC (annual publication of monthly pounds and value),https://www.maine.gov/dmr/sites/maine.gov.dmr/files/inline-files/LobByCntyMoZone.pdf,2026-09-22T20:16:42+00:00,evidence/maine_dmr_landings/pdf.pdf,3bff08eeef50efc9788ffaa1e4198548c6edc5ed6ab0e8fdcacc082738928280,DMR file as of 2/6/2026. Derived from 64434832 USD / 18301776 lb.
dmr_maine_lobster_ex_vessel_usd_per_lb,Maine DMR: lobster ex-vessel price USD/lb (derived: value / pounds),2010-11,3.6188,USD per lb,maine_dmr_landings,OFFICIAL STATISTIC (annual publication of monthly pounds and value),https://www.maine.gov/dmr/sites/maine.gov.dmr/files/inline-files/LobByCntyMoZone.pdf,2026-09-22T20:16:42+00:00,evidence/maine_dmr_landings/pdf.pdf,3bff08eeef50efc9788ffaa1e4198548c6edc5ed6ab0e8fdcacc082738928280,DMR file as of 2/6/2026. Derived from 35987011 USD / 9944423 lb.
dmr_maine_lobster_ex_vessel_usd_per_lb,Maine DMR: lobster ex-vessel price USD/lb (derived: value / pounds),2010-12,3.8832,USD per lb,maine_dmr_landings,OFFICIAL STATISTIC (annual publication of monthly pounds and value),https://www.maine.gov/dmr/sites/maine.gov.dmr/files/inline-files/LobByCntyMoZone.pdf,2026-09-22T20:16:42+00:00,evidence/maine_dmr_landings/pdf.pdf,3bff08eeef50efc9788ffaa1e4198548c6edc5ed6ab0e8fdcacc082738928280,DMR file as of 2/6/2026. Derived from 11911418 USD / 3067439 lb.
dmr_maine_lobster_ex_vessel_usd_per_lb,Maine DMR: lobster ex-vessel price USD/lb (derived: value / pounds),2011-01,4.5463,USD per lb,maine_dmr_landings,OFFICIAL STATISTIC (annual publication of monthly pounds and value),https://www.maine.gov/dmr/sites/maine.gov.dmr/files/inline-files/LobByCntyMoZone.pdf,2026-09-22T20:16:42+00:00,evidence/maine_dmr_landings/pdf.pdf,3bff08eeef50efc9788ffaa1e4198548c6edc5ed6ab0e8fdcacc082738928280,DMR file as of 2/6/2026. Derived from 5452753 USD / 1199375 lb.
dmr_maine_lobster_ex_vessel_usd_per_lb,Maine DMR: lobster ex-vessel price USD/lb (derived: value / pounds),2011-02,4.6801,USD per lb,maine_dmr_landings,OFFICIAL STATISTIC (annual publication of monthly pounds and value),https://www.maine.gov/dmr/sites/maine.gov.dmr/files/inline-files/LobByCntyMoZone.pdf,2026-09-22T20:16:42+00:00,evidence/maine_dmr_landings/pdf.pdf,3bff08eeef50efc9788ffaa1e4198548c6edc5ed6ab0e8fdcacc082738928280,DMR file as of 2/6/2026. Derived from 1704196 USD / 364138 lb.
dmr_maine_lobster_ex_vessel_usd_per_lb,Maine DMR: lobster ex-vessel price USD/lb (derived: value / pounds),2011-03,4.7221,USD per lb,maine_dmr_landings,OFFICIAL STATISTIC (annual publication of monthly pounds and value),https://www.maine.gov/dmr/sites/maine.gov.dmr/files/inline-files/LobByCntyMoZone.pdf,2026-09-22T20:16:42+00:00,evidence/maine_dmr_landings/pdf.pdf,3bff08eeef50efc9788ffaa1e4198548c6edc5ed6ab0e8fdcacc082738928280,DMR file as of 2/6/2026. Derived from 2402282 USD / 508733 lb.
dmr_maine_lobster_ex_vessel_usd_per_lb,Maine DMR: lobster ex-vessel price USD/lb (derived: value / pounds),2011-04,5.0403,USD per lb,maine_dmr_landings,OFFICIAL STATISTIC (annual publication of monthly pounds and value),https://www.maine.gov/dmr/sites/maine.gov.dmr/files/inline-files/LobByCntyMoZone.pdf,2026-09-22T20:16:42+00:00,evidence/maine_dmr_landings/pdf.pdf,3bff08eeef50efc9788ffaa1e4198548c6edc5ed6ab0e8fdcacc082738928280,DMR file as of 2/6/2026. Derived from 4434046 USD / 879722 lb.
dmr_maine_lobster_ex_vessel_usd_per_lb,Maine DMR: lobster ex-vessel price USD/lb (derived: value / pounds),2011-05,4.6673,USD per lb,maine_dmr_landings,OFFICIAL STATISTIC (annual publication of monthly pounds and value),https://www.maine.gov/dmr/sites/maine.gov.dmr/files/inline-files/LobByCntyMoZone.pdf,2026-09-22T20:16:42+00:00,evidence/maine_dmr_landings/pdf.pdf,3bff08eeef50efc9788ffaa1e4198548c6edc5ed6ab0e8fdcacc082738928280,DMR file as of 2/6/2026. Derived from 11331958 USD / 2427968 lb.
dmr_maine_lobster_ex_vessel_usd_per_lb,Maine DMR: lobster ex-vessel price USD/lb (derived: value / pounds),2011-06,5.2791,USD per lb,maine_dmr_landings,OFFICIAL STATISTIC (annual publication of monthly pounds and value),https://www.maine.gov/dmr/sites/maine.gov.dmr/files/inline-files/LobByCntyMoZone.pdf,2026-09-22T20:16:42+00:00,evidence/maine_dmr_landings/pdf.pdf,3bff08eeef50efc9788ffaa1e4198548c6edc5ed6ab0e8fdcacc082738928280,DMR file as of 2/6/2026. Derived from 18615897 USD / 3526325 lb.
dmr_maine_lobster_ex_vessel_usd_per_lb,Maine DMR: lobster ex-vessel price USD/lb (derived: value / pounds),2011-07,3.7149,USD per lb,maine_dmr_landings,OFFICIAL STATISTIC (annual publication of monthly pounds and value),https://www.maine.gov/dmr/sites/maine.gov.dmr/files/inline-files/LobByCntyMoZone.pdf,2026-09-22T20:16:42+00:00,evidence/maine_dmr_landings/pdf.pdf,3bff08eeef50efc9788ffaa1e4198548c6edc5ed6ab0e8fdcacc082738928280,DMR file as of 2/6/2026. Derived from 61836806 USD / 16645452 lb.
dmr_maine_lobster_ex_vessel_usd_per_lb,Maine DMR: lobster ex-vessel price USD/lb (derived: value / pounds),2011-08,2.8762,USD per lb,maine_dmr_landings,OFFICIAL STATISTIC (annual publication of monthly pounds and value),https://www.maine.gov/dmr/sites/maine.gov.dmr/files/inline-files/LobByCntyMoZone.pdf,2026-09-22T20:16:42+00:00,evidence/maine_dmr_landings/pdf.pdf,3bff08eeef50efc9788ffaa1e4198548c6edc5ed6ab0e8fdcacc082738928280,DMR file as of 2/6/2026. Derived from 78500978 USD / 27292884 lb.
dmr_maine_lobster_ex_vessel_usd_per_lb,Maine DMR: lobster ex-vessel price USD/lb (derived: value / pounds),2011-09,2.8554,USD per lb,maine_dmr_landings,OFFICIAL STATISTIC (annual publication of monthly pounds and value),https://www.maine.gov/dmr/sites/maine.gov.dmr/files/inline-files/LobByCntyMoZone.pdf,2026-09-22T20:16:42+00:00,evidence/maine_dmr_landings/pdf.pdf,3bff08eeef50efc9788ffaa1e4198548c6edc5ed6ab0e8fdcacc082738928280,DMR file as of 2/6/2026. Derived from 58163004 USD / 20369443 lb.
dmr_maine_lobster_ex_vessel_usd_per_lb,Maine DMR: lobster ex-vessel price USD/lb (derived: value / pounds),2011-10,2.9047,USD per lb,maine_dmr_landings,OFFICIAL STATISTIC (annual publication of monthly pounds and value),https://www.maine.gov/dmr/sites/maine.gov.dmr/files/inline-files/LobByCntyMoZone.pdf,2026-09-22T20:16:42+00:00,evidence/maine_dmr_landings/pdf.pdf,3bff08eeef50efc9788ffaa1e4198548c6edc5ed6ab0e8fdcacc082738928280,DMR file as of 2/6/2026. Derived from 52936595 USD / 18224545 lb.
dmr_maine_lobster_ex_vessel_usd_per_lb,Maine DMR: lobster ex-vessel price USD/lb (derived: value / pounds),2011-11,2.8227,USD per lb,maine_dmr_landings,OFFICIAL STATISTIC (annual publication of monthly pounds and value),https://www.maine.gov/dmr/sites/maine.gov.dmr/files/inline-files/LobByCntyMoZone.pdf,2026-09-22T20:16:42+00:00,evidence/maine_dmr_landings/pdf.pdf,3bff08eeef50efc9788ffaa1e4198548c6edc5ed6ab0e8fdcacc082738928280,DMR file as of 2/6/2026. Derived from 27480365 USD / 9735352 lb.
dmr_maine_lobster_ex_vessel_usd_per_lb,Maine DMR: lobster ex-vessel price USD/lb (derived: value / pounds),2011-12,3.1142,USD per lb,maine_dmr_landings,OFFICIAL STATISTIC (annual publication of monthly pounds and value),https://www.maine.gov/dmr/sites/maine.gov.dmr/files/inline-files/LobByCntyMoZone.pdf,2026-09-22T20:16:42+00:00,evidence/maine_dmr_landings/pdf.pdf,3bff08eeef50efc9788ffaa1e4198548c6edc5ed6ab0e8fdcacc082738928280,DMR file as of 2/6/2026. Derived from 11680856 USD / 3750792 lb.
dmr_maine_lobster_ex_vessel_usd_per_lb,Maine DMR: lobster ex-vessel price USD/lb (derived: value / pounds),2012-01,3.9707,USD per lb,maine_dmr_landings,OFFICIAL STATISTIC (annual publication of monthly pounds and value),https://www.maine.gov/dmr/sites/maine.gov.dmr/files/inline-files/LobByCntyMoZone.pdf,2026-09-22T20:16:42+00:00,evidence/maine_dmr_landings/pdf.pdf,3bff08eeef50efc9788ffaa1e4198548c6edc5ed6ab0e8fdcacc082738928280,DMR file as of 2/6/2026. Derived from 5359503 USD / 1349746 lb.
dmr_maine_lobster_ex_vessel_usd_per_lb,Maine DMR: lobster ex-vessel price USD/lb (derived: value / pounds),2012-02,5.0431,USD per lb,maine_dmr_landings,OFFICIAL STATISTIC (annual publication of monthly pounds and value),https://www.maine.gov/dmr/sites/maine.gov.dmr/files/inline-files/LobByCntyMoZone.pdf,2026-09-22T20:16:42+00:00,evidence/maine_dmr_landings/pdf.pdf,3bff08eeef50efc9788ffaa1e4198548c6edc5ed6ab0e8fdcacc082738928280,DMR file as of 2/6/2026. Derived from 3953093 USD / 783866 lb.
dmr_maine_lobster_ex_vessel_usd_per_lb,Maine DMR: lobster ex-vessel price USD/lb (derived: value / pounds),2012-03,6.3062,USD per lb,maine_dmr_landings,OFFICIAL STATISTIC (annual publication of monthly pounds and value),https://www.maine.gov/dmr/sites/maine.gov.dmr/files/inline-files/LobByCntyMoZone.pdf,2026-09-22T20:16:42+00:00,evidence/maine_dmr_landings/pdf.pdf,3bff08eeef50efc9788ffaa1e4198548c6edc5ed6ab0e8fdcacc082738928280,DMR file as of 2/6/2026. Derived from 3845687 USD / 609825 lb.
dmr_maine_lobster_ex_vessel_usd_per_lb,Maine DMR: lobster ex-vessel price USD/lb (derived: value / pounds),2012-04,5.5783,USD per lb,maine_dmr_landings,OFFICIAL STATISTIC (annual publication of monthly pounds and value),https://www.maine.gov/dmr/sites/maine.gov.dmr/files/inline-files/LobByCntyMoZone.pdf,2026-09-22T20:16:42+00:00,evidence/maine_dmr_landings/pdf.pdf,3bff08eeef50efc9788ffaa1e4198548c6edc5ed6ab0e8fdcacc082738928280,DMR file as of 2/6/2026. Derived from 6971769 USD / 1249805 lb.
dmr_maine_lobster_ex_vessel_usd_per_lb,Maine DMR: lobster ex-vessel price USD/lb (derived: value / pounds),2012-05,4.8842,USD per lb,maine_dmr_landings,OFFICIAL STATISTIC (annual publication of monthly pounds and value),https://www.maine.gov/dmr/sites/maine.gov.dmr/files/inline-files/LobByCntyMoZone.pdf,2026-09-22T20:16:42+00:00,evidence/maine_dmr_landings/pdf.pdf,3bff08eeef50efc9788ffaa1e4198548c6edc5ed6ab0e8fdcacc082738928280,DMR file as of 2/6/2026. Derived from 13314834 USD / 2726086 lb.
dmr_maine_lobster_ex_vessel_usd_per_lb,Maine DMR: lobster ex-vessel price USD/lb (derived: value / pounds),2012-06,3.1835,USD per lb,maine_dmr_landings,OFFICIAL STATISTIC (annual publication of monthly pounds and value),https://www.maine.gov/dmr/sites/maine.gov.dmr/files/inline-files/LobByCntyMoZone.pdf,2026-09-22T20:16:42+00:00,evidence/maine_dmr_landings/pdf.pdf,3bff08eeef50efc9788ffaa1e4198548c6edc5ed6ab0e8fdcacc082738928280,DMR file as of 2/6/2026. Derived from 29695807 USD / 9328006 lb.
dmr_maine_lobster_ex_vessel_usd_per_lb,Maine DMR: lobster ex-vessel price USD/lb (derived: value / pounds),2012-07,2.1812,USD per lb,maine_dmr_landings,OFFICIAL STATISTIC (annual publication of monthly pounds and value),https://www.maine.gov/dmr/sites/maine.gov.dmr/files/inline-files/LobByCntyMoZone.pdf,2026-09-22T20:16:42+00:00,evidence/maine_dmr_landings/pdf.pdf,3bff08eeef50efc9788ffaa1e4198548c6edc5ed6ab0e8fdcacc082738928280,DMR file as of 2/6/2026. Derived from 56870485 USD / 26072903 lb.
dmr_maine_lobster_ex_vessel_usd_per_lb,Maine DMR: lobster ex-vessel price USD/lb (derived: value / pounds),2012-08,2.2288,USD per lb,maine_dmr_landings,OFFICIAL STATISTIC (annual publication of monthly pounds and value),https://www.maine.gov/dmr/sites/maine.gov.dmr/files/inline-files/LobByCntyMoZone.pdf,2026-09-22T20:16:42+00:00,evidence/maine_dmr_landings/pdf.pdf,3bff08eeef50efc9788ffaa1e4198548c6edc5ed6ab0e8fdcacc082738928280,DMR file as of 2/6/2026. Derived from 56700975 USD / 25439960 lb.
dmr_maine_lobster_ex_vessel_usd_per_lb,Maine DMR: lobster ex-vessel price USD/lb (derived: value / pounds),2012-09,2.7819,USD per lb,maine_dmr_landings,OFFICIAL STATISTIC (annual publication of monthly pounds and value),https://www.maine.gov/dmr/sites/maine.gov.dmr/files/inline-files/LobByCntyMoZone.pdf,2026-09-22T20:16:42+00:00,evidence/maine_dmr_landings/pdf.pdf,3bff08eeef50efc9788ffaa1e4198548c6edc5ed6ab0e8fdcacc082738928280,DMR file as of 2/6/2026. Derived from 62290672 USD / 22391100 lb.
dmr_maine_lobster_ex_vessel_usd_per_lb,Maine DMR: lobster ex-vessel price USD/lb (derived: value / pounds),2012-10,2.7639,USD per lb,maine_dmr_landings,OFFICIAL STATISTIC (annual publication of monthly pounds and value),https://www.maine.gov/dmr/sites/maine.gov.dmr/files/inline-files/LobByCntyMoZone.pdf,2026-09-22T20:16:42+00:00,evidence/maine_dmr_landings/pdf.pdf,3bff08eeef50efc9788ffaa1e4198548c6edc5ed6ab0e8fdcacc082738928280,DMR file as of 2/6/2026. Derived from 54784153 USD / 19821432 lb.
dmr_maine_lobster_ex_vessel_usd_per_lb,Maine DMR: lobster ex-vessel price USD/lb (derived: value / pounds),2012-11,2.763,USD per lb,maine_dmr_landings,OFFICIAL STATISTIC (annual publication of monthly pounds and value),https://www.maine.gov/dmr/sites/maine.gov.dmr/files/inline-files/LobByCntyMoZone.pdf,2026-09-22T20:16:42+00:00,evidence/maine_dmr_landings/pdf.pdf,3bff08eeef50efc9788ffaa1e4198548c6edc5ed6ab0e8fdcacc082738928280,DMR file as of 2/6/2026. Derived from 36167120 USD / 13089876 lb.
dmr_maine_lobster_ex_vessel_usd_per_lb,Maine DMR: lobster ex-vessel price USD/lb (derived: value / pounds),2012-12,2.7194,USD per lb,maine_dmr_landings,OFFICIAL STATISTIC (annual publication of monthly pounds and value),https://www.maine.gov/dmr/sites/maine.gov.dmr/files/inline-files/LobByCntyMoZone.pdf,2026-09-22T20:16:42+00:00,evidence/maine_dmr_landings/pdf.pdf,3bff08eeef50efc9788ffaa1e4198548c6edc5ed6ab0e8fdcacc082738928280,DMR file as of 2/6/2026. Derived from 12125422 USD / 4458817 lb.
dmr_maine_lobster_ex_vessel_usd_per_lb,Maine DMR: lobster ex-vessel price USD/lb (derived: value / pounds),2013-01,3.9677,USD per lb,maine_dmr_landings,OFFICIAL STATISTIC (annual publication of monthly pounds and value),https://www.maine.gov/dmr/sites/maine.gov.dmr/files/inline-files/LobByCntyMoZone.pdf,2026-09-22T20:16:42+00:00,evidence/maine_dmr_landings/pdf.pdf,3bff08eeef50efc9788ffaa1e4198548c6edc5ed6ab0e8fdcacc082738928280,DMR file as of 2/6/2026. Derived from 5676376 USD / 1430642 lb.
dmr_maine_lobster_ex_vessel_usd_per_lb,Maine DMR: lobster ex-vessel price USD/lb (derived: value / pounds),2013-02,4.8271,USD per lb,maine_dmr_landings,OFFICIAL STATISTIC (annual publication of monthly pounds and value),https://www.maine.gov/dmr/sites/maine.gov.dmr/files/inline-files/LobByCntyMoZone.pdf,2026-09-22T20:16:42+00:00,evidence/maine_dmr_landings/pdf.pdf,3bff08eeef50efc9788ffaa1e4198548c6edc5ed6ab0e8fdcacc082738928280,DMR file as of 2/6/2026. Derived from 2789199 USD / 577825 lb.
dmr_maine_lobster_ex_vessel_usd_per_lb,Maine DMR: lobster ex-vessel price USD/lb (derived: value / pounds),2013-03,7.5433,USD per lb,maine_dmr_landings,OFFICIAL STATISTIC (annual publication of monthly pounds and value),https://www.maine.gov/dmr/sites/maine.gov.dmr/files/inline-files/LobByCntyMoZone.pdf,2026-09-22T20:16:42+00:00,evidence/maine_dmr_landings/pdf.pdf,3bff08eeef50efc9788ffaa1e4198548c6edc5ed6ab0e8fdcacc082738928280,DMR file as of 2/6/2026. Derived from 5214834 USD / 691316 lb.
dmr_maine_lobster_ex_vessel_usd_per_lb,Maine DMR: lobster ex-vessel price USD/lb (derived: value / pounds),2013-04,5.938,USD per lb,maine_dmr_landings,OFFICIAL STATISTIC (annual publication of monthly pounds and value),https://www.maine.gov/dmr/sites/maine.gov.dmr/files/inline-files/LobByCntyMoZone.pdf,2026-09-22T20:16:42+00:00,evidence/maine_dmr_landings/pdf.pdf,3bff08eeef50efc9788ffaa1e4198548c6edc5ed6ab0e8fdcacc082738928280,DMR file as of 2/6/2026. Derived from 9030134 USD / 1520736 lb.
dmr_maine_lobster_ex_vessel_usd_per_lb,Maine DMR: lobster ex-vessel price USD/lb (derived: value / pounds),2013-05,4.2833,USD per lb,maine_dmr_landings,OFFICIAL STATISTIC (annual publication of monthly pounds and value),https://www.maine.gov/dmr/sites/maine.gov.dmr/files/inline-files/LobByCntyMoZone.pdf,2026-09-22T20:16:42+00:00,evidence/maine_dmr_landings/pdf.pdf,3bff08eeef50efc9788ffaa1e4198548c6edc5ed6ab0e8fdcacc082738928280,DMR file as of 2/6/2026. Derived from 12583657 USD / 2937813 lb.
dmr_maine_lobster_ex_vessel_usd_per_lb,Maine DMR: lobster ex-vessel price USD/lb (derived: value / pounds),2013-06,3.2214,USD per lb,maine_dmr_landings,OFFICIAL STATISTIC (annual publication of monthly pounds and value),https://www.maine.gov/dmr/sites/maine.gov.dmr/files/inline-files/LobByCntyMoZone.pdf,2026-09-22T20:16:42+00:00,evidence/maine_dmr_landings/pdf.pdf,3bff08eeef50efc9788ffaa1e4198548c6edc5ed6ab0e8fdcacc082738928280,DMR file as of 2/6/2026. Derived from 15162052 USD / 4706678 lb.
dmr_maine_lobster_ex_vessel_usd_per_lb,Maine DMR: lobster ex-vessel price USD/lb (derived: value / pounds),2013-07,2.4199,USD per lb,maine_dmr_landings,OFFICIAL STATISTIC (annual publication of monthly pounds and value),https://www.maine.gov/dmr/sites/maine.gov.dmr/files/inline-files/LobByCntyMoZone.pdf,2026-09-22T20:16:42+00:00,evidence/maine_dmr_landings/pdf.pdf,3bff08eeef50efc9788ffaa1e4198548c6edc5ed6ab0e8fdcacc082738928280,DMR file as of 2/6/2026. Derived from 59594909 USD / 24627366 lb.
dmr_maine_lobster_ex_vessel_usd_per_lb,Maine DMR: lobster ex-vessel price USD/lb (derived: value / pounds),2013-08,2.2263,USD per lb,maine_dmr_landings,OFFICIAL STATISTIC (annual publication of monthly pounds and value),https://www.maine.gov/dmr/sites/maine.gov.dmr/files/inline-files/LobByCntyMoZone.pdf,2026-09-22T20:16:42+00:00,evidence/maine_dmr_landings/pdf.pdf,3bff08eeef50efc9788ffaa1e4198548c6edc5ed6ab0e8fdcacc082738928280,DMR file as of 2/6/2026. Derived from 74153593 USD / 33307648 lb.
dmr_maine_lobster_ex_vessel_usd_per_lb,Maine DMR: lobster ex-vessel price USD/lb (derived: value / pounds),2013-09,2.7953,USD per lb,maine_dmr_landings,OFFICIAL STATISTIC (annual publication of monthly pounds and value),https://www.maine.gov/dmr/sites/maine.gov.dmr/files/inline-files/LobByCntyMoZone.pdf,2026-09-22T20:16:42+00:00,evidence/maine_dmr_landings/pdf.pdf,3bff08eeef50efc9788ffaa1e4198548c6edc5ed6ab0e8fdcacc082738928280,DMR file as of 2/6/2026. Derived from 61858103 USD / 22129219 lb.
dmr_maine_lobster_ex_vessel_usd_per_lb,Maine DMR: lobster ex-vessel price USD/lb (derived: value / pounds),2013-10,3.3077,USD per lb,maine_dmr_landings,OFFICIAL STATISTIC (annual publication of monthly pounds and value),https://www.maine.gov/dmr/sites/maine.gov.dmr/files/inline-files/LobByCntyMoZone.pdf,2026-09-22T20:16:42+00:00,evidence/maine_dmr_landings/pdf.pdf,3bff08eeef50efc9788ffaa1e4198548c6edc5ed6ab0e8fdcacc082738928280,DMR file as of 2/6/2026. Derived from 72359656 USD / 21876357 lb.
dmr_maine_lobster_ex_vessel_usd_per_lb,Maine DMR: lobster ex-vessel price USD/lb (derived: value / pounds),2013-11,3.5301,USD per lb,maine_dmr_landings,OFFICIAL STATISTIC (annual publication of monthly pounds and value),https://www.maine.gov/dmr/sites/maine.gov.dmr/files/inline-files/LobByCntyMoZone.pdf,2026-09-22T20:16:42+00:00,evidence/maine_dmr_landings/pdf.pdf,3bff08eeef50efc9788ffaa1e4198548c6edc5ed6ab0e8fdcacc082738928280,DMR file as of 2/6/2026. Derived from 34261696 USD / 9705685 lb.
dmr_maine_lobster_ex_vessel_usd_per_lb,Maine DMR: lobster ex-vessel price USD/lb (derived: value / pounds),2013-12,4.119,USD per lb,maine_dmr_landings,OFFICIAL STATISTIC (annual publication of monthly pounds and value),https://www.maine.gov/dmr/sites/maine.gov.dmr/files/inline-files/LobByCntyMoZone.pdf,2026-09-22T20:16:42+00:00,evidence/maine_dmr_landings/pdf.pdf,3bff08eeef50efc9788ffaa1e4198548c6edc5ed6ab0e8fdcacc082738928280,DMR file as of 2/6/2026. Derived from 17699774 USD / 4297151 lb.
dmr_maine_lobster_ex_vessel_usd_per_lb,Maine DMR: lobster ex-vessel price USD/lb (derived: value / pounds),2014-01,5.0047,USD per lb,maine_dmr_landings,OFFICIAL STATISTIC (annual publication of monthly pounds and value),https://www.maine.gov/dmr/sites/maine.gov.dmr/files/inline-files/LobByCntyMoZone.pdf,2026-09-22T20:16:42+00:00,evidence/maine_dmr_landings/pdf.pdf,3bff08eeef50efc9788ffaa1e4198548c6edc5ed6ab0e8fdcacc082738928280,DMR file as of 2/6/2026. Derived from 6742062 USD / 1347145 lb.
dmr_maine_lobster_ex_vessel_usd_per_lb,Maine DMR: lobster ex-vessel price USD/lb (derived: value / pounds),2014-02,5.8651,USD per lb,maine_dmr_landings,OFFICIAL STATISTIC (annual publication of monthly pounds and value),https://www.maine.gov/dmr/sites/maine.gov.dmr/files/inline-files/LobByCntyMoZone.pdf,2026-09-22T20:16:42+00:00,evidence/maine_dmr_landings/pdf.pdf,3bff08eeef50efc9788ffaa1e4198548c6edc5ed6ab0e8fdcacc082738928280,DMR file as of 2/6/2026. Derived from 5462681 USD / 931391 lb.
dmr_maine_lobster_ex_vessel_usd_per_lb,Maine DMR: lobster ex-vessel price USD/lb (derived: value / pounds),2014-03,6.0617,USD per lb,maine_dmr_landings,OFFICIAL STATISTIC (annual publication of monthly pounds and value),https://www.maine.gov/dmr/sites/maine.gov.dmr/files/inline-files/LobByCntyMoZone.pdf,2026-09-22T20:16:42+00:00,evidence/maine_dmr_landings/pdf.pdf,3bff08eeef50efc9788ffaa1e4198548c6edc5ed6ab0e8fdcacc082738928280,DMR file as of 2/6/2026. Derived from 4859209 USD / 801628 lb.
dmr_maine_lobster_ex_vessel_usd_per_lb,Maine DMR: lobster ex-vessel price USD/lb (derived: value / pounds),2014-04,6.6923,USD per lb,maine_dmr_landings,OFFICIAL STATISTIC (annual publication of monthly pounds and value),https://www.maine.gov/dmr/sites/maine.gov.dmr/files/inline-files/LobByCntyMoZone.pdf,2026-09-22T20:16:42+00:00,evidence/maine_dmr_landings/pdf.pdf,3bff08eeef50efc9788ffaa1e4198548c6edc5ed6ab0e8fdcacc082738928280,DMR file as of 2/6/2026. Derived from 8624292 USD / 1288690 lb.
dmr_maine_lobster_ex_vessel_usd_per_lb,Maine DMR: lobster ex-vessel price USD/lb (derived: value / pounds),2014-05,4.5174,USD per lb,maine_dmr_landings,OFFICIAL STATISTIC (annual publication of monthly pounds and value),https://www.maine.gov/dmr/sites/maine.gov.dmr/files/inline-files/LobByCntyMoZone.pdf,2026-09-22T20:16:42+00:00,evidence/maine_dmr_landings/pdf.pdf,3bff08eeef50efc9788ffaa1e4198548c6edc5ed6ab0e8fdcacc082738928280,DMR file as of 2/6/2026. Derived from 14370727 USD / 3181174 lb.
dmr_maine_lobster_ex_vessel_usd_per_lb,Maine DMR: lobster ex-vessel price USD/lb (derived: value / pounds),2014-06,4.0119,USD per lb,maine_dmr_landings,OFFICIAL STATISTIC (annual publication of monthly pounds and value),https://www.maine.gov/dmr/sites/maine.gov.dmr/files/inline-files/LobByCntyMoZone.pdf,2026-09-22T20:16:42+00:00,evidence/maine_dmr_landings/pdf.pdf,3bff08eeef50efc9788ffaa1e4198548c6edc5ed6ab0e8fdcacc082738928280,DMR file as of 2/6/2026. Derived from 14004655 USD / 3490772 lb.
dmr_maine_lobster_ex_vessel_usd_per_lb,Maine DMR: lobster ex-vessel price USD/lb (derived: value / pounds),2014-07,3.544,USD per lb,maine_dmr_landings,OFFICIAL STATISTIC (annual publication of monthly pounds and value),https://www.maine.gov/dmr/sites/maine.gov.dmr/files/inline-files/LobByCntyMoZone.pdf,2026-09-22T20:16:42+00:00,evidence/maine_dmr_landings/pdf.pdf,3bff08eeef50efc9788ffaa1e4198548c6edc5ed6ab0e8fdcacc082738928280,DMR file as of 2/6/2026. Derived from 44683945 USD / 12608254 lb.
dmr_maine_lobster_ex_vessel_usd_per_lb,Maine DMR: lobster ex-vessel price USD/lb (derived: value / pounds),2014-08,3.2091,USD per lb,maine_dmr_landings,OFFICIAL STATISTIC (annual publication of monthly pounds and value),https://www.maine.gov/dmr/sites/maine.gov.dmr/files/inline-files/LobByCntyMoZone.pdf,2026-09-22T20:16:42+00:00,evidence/maine_dmr_landings/pdf.pdf,3bff08eeef50efc9788ffaa1e4198548c6edc5ed6ab0e8fdcacc082738928280,DMR file as of 2/6/2026. Derived from 94482012 USD / 29441629 lb.
dmr_maine_lobster_ex_vessel_usd_per_lb,Maine DMR: lobster ex-vessel price USD/lb (derived: value / pounds),2014-09,3.6599,USD per lb,maine_dmr_landings,OFFICIAL STATISTIC (annual publication of monthly pounds and value),https://www.maine.gov/dmr/sites/maine.gov.dmr/files/inline-files/LobByCntyMoZone.pdf,2026-09-22T20:16:42+00:00,evidence/maine_dmr_landings/pdf.pdf,3bff08eeef50efc9788ffaa1e4198548c6edc5ed6ab0e8fdcacc082738928280,DMR file as of 2/6/2026. Derived from 97038623 USD / 26514184 lb.
dmr_maine_lobster_ex_vessel_usd_per_lb,Maine DMR: lobster ex-vessel price USD/lb (derived: value / pounds),2014-10,3.867,USD per lb,maine_dmr_landings,OFFICIAL STATISTIC (annual publication of monthly pounds and value),https://www.maine.gov/dmr/sites/maine.gov.dmr/files/inline-files/LobByCntyMoZone.pdf,2026-09-22T20:16:42+00:00,evidence/maine_dmr_landings/pdf.pdf,3bff08eeef50efc9788ffaa1e4198548c6edc5ed6ab0e8fdcacc082738928280,DMR file as of 2/6/2026. Derived from 105173309 USD / 27197928 lb.
dmr_maine_lobster_ex_vessel_usd_per_lb,Maine DMR: lobster ex-vessel price USD/lb (derived: value / pounds),2014-11,3.471,USD per lb,maine_dmr_landings,OFFICIAL STATISTIC (annual publication of monthly pounds and value),https://www.maine.gov/dmr/sites/maine.gov.dmr/files/inline-files/LobByCntyMoZone.pdf,2026-09-22T20:16:42+00:00,evidence/maine_dmr_landings/pdf.pdf,3bff08eeef50efc9788ffaa1e4198548c6edc5ed6ab0e8fdcacc082738928280,DMR file as of 2/6/2026. Derived from 41359388 USD / 11915627 lb.
dmr_maine_lobster_ex_vessel_usd_per_lb,Maine DMR: lobster ex-vessel price USD/lb (derived: value / pounds),2014-12,4.0495,USD per lb,maine_dmr_landings,OFFICIAL STATISTIC (annual publication of monthly pounds and value),https://www.maine.gov/dmr/sites/maine.gov.dmr/files/inline-files/LobByCntyMoZone.pdf,2026-09-22T20:16:42+00:00,evidence/maine_dmr_landings/pdf.pdf,3bff08eeef50efc9788ffaa1e4198548c6edc5ed6ab0e8fdcacc082738928280,DMR file as of 2/6/2026. Derived from 22707484 USD / 5607502 lb.
dmr_maine_lobster_ex_vessel_usd_per_lb,Maine DMR: lobster ex-vessel price USD/lb (derived: value / pounds),2015-01,4.7707,USD per lb,maine_dmr_landings,OFFICIAL STATISTIC (annual publication of monthly pounds and value),https://www.maine.gov/dmr/sites/maine.gov.dmr/files/inline-files/LobByCntyMoZone.pdf,2026-09-22T20:16:42+00:00,evidence/maine_dmr_landings/pdf.pdf,3bff08eeef50efc9788ffaa1e4198548c6edc5ed6ab0e8fdcacc082738928280,DMR file as of 2/6/2026. Derived from 6609791 USD / 1385509 lb.
dmr_maine_lobster_ex_vessel_usd_per_lb,Maine DMR: lobster ex-vessel price USD/lb (derived: value / pounds),2015-02,6.6423,USD per lb,maine_dmr_landings,OFFICIAL STATISTIC (annual publication of monthly pounds and value),https://www.maine.gov/dmr/sites/maine.gov.dmr/files/inline-files/LobByCntyMoZone.pdf,2026-09-22T20:16:42+00:00,evidence/maine_dmr_landings/pdf.pdf,3bff08eeef50efc9788ffaa1e4198548c6edc5ed6ab0e8fdcacc082738928280,DMR file as of 2/6/2026. Derived from 2834734 USD / 426769 lb.
dmr_maine_lobster_ex_vessel_usd_per_lb,Maine DMR: lobster ex-vessel price USD/lb (derived: value / pounds),2015-03,8.2363,USD per lb,maine_dmr_landings,OFFICIAL STATISTIC (annual publication of monthly pounds and value),https://www.maine.gov/dmr/sites/maine.gov.dmr/files/inline-files/LobByCntyMoZone.pdf,2026-09-22T20:16:42+00:00,evidence/maine_dmr_landings/pdf.pdf,3bff08eeef50efc9788ffaa1e4198548c6edc5ed6ab0e8fdcacc082738928280,DMR file as of 2/6/2026. Derived from 7084674 USD / 860172 lb.
dmr_maine_lobster_ex_vessel_usd_per_lb,Maine DMR: lobster ex-vessel price USD/lb (derived: value / pounds),2015-04,7.9221,USD per lb,maine_dmr_landings,OFFICIAL STATISTIC (annual publication of monthly pounds and value),https://www.maine.gov/dmr/sites/maine.gov.dmr/files/inline-files/LobByCntyMoZone.pdf,2026-09-22T20:16:42+00:00,evidence/maine_dmr_landings/pdf.pdf,3bff08eeef50efc9788ffaa1e4198548c6edc5ed6ab0e8fdcacc082738928280,DMR file as of 2/6/2026. Derived from 10054886 USD / 1269222 lb.
dmr_maine_lobster_ex_vessel_usd_per_lb,Maine DMR: lobster ex-vessel price USD/lb (derived: value / pounds),2015-05,5.3343,USD per lb,maine_dmr_landings,OFFICIAL STATISTIC (annual publication of monthly pounds and value),https://www.maine.gov/dmr/sites/maine.gov.dmr/files/inline-files/LobByCntyMoZone.pdf,2026-09-22T20:16:42+00:00,evidence/maine_dmr_landings/pdf.pdf,3bff08eeef50efc9788ffaa1e4198548c6edc5ed6ab0e8fdcacc082738928280,DMR file as of 2/6/2026. Derived from 14025961 USD / 2629408 lb.
dmr_maine_lobster_ex_vessel_usd_per_lb,Maine DMR: lobster ex-vessel price USD/lb (derived: value / pounds),2015-06,4.8579,USD per lb,maine_dmr_landings,OFFICIAL STATISTIC (annual publication of monthly pounds and value),https://www.maine.gov/dmr/sites/maine.gov.dmr/files/inline-files/LobByCntyMoZone.pdf,2026-09-22T20:16:42+00:00,evidence/maine_dmr_landings/pdf.pdf,3bff08eeef50efc9788ffaa1e4198548c6edc5ed6ab0e8fdcacc082738928280,DMR file as of 2/6/2026. Derived from 18935758 USD / 3897891 lb.
dmr_maine_lobster_ex_vessel_usd_per_lb,Maine DMR: lobster ex-vessel price USD/lb (derived: value / pounds),2015-07,4.1019,USD per lb,maine_dmr_landings,OFFICIAL STATISTIC (annual publication of monthly pounds and value),https://www.maine.gov/dmr/sites/maine.gov.dmr/files/inline-files/LobByCntyMoZone.pdf,2026-09-22T20:16:42+00:00,evidence/maine_dmr_landings/pdf.pdf,3bff08eeef50efc9788ffaa1e4198548c6edc5ed6ab0e8fdcacc082738928280,DMR file as of 2/6/2026. Derived from 58172425 USD / 14181965 lb.
dmr_maine_lobster_ex_vessel_usd_per_lb,Maine DMR: lobster ex-vessel price USD/lb (derived: value / pounds),2015-08,3.7642,USD per lb,maine_dmr_landings,OFFICIAL STATISTIC (annual publication of monthly pounds and value),https://www.maine.gov/dmr/sites/maine.gov.dmr/files/inline-files/LobByCntyMoZone.pdf,2026-09-22T20:16:42+00:00,evidence/maine_dmr_landings/pdf.pdf,3bff08eeef50efc9788ffaa1e4198548c6edc5ed6ab0e8fdcacc082738928280,DMR file as of 2/6/2026. Derived from 108171291 USD / 28737000 lb.
dmr_maine_lobster_ex_vessel_usd_per_lb,Maine DMR: lobster ex-vessel price USD/lb (derived: value / pounds),2015-09,3.8937,USD per lb,maine_dmr_landings,OFFICIAL STATISTIC (annual publication of monthly pounds and value),https://www.maine.gov/dmr/sites/maine.gov.dmr/files/inline-files/LobByCntyMoZone.pdf,2026-09-22T20:16:42+00:00,evidence/maine_dmr_landings/pdf.pdf,3bff08eeef50efc9788ffaa1e4198548c6edc5ed6ab0e8fdcacc082738928280,DMR file as of 2/6/2026. Derived from 95749186 USD / 24591033 lb.
dmr_maine_lobster_ex_vessel_usd_per_lb,Maine DMR: lobster ex-vessel price USD/lb (derived: value / pounds),2015-10,4.0357,USD per lb,maine_dmr_landings,OFFICIAL STATISTIC (annual publication of monthly pounds and value),https://www.maine.gov/dmr/sites/maine.gov.dmr/files/inline-files/LobByCntyMoZone.pdf,2026-09-22T20:16:42+00:00,evidence/maine_dmr_landings/pdf.pdf,3bff08eeef50efc9788ffaa1e4198548c6edc5ed6ab0e8fdcacc082738928280,DMR file as of 2/6/2026. Derived from 88420357 USD / 21909689 lb.
dmr_maine_lobster_ex_vessel_usd_per_lb,Maine DMR: lobster ex-vessel price USD/lb (derived: value / pounds),2015-11,4.0787,USD per lb,maine_dmr_landings,OFFICIAL STATISTIC (annual publication of monthly pounds and value),https://www.maine.gov/dmr/sites/maine.gov.dmr/files/inline-files/LobByCntyMoZone.pdf,2026-09-22T20:16:42+00:00,evidence/maine_dmr_landings/pdf.pdf,3bff08eeef50efc9788ffaa1e4198548c6edc5ed6ab0e8fdcacc082738928280,DMR file as of 2/6/2026. Derived from 63099790 USD / 15470582 lb.
dmr_maine_lobster_ex_vessel_usd_per_lb,Maine DMR: lobster ex-vessel price USD/lb (derived: value / pounds),2015-12,4.0102,USD per lb,maine_dmr_landings,OFFICIAL STATISTIC (annual publication of monthly pounds and value),https://www.maine.gov/dmr/sites/maine.gov.dmr/files/inline-files/LobByCntyMoZone.pdf,2026-09-22T20:16:42+00:00,evidence/maine_dmr_landings/pdf.pdf,3bff08eeef50efc9788ffaa1e4198548c6edc5ed6ab0e8fdcacc082738928280,DMR file as of 2/6/2026. Derived from 29291455 USD / 7304151 lb.
dmr_maine_lobster_ex_vessel_usd_per_lb,Maine DMR: lobster ex-vessel price USD/lb (derived: value / pounds),2016-01,4.3634,USD per lb,maine_dmr_landings,OFFICIAL STATISTIC (annual publication of monthly pounds and value),https://www.maine.gov/dmr/sites/maine.gov.dmr/files/inline-files/LobByCntyMoZone.pdf,2026-09-22T20:16:42+00:00,evidence/maine_dmr_landings/pdf.pdf,3bff08eeef50efc9788ffaa1e4198548c6edc5ed6ab0e8fdcacc082738928280,DMR file as of 2/6/2026. Derived from 11312054 USD / 2592468 lb.
dmr_maine_lobster_ex_vessel_usd_per_lb,Maine DMR: lobster ex-vessel price USD/lb (derived: value / pounds),2016-02,6.1164,USD per lb,maine_dmr_landings,OFFICIAL STATISTIC (annual publication of monthly pounds and value),https://www.maine.gov/dmr/sites/maine.gov.dmr/files/inline-files/LobByCntyMoZone.pdf,2026-09-22T20:16:42+00:00,evidence/maine_dmr_landings/pdf.pdf,3bff08eeef50efc9788ffaa1e4198548c6edc5ed6ab0e8fdcacc082738928280,DMR file as of 2/6/2026. Derived from 6609600 USD / 1080643 lb.
dmr_maine_lobster_ex_vessel_usd_per_lb,Maine DMR: lobster ex-vessel price USD/lb (derived: value / pounds),2016-03,5.4306,USD per lb,maine_dmr_landings,OFFICIAL STATISTIC (annual publication of monthly pounds and value),https://www.maine.gov/dmr/sites/maine.gov.dmr/files/inline-files/LobByCntyMoZone.pdf,2026-09-22T20:16:42+00:00,evidence/maine_dmr_landings/pdf.pdf,3bff08eeef50efc9788ffaa1e4198548c6edc5ed6ab0e8fdcacc082738928280,DMR file as of 2/6/2026. Derived from 5293237 USD / 974705 lb.
dmr_maine_lobster_ex_vessel_usd_per_lb,Maine DMR: lobster ex-vessel price USD/lb (derived: value / pounds),2016-04,6.2968,USD per lb,maine_dmr_landings,OFFICIAL STATISTIC (annual publication of monthly pounds and value),https://www.maine.gov/dmr/sites/maine.gov.dmr/files/inline-files/LobByCntyMoZone.pdf,2026-09-22T20:16:42+00:00,evidence/maine_dmr_landings/pdf.pdf,3bff08eeef50efc9788ffaa1e4198548c6edc5ed6ab0e8fdcacc082738928280,DMR file as of 2/6/2026. Derived from 10941229 USD / 1737594 lb.
dmr_maine_lobster_ex_vessel_usd_per_lb,Maine DMR: lobster ex-vessel price USD/lb (derived: value / pounds),2016-05,4.871,USD per lb,maine_dmr_landings,OFFICIAL STATISTIC (annual publication of monthly pounds and value),https://www.maine.gov/dmr/sites/maine.gov.dmr/files/inline-files/LobByCntyMoZone.pdf,2026-09-22T20:16:42+00:00,evidence/maine_dmr_landings/pdf.pdf,3bff08eeef50efc9788ffaa1e4198548c6edc5ed6ab0e8fdcacc082738928280,DMR file as of 2/6/2026. Derived from 15968106 USD / 3278183 lb.
dmr_maine_lobster_ex_vessel_usd_per_lb,Maine DMR: lobster ex-vessel price USD/lb (derived: value / pounds),2016-06,4.8433,USD per lb,maine_dmr_landings,OFFICIAL STATISTIC (annual publication of monthly pounds and value),https://www.maine.gov/dmr/sites/maine.gov.dmr/files/inline-files/LobByCntyMoZone.pdf,2026-09-22T20:16:42+00:00,evidence/maine_dmr_landings/pdf.pdf,3bff08eeef50efc9788ffaa1e4198548c6edc5ed6ab0e8fdcacc082738928280,DMR file as of 2/6/2026. Derived from 36913117 USD / 7621455 lb.
dmr_maine_lobster_ex_vessel_usd_per_lb,Maine DMR: lobster ex-vessel price USD/lb (derived: value / pounds),2016-07,3.7312,USD per lb,maine_dmr_landings,OFFICIAL STATISTIC (annual publication of monthly pounds and value),https://www.maine.gov/dmr/sites/maine.gov.dmr/files/inline-files/LobByCntyMoZone.pdf,2026-09-22T20:16:42+00:00,evidence/maine_dmr_landings/pdf.pdf,3bff08eeef50efc9788ffaa1e4198548c6edc5ed6ab0e8fdcacc082738928280,DMR file as of 2/6/2026. Derived from 93666740 USD / 25103629 lb.
dmr_maine_lobster_ex_vessel_usd_per_lb,Maine DMR: lobster ex-vessel price USD/lb (derived: value / pounds),2016-08,3.9429,USD per lb,maine_dmr_landings,OFFICIAL STATISTIC (annual publication of monthly pounds and value),https://www.maine.gov/dmr/sites/maine.gov.dmr/files/inline-files/LobByCntyMoZone.pdf,2026-09-22T20:16:42+00:00,evidence/maine_dmr_landings/pdf.pdf,3bff08eeef50efc9788ffaa1e4198548c6edc5ed6ab0e8fdcacc082738928280,DMR file as of 2/6/2026. Derived from 98773107 USD / 25051027 lb.
dmr_maine_lobster_ex_vessel_usd_per_lb,Maine DMR: lobster ex-vessel price USD/lb (derived: value / pounds),2016-09,4.2494,USD per lb,maine_dmr_landings,OFFICIAL STATISTIC (annual publication of monthly pounds and value),https://www.maine.gov/dmr/sites/maine.gov.dmr/files/inline-files/LobByCntyMoZone.pdf,2026-09-22T20:16:42+00:00,evidence/maine_dmr_landings/pdf.pdf,3bff08eeef50efc9788ffaa1e4198548c6edc5ed6ab0e8fdcacc082738928280,DMR file as of 2/6/2026. Derived from 91206287 USD / 21463481 lb.
dmr_maine_lobster_ex_vessel_usd_per_lb,Maine DMR: lobster ex-vessel price USD/lb (derived: value / pounds),2016-10,3.9265,USD per lb,maine_dmr_landings,OFFICIAL STATISTIC (annual publication of monthly pounds and value),https://www.maine.gov/dmr/sites/maine.gov.dmr/files/inline-files/LobByCntyMoZone.pdf,2026-09-22T20:16:42+00:00,evidence/maine_dmr_landings/pdf.pdf,3bff08eeef50efc9788ffaa1e4198548c6edc5ed6ab0e8fdcacc082738928280,DMR file as of 2/6/2026. Derived from 89148658 USD / 22704185 lb.
dmr_maine_lobster_ex_vessel_usd_per_lb,Maine DMR: lobster ex-vessel price USD/lb (derived: value / pounds),2016-11,3.798,USD per lb,maine_dmr_landings,OFFICIAL STATISTIC (annual publication of monthly pounds and value),https://www.maine.gov/dmr/sites/maine.gov.dmr/files/inline-files/LobByCntyMoZone.pdf,2026-09-22T20:16:42+00:00,evidence/maine_dmr_landings/pdf.pdf,3bff08eeef50efc9788ffaa1e4198548c6edc5ed6ab0e8fdcacc082738928280,DMR file as of 2/6/2026. Derived from 59411090 USD / 15642648 lb.
dmr_maine_lobster_ex_vessel_usd_per_lb,Maine DMR: lobster ex-vessel price USD/lb (derived: value / pounds),2016-12,4.0019,USD per lb,maine_dmr_landings,OFFICIAL STATISTIC (annual publication of monthly pounds and value),https://www.maine.gov/dmr/sites/maine.gov.dmr/files/inline-files/LobByCntyMoZone.pdf,2026-09-22T20:16:42+00:00,evidence/maine_dmr_landings/pdf.pdf,3bff08eeef50efc9788ffaa1e4198548c6edc5ed6ab0e8fdcacc082738928280,DMR file as of 2/6/2026. Derived from 21428703 USD / 5354673 lb.
dmr_maine_lobster_ex_vessel_usd_per_lb,Maine DMR: lobster ex-vessel price USD/lb (derived: value / pounds),2017-01,5.3383,USD per lb,maine_dmr_landings,OFFICIAL STATISTIC (annual publication of monthly pounds and value),https://www.maine.gov/dmr/sites/maine.gov.dmr/files/inline-files/LobByCntyMoZone.pdf,2026-09-22T20:16:42+00:00,evidence/maine_dmr_landings/pdf.pdf,3bff08eeef50efc9788ffaa1e4198548c6edc5ed6ab0e8fdcacc082738928280,DMR file as of 2/6/2026. Derived from 13956066 USD / 2614344 lb.
dmr_maine_lobster_ex_vessel_usd_per_lb,Maine DMR: lobster ex-vessel price USD/lb (derived: value / pounds),2017-02,6.3045,USD per lb,maine_dmr_landings,OFFICIAL STATISTIC (annual publication of monthly pounds and value),https://www.maine.gov/dmr/sites/maine.gov.dmr/files/inline-files/LobByCntyMoZone.pdf,2026-09-22T20:16:42+00:00,evidence/maine_dmr_landings/pdf.pdf,3bff08eeef50efc9788ffaa1e4198548c6edc5ed6ab0e8fdcacc082738928280,DMR file as of 2/6/2026. Derived from 5020290 USD / 796297 lb.
dmr_maine_lobster_ex_vessel_usd_per_lb,Maine DMR: lobster ex-vessel price USD/lb (derived: value / pounds),2017-03,7.7401,USD per lb,maine_dmr_landings,OFFICIAL STATISTIC (annual publication of monthly pounds and value),https://www.maine.gov/dmr/sites/maine.gov.dmr/files/inline-files/LobByCntyMoZone.pdf,2026-09-22T20:16:42+00:00,evidence/maine_dmr_landings/pdf.pdf,3bff08eeef50efc9788ffaa1e4198548c6edc5ed6ab0e8fdcacc082738928280,DMR file as of 2/6/2026. Derived from 7023226 USD / 907381 lb.
dmr_maine_lobster_ex_vessel_usd_per_lb,Maine DMR: lobster ex-vessel price USD/lb (derived: value / pounds),2017-04,8.3863,USD per lb,maine_dmr_landings,OFFICIAL STATISTIC (annual publication of monthly pounds and value),https://www.maine.gov/dmr/sites/maine.gov.dmr/files/inline-files/LobByCntyMoZone.pdf,2026-09-22T20:16:42+00:00,evidence/maine_dmr_landings/pdf.pdf,3bff08eeef50efc9788ffaa1e4198548c6edc5ed6ab0e8fdcacc082738928280,DMR file as of 2/6/2026. Derived from 11071482 USD / 1320191 lb.
dmr_maine_lobster_ex_vessel_usd_per_lb,Maine DMR: lobster ex-vessel price USD/lb (derived: value / pounds),2017-05,5.5783,USD per lb,maine_dmr_landings,OFFICIAL STATISTIC (annual publication of monthly pounds and value),https://www.maine.gov/dmr/sites/maine.gov.dmr/files/inline-files/LobByCntyMoZone.pdf,2026-09-22T20:16:42+00:00,evidence/maine_dmr_landings/pdf.pdf,3bff08eeef50efc9788ffaa1e4198548c6edc5ed6ab0e8fdcacc082738928280,DMR file as of 2/6/2026. Derived from 15139941 USD / 2714097 lb.
dmr_maine_lobster_ex_vessel_usd_per_lb,Maine DMR: lobster ex-vessel price USD/lb (derived: value / pounds),2017-06,4.9328,USD per lb,maine_dmr_landings,OFFICIAL STATISTIC (annual publication of monthly pounds and value),https://www.maine.gov/dmr/sites/maine.gov.dmr/files/inline-files/LobByCntyMoZone.pdf,2026-09-22T20:16:42+00:00,evidence/maine_dmr_landings/pdf.pdf,3bff08eeef50efc9788ffaa1e4198548c6edc5ed6ab0e8fdcacc082738928280,DMR file as of 2/6/2026. Derived from 16016929 USD / 3247028 lb.
dmr_maine_lobster_ex_vessel_usd_per_lb,Maine DMR: lobster ex-vessel price USD/lb (derived: value / pounds),2017-07,3.8459,USD per lb,maine_dmr_landings,OFFICIAL STATISTIC (annual publication of monthly pounds and value),https://www.maine.gov/dmr/sites/maine.gov.dmr/files/inline-files/LobByCntyMoZone.pdf,2026-09-22T20:16:42+00:00,evidence/maine_dmr_landings/pdf.pdf,3bff08eeef50efc9788ffaa1e4198548c6edc5ed6ab0e8fdcacc082738928280,DMR file as of 2/6/2026. Derived from 55813027 USD / 14512376 lb.
dmr_maine_lobster_ex_vessel_usd_per_lb,Maine DMR: lobster ex-vessel price USD/lb (derived: value / pounds),2017-08,3.4618,USD per lb,maine_dmr_landings,OFFICIAL STATISTIC (annual publication of monthly pounds and value),https://www.maine.gov/dmr/sites/maine.gov.dmr/files/inline-files/LobByCntyMoZone.pdf,2026-09-22T20:16:42+00:00,evidence/maine_dmr_landings/pdf.pdf,3bff08eeef50efc9788ffaa1e4198548c6edc5ed6ab0e8fdcacc082738928280,DMR file as of 2/6/2026. Derived from 98980347 USD / 28591997 lb.
dmr_maine_lobster_ex_vessel_usd_per_lb,Maine DMR: lobster ex-vessel price USD/lb (derived: value / pounds),2017-09,3.6166,USD per lb,maine_dmr_landings,OFFICIAL STATISTIC (annual publication of monthly pounds and value),https://www.maine.gov/dmr/sites/maine.gov.dmr/files/inline-files/LobByCntyMoZone.pdf,2026-09-22T20:16:42+00:00,evidence/maine_dmr_landings/pdf.pdf,3bff08eeef50efc9788ffaa1e4198548c6edc5ed6ab0e8fdcacc082738928280,DMR file as of 2/6/2026. Derived from 65779559 USD / 18188144 lb.
dmr_maine_lobster_ex_vessel_usd_per_lb,Maine DMR: lobster ex-vessel price USD/lb (derived: value / pounds),2017-10,3.7304,USD per lb,maine_dmr_landings,OFFICIAL STATISTIC (annual publication of monthly pounds and value),https://www.maine.gov/dmr/sites/maine.gov.dmr/files/inline-files/LobByCntyMoZone.pdf,2026-09-22T20:16:42+00:00,evidence/maine_dmr_landings/pdf.pdf,3bff08eeef50efc9788ffaa1e4198548c6edc5ed6ab0e8fdcacc082738928280,DMR file as of 2/6/2026. Derived from 73390206 USD / 19673583 lb.
dmr_maine_lobster_ex_vessel_usd_per_lb,Maine DMR: lobster ex-vessel price USD/lb (derived: value / pounds),2017-11,3.8034,USD per lb,maine_dmr_landings,OFFICIAL STATISTIC (annual publication of monthly pounds and value),https://www.maine.gov/dmr/sites/maine.gov.dmr/files/inline-files/LobByCntyMoZone.pdf,2026-09-22T20:16:42+00:00,evidence/maine_dmr_landings/pdf.pdf,3bff08eeef50efc9788ffaa1e4198548c6edc5ed6ab0e8fdcacc082738928280,DMR file as of 2/6/2026. Derived from 54690986 USD / 14379535 lb.
dmr_maine_lobster_ex_vessel_usd_per_lb,Maine DMR: lobster ex-vessel price USD/lb (derived: value / pounds),2017-12,4.285,USD per lb,maine_dmr_landings,OFFICIAL STATISTIC (annual publication of monthly pounds and value),https://www.maine.gov/dmr/sites/maine.gov.dmr/files/inline-files/LobByCntyMoZone.pdf,2026-09-22T20:16:42+00:00,evidence/maine_dmr_landings/pdf.pdf,3bff08eeef50efc9788ffaa1e4198548c6edc5ed6ab0e8fdcacc082738928280,DMR file as of 2/6/2026. Derived from 22094709 USD / 5156238 lb.
dmr_maine_lobster_ex_vessel_usd_per_lb,Maine DMR: lobster ex-vessel price USD/lb (derived: value / pounds),2018-01,5.5864,USD per lb,maine_dmr_landings,OFFICIAL STATISTIC (annual publication of monthly pounds and value),https://www.maine.gov/dmr/sites/maine.gov.dmr/files/inline-files/LobByCntyMoZone.pdf,2026-09-22T20:16:42+00:00,evidence/maine_dmr_landings/pdf.pdf,3bff08eeef50efc9788ffaa1e4198548c6edc5ed6ab0e8fdcacc082738928280,DMR file as of 2/6/2026. Derived from 14165069 USD / 2535614 lb.
dmr_maine_lobster_ex_vessel_usd_per_lb,Maine DMR: lobster ex-vessel price USD/lb (derived: value / pounds),2018-02,6.3612,USD per lb,maine_dmr_landings,OFFICIAL STATISTIC (annual publication of monthly pounds and value),https://www.maine.gov/dmr/sites/maine.gov.dmr/files/inline-files/LobByCntyMoZone.pdf,2026-09-22T20:16:42+00:00,evidence/maine_dmr_landings/pdf.pdf,3bff08eeef50efc9788ffaa1e4198548c6edc5ed6ab0e8fdcacc082738928280,DMR file as of 2/6/2026. Derived from 9585768 USD / 1506909 lb.
dmr_maine_lobster_ex_vessel_usd_per_lb,Maine DMR: lobster ex-vessel price USD/lb (derived: value / pounds),2018-03,9.3715,USD per lb,maine_dmr_landings,OFFICIAL STATISTIC (annual publication of monthly pounds and value),https://www.maine.gov/dmr/sites/maine.gov.dmr/files/inline-files/LobByCntyMoZone.pdf,2026-09-22T20:16:42+00:00,evidence/maine_dmr_landings/pdf.pdf,3bff08eeef50efc9788ffaa1e4198548c6edc5ed6ab0e8fdcacc082738928280,DMR file as of 2/6/2026. Derived from 12201670 USD / 1301995 lb.
dmr_maine_lobster_ex_vessel_usd_per_lb,Maine DMR: lobster ex-vessel price USD/lb (derived: value / pounds),2018-04,8.087,USD per lb,maine_dmr_landings,OFFICIAL STATISTIC (annual publication of monthly pounds and value),https://www.maine.gov/dmr/sites/maine.gov.dmr/files/inline-files/LobByCntyMoZone.pdf,2026-09-22T20:16:42+00:00,evidence/maine_dmr_landings/pdf.pdf,3bff08eeef50efc9788ffaa1e4198548c6edc5ed6ab0e8fdcacc082738928280,DMR file as of 2/6/2026. Derived from 13191627 USD / 1631224 lb.
dmr_maine_lobster_ex_vessel_usd_per_lb,Maine DMR: lobster ex-vessel price USD/lb (derived: value / pounds),2018-05,5.359,USD per lb,maine_dmr_landings,OFFICIAL STATISTIC (annual publication of monthly pounds and value),https://www.maine.gov/dmr/sites/maine.gov.dmr/files/inline-files/LobByCntyMoZone.pdf,2026-09-22T20:16:42+00:00,evidence/maine_dmr_landings/pdf.pdf,3bff08eeef50efc9788ffaa1e4198548c6edc5ed6ab0e8fdcacc082738928280,DMR file as of 2/6/2026. Derived from 14191746 USD / 2648213 lb.
dmr_maine_lobster_ex_vessel_usd_per_lb,Maine DMR: lobster ex-vessel price USD/lb (derived: value / pounds),2018-06,4.7515,USD per lb,maine_dmr_landings,OFFICIAL STATISTIC (annual publication of monthly pounds and value),https://www.maine.gov/dmr/sites/maine.gov.dmr/files/inline-files/LobByCntyMoZone.pdf,2026-09-22T20:16:42+00:00,evidence/maine_dmr_landings/pdf.pdf,3bff08eeef50efc9788ffaa1e4198548c6edc5ed6ab0e8fdcacc082738928280,DMR file as of 2/6/2026. Derived from 16183937 USD / 3406083 lb.
dmr_maine_lobster_ex_vessel_usd_per_lb,Maine DMR: lobster ex-vessel price USD/lb (derived: value / pounds),2018-07,3.6655,USD per lb,maine_dmr_landings,OFFICIAL STATISTIC (annual publication of monthly pounds and value),https://www.maine.gov/dmr/sites/maine.gov.dmr/files/inline-files/LobByCntyMoZone.pdf,2026-09-22T20:16:42+00:00,evidence/maine_dmr_landings/pdf.pdf,3bff08eeef50efc9788ffaa1e4198548c6edc5ed6ab0e8fdcacc082738928280,DMR file as of 2/6/2026. Derived from 77819319 USD / 21230043 lb.
dmr_maine_lobster_ex_vessel_usd_per_lb,Maine DMR: lobster ex-vessel price USD/lb (derived: value / pounds),2018-08,3.4939,USD per lb,maine_dmr_landings,OFFICIAL STATISTIC (annual publication of monthly pounds and value),https://www.maine.gov/dmr/sites/maine.gov.dmr/files/inline-files/LobByCntyMoZone.pdf,2026-09-22T20:16:42+00:00,evidence/maine_dmr_landings/pdf.pdf,3bff08eeef50efc9788ffaa1e4198548c6edc5ed6ab0e8fdcacc082738928280,DMR file as of 2/6/2026. Derived from 94618112 USD / 27081225 lb.
dmr_maine_lobster_ex_vessel_usd_per_lb,Maine DMR: lobster ex-vessel price USD/lb (derived: value / pounds),2018-09,3.8521,USD per lb,maine_dmr_landings,OFFICIAL STATISTIC (annual publication of monthly pounds and value),https://www.maine.gov/dmr/sites/maine.gov.dmr/files/inline-files/LobByCntyMoZone.pdf,2026-09-22T20:16:42+00:00,evidence/maine_dmr_landings/pdf.pdf,3bff08eeef50efc9788ffaa1e4198548c6edc5ed6ab0e8fdcacc082738928280,DMR file as of 2/6/2026. Derived from 77144947 USD / 20026609 lb.
dmr_maine_lobster_ex_vessel_usd_per_lb,Maine DMR: lobster ex-vessel price USD/lb (derived: value / pounds),2018-10,3.839,USD per lb,maine_dmr_landings,OFFICIAL STATISTIC (annual publication of monthly pounds and value),https://www.maine.gov/dmr/sites/maine.gov.dmr/files/inline-files/LobByCntyMoZone.pdf,2026-09-22T20:16:42+00:00,evidence/maine_dmr_landings/pdf.pdf,3bff08eeef50efc9788ffaa1e4198548c6edc5ed6ab0e8fdcacc082738928280,DMR file as of 2/6/2026. Derived from 81251907 USD / 21164596 lb.
dmr_maine_lobster_ex_vessel_usd_per_lb,Maine DMR: lobster ex-vessel price USD/lb (derived: value / pounds),2018-11,4.0799,USD per lb,maine_dmr_landings,OFFICIAL STATISTIC (annual publication of monthly pounds and value),https://www.maine.gov/dmr/sites/maine.gov.dmr/files/inline-files/LobByCntyMoZone.pdf,2026-09-22T20:16:42+00:00,evidence/maine_dmr_landings/pdf.pdf,3bff08eeef50efc9788ffaa1e4198548c6edc5ed6ab0e8fdcacc082738928280,DMR file as of 2/6/2026. Derived from 47792782 USD / 11714344 lb.
dmr_maine_lobster_ex_vessel_usd_per_lb,Maine DMR: lobster ex-vessel price USD/lb (derived: value / pounds),2018-12,4.7768,USD per lb,maine_dmr_landings,OFFICIAL STATISTIC (annual publication of monthly pounds and value),https://www.maine.gov/dmr/sites/maine.gov.dmr/files/inline-files/LobByCntyMoZone.pdf,2026-09-22T20:16:42+00:00,evidence/maine_dmr_landings/pdf.pdf,3bff08eeef50efc9788ffaa1e4198548c6edc5ed6ab0e8fdcacc082738928280,DMR file as of 2/6/2026. Derived from 32449263 USD / 6793132 lb.
dmr_maine_lobster_ex_vessel_usd_per_lb,Maine DMR: lobster ex-vessel price USD/lb (derived: value / pounds),2019-01,5.1897,USD per lb,maine_dmr_landings,OFFICIAL STATISTIC (annual publication of monthly pounds and value),https://www.maine.gov/dmr/sites/maine.gov.dmr/files/inline-files/LobByCntyMoZone.pdf,2026-09-22T20:16:42+00:00,evidence/maine_dmr_landings/pdf.pdf,3bff08eeef50efc9788ffaa1e4198548c6edc5ed6ab0e8fdcacc082738928280,DMR file as of 2/6/2026. Derived from 9447291 USD / 1820410 lb.
dmr_maine_lobster_ex_vessel_usd_per_lb,Maine DMR: lobster ex-vessel price USD/lb (derived: value / pounds),2019-02,6.5628,USD per lb,maine_dmr_landings,OFFICIAL STATISTIC (annual publication of monthly pounds and value),https://www.maine.gov/dmr/sites/maine.gov.dmr/files/inline-files/LobByCntyMoZone.pdf,2026-09-22T20:16:42+00:00,evidence/maine_dmr_landings/pdf.pdf,3bff08eeef50efc9788ffaa1e4198548c6edc5ed6ab0e8fdcacc082738928280,DMR file as of 2/6/2026. Derived from 7710413 USD / 1174860 lb.
dmr_maine_lobster_ex_vessel_usd_per_lb,Maine DMR: lobster ex-vessel price USD/lb (derived: value / pounds),2019-03,7.7001,USD per lb,maine_dmr_landings,OFFICIAL STATISTIC (annual publication of monthly pounds and value),https://www.maine.gov/dmr/sites/maine.gov.dmr/files/inline-files/LobByCntyMoZone.pdf,2026-09-22T20:16:42+00:00,evidence/maine_dmr_landings/pdf.pdf,3bff08eeef50efc9788ffaa1e4198548c6edc5ed6ab0e8fdcacc082738928280,DMR file as of 2/6/2026. Derived from 8263350 USD / 1073151 lb.
dmr_maine_lobster_ex_vessel_usd_per_lb,Maine DMR: lobster ex-vessel price USD/lb (derived: value / pounds),2019-04,5.7445,USD per lb,maine_dmr_landings,OFFICIAL STATISTIC (annual publication of monthly pounds and value),https://www.maine.gov/dmr/sites/maine.gov.dmr/files/inline-files/LobByCntyMoZone.pdf,2026-09-22T20:16:42+00:00,evidence/maine_dmr_landings/pdf.pdf,3bff08eeef50efc9788ffaa1e4198548c6edc5ed6ab0e8fdcacc082738928280,DMR file as of 2/6/2026. Derived from 7242005 USD / 1260684 lb.
dmr_maine_lobster_ex_vessel_usd_per_lb,Maine DMR: lobster ex-vessel price USD/lb (derived: value / pounds),2019-05,5.4671,USD per lb,maine_dmr_landings,OFFICIAL STATISTIC (annual publication of monthly pounds and value),https://www.maine.gov/dmr/sites/maine.gov.dmr/files/inline-files/LobByCntyMoZone.pdf,2026-09-22T20:16:42+00:00,evidence/maine_dmr_landings/pdf.pdf,3bff08eeef50efc9788ffaa1e4198548c6edc5ed6ab0e8fdcacc082738928280,DMR file as of 2/6/2026. Derived from 12830201 USD / 2346789 lb.
dmr_maine_lobster_ex_vessel_usd_per_lb,Maine DMR: lobster ex-vessel price USD/lb (derived: value / pounds),2019-06,5.1816,USD per lb,maine_dmr_landings,OFFICIAL STATISTIC (annual publication of monthly pounds and value),https://www.maine.gov/dmr/sites/maine.gov.dmr/files/inline-files/LobByCntyMoZone.pdf,2026-09-22T20:16:42+00:00,evidence/maine_dmr_landings/pdf.pdf,3bff08eeef50efc9788ffaa1e4198548c6edc5ed6ab0e8fdcacc082738928280,DMR file as of 2/6/2026. Derived from 11983488 USD / 2312688 lb.
dmr_maine_lobster_ex_vessel_usd_per_lb,Maine DMR: lobster ex-vessel price USD/lb (derived: value / pounds),2019-07,4.4784,USD per lb,maine_dmr_landings,OFFICIAL STATISTIC (annual publication of monthly pounds and value),https://www.maine.gov/dmr/sites/maine.gov.dmr/files/inline-files/LobByCntyMoZone.pdf,2026-09-22T20:16:42+00:00,evidence/maine_dmr_landings/pdf.pdf,3bff08eeef50efc9788ffaa1e4198548c6edc5ed6ab0e8fdcacc082738928280,DMR file as of 2/6/2026. Derived from 38674182 USD / 8635809 lb.
dmr_maine_lobster_ex_vessel_usd_per_lb,Maine DMR: lobster ex-vessel price USD/lb (derived: value / pounds),2019-08,4.2157,USD per lb,maine_dmr_landings,OFFICIAL STATISTIC (annual publication of monthly pounds and value),https://www.maine.gov/dmr/sites/maine.gov.dmr/files/inline-files/LobByCntyMoZone.pdf,2026-09-22T20:16:42+00:00,evidence/maine_dmr_landings/pdf.pdf,3bff08eeef50efc9788ffaa1e4198548c6edc5ed6ab0e8fdcacc082738928280,DMR file as of 2/6/2026. Derived from 94645309 USD / 22450711 lb.
dmr_maine_lobster_ex_vessel_usd_per_lb,Maine DMR: lobster ex-vessel price USD/lb (derived: value / pounds),2019-09,4.4814,USD per lb,maine_dmr_landings,OFFICIAL STATISTIC (annual publication of monthly pounds and value),https://www.maine.gov/dmr/sites/maine.gov.dmr/files/inline-files/LobByCntyMoZone.pdf,2026-09-22T20:16:42+00:00,evidence/maine_dmr_landings/pdf.pdf,3bff08eeef50efc9788ffaa1e4198548c6edc5ed6ab0e8fdcacc082738928280,DMR file as of 2/6/2026. Derived from 82546560 USD / 18419820 lb.
dmr_maine_lobster_ex_vessel_usd_per_lb,Maine DMR: lobster ex-vessel price USD/lb (derived: value / pounds),2019-10,4.9222,USD per lb,maine_dmr_landings,OFFICIAL STATISTIC (annual publication of monthly pounds and value),https://www.maine.gov/dmr/sites/maine.gov.dmr/files/inline-files/LobByCntyMoZone.pdf,2026-09-22T20:16:42+00:00,evidence/maine_dmr_landings/pdf.pdf,3bff08eeef50efc9788ffaa1e4198548c6edc5ed6ab0e8fdcacc082738928280,DMR file as of 2/6/2026. Derived from 106205659 USD / 21577051 lb.
dmr_maine_lobster_ex_vessel_usd_per_lb,Maine DMR: lobster ex-vessel price USD/lb (derived: value / pounds),2019-11,5.1917,USD per lb,maine_dmr_landings,OFFICIAL STATISTIC (annual publication of monthly pounds and value),https://www.maine.gov/dmr/sites/maine.gov.dmr/files/inline-files/LobByCntyMoZone.pdf,2026-09-22T20:16:42+00:00,evidence/maine_dmr_landings/pdf.pdf,3bff08eeef50efc9788ffaa1e4198548c6edc5ed6ab0e8fdcacc082738928280,DMR file as of 2/6/2026. Derived from 71954309 USD / 13859494 lb.
dmr_maine_lobster_ex_vessel_usd_per_lb,Maine DMR: lobster ex-vessel price USD/lb (derived: value / pounds),2019-12,5.6862,USD per lb,maine_dmr_landings,OFFICIAL STATISTIC (annual publication of monthly pounds and value),https://www.maine.gov/dmr/sites/maine.gov.dmr/files/inline-files/LobByCntyMoZone.pdf,2026-09-22T20:16:42+00:00,evidence/maine_dmr_landings/pdf.pdf,3bff08eeef50efc9788ffaa1e4198548c6edc5ed6ab0e8fdcacc082738928280,DMR file as of 2/6/2026. Derived from 41623112 USD / 7320009 lb.
dmr_maine_lobster_ex_vessel_usd_per_lb,Maine DMR: lobster ex-vessel price USD/lb (derived: value / pounds),2020-01,6.0863,USD per lb,maine_dmr_landings,OFFICIAL STATISTIC (annual publication of monthly pounds and value),https://www.maine.gov/dmr/sites/maine.gov.dmr/files/inline-files/LobByCntyMoZone.pdf,2026-09-22T20:16:42+00:00,evidence/maine_dmr_landings/pdf.pdf,3bff08eeef50efc9788ffaa1e4198548c6edc5ed6ab0e8fdcacc082738928280,DMR file as of 2/6/2026. Derived from 18492230 USD / 3038352 lb.
dmr_maine_lobster_ex_vessel_usd_per_lb,Maine DMR: lobster ex-vessel price USD/lb (derived: value / pounds),2020-02,5.7091,USD per lb,maine_dmr_landings,OFFICIAL STATISTIC (annual publication of monthly pounds and value),https://www.maine.gov/dmr/sites/maine.gov.dmr/files/inline-files/LobByCntyMoZone.pdf,2026-09-22T20:16:42+00:00,evidence/maine_dmr_landings/pdf.pdf,3bff08eeef50efc9788ffaa1e4198548c6edc5ed6ab0e8fdcacc082738928280,DMR file as of 2/6/2026. Derived from 5578799 USD / 977173 lb.
dmr_maine_lobster_ex_vessel_usd_per_lb,Maine DMR: lobster ex-vessel price USD/lb (derived: value / pounds),2020-03,4.9982,USD per lb,maine_dmr_landings,OFFICIAL STATISTIC (annual publication of monthly pounds and value),https://www.maine.gov/dmr/sites/maine.gov.dmr/files/inline-files/LobByCntyMoZone.pdf,2026-09-22T20:16:42+00:00,evidence/maine_dmr_landings/pdf.pdf,3bff08eeef50efc9788ffaa1e4198548c6edc5ed6ab0e8fdcacc082738928280,DMR file as of 2/6/2026. Derived from 2722503 USD / 544696 lb.
dmr_maine_lobster_ex_vessel_usd_per_lb,Maine DMR: lobster ex-vessel price USD/lb (derived: value / pounds),2020-04,4.8124,USD per lb,maine_dmr_landings,OFFICIAL STATISTIC (annual publication of monthly pounds and value),https://www.maine.gov/dmr/sites/maine.gov.dmr/files/inline-files/LobByCntyMoZone.pdf,2026-09-22T20:16:42+00:00,evidence/maine_dmr_landings/pdf.pdf,3bff08eeef50efc9788ffaa1e4198548c6edc5ed6ab0e8fdcacc082738928280,DMR file as of 2/6/2026. Derived from 3783608 USD / 786222 lb.
dmr_maine_lobster_ex_vessel_usd_per_lb,Maine DMR: lobster ex-vessel price USD/lb (derived: value / pounds),2020-05,4.747,USD per lb,maine_dmr_landings,OFFICIAL STATISTIC (annual publication of monthly pounds and value),https://www.maine.gov/dmr/sites/maine.gov.dmr/files/inline-files/LobByCntyMoZone.pdf,2026-09-22T20:16:42+00:00,evidence/maine_dmr_landings/pdf.pdf,3bff08eeef50efc9788ffaa1e4198548c6edc5ed6ab0e8fdcacc082738928280,DMR file as of 2/6/2026. Derived from 6532607 USD / 1376150 lb.
dmr_maine_lobster_ex_vessel_usd_per_lb,Maine DMR: lobster ex-vessel price USD/lb (derived: value / pounds),2020-06,3.4592,USD per lb,maine_dmr_landings,OFFICIAL STATISTIC (annual publication of monthly pounds and value),https://www.maine.gov/dmr/sites/maine.gov.dmr/files/inline-files/LobByCntyMoZone.pdf,2026-09-22T20:16:42+00:00,evidence/maine_dmr_landings/pdf.pdf,3bff08eeef50efc9788ffaa1e4198548c6edc5ed6ab0e8fdcacc082738928280,DMR file as of 2/6/2026. Derived from 9517121 USD / 2751280 lb.
dmr_maine_lobster_ex_vessel_usd_per_lb,Maine DMR: lobster ex-vessel price USD/lb (derived: value / pounds),2020-07,3.2104,USD per lb,maine_dmr_landings,OFFICIAL STATISTIC (annual publication of monthly pounds and value),https://www.maine.gov/dmr/sites/maine.gov.dmr/files/inline-files/LobByCntyMoZone.pdf,2026-09-22T20:16:42+00:00,evidence/maine_dmr_landings/pdf.pdf,3bff08eeef50efc9788ffaa1e4198548c6edc5ed6ab0e8fdcacc082738928280,DMR file as of 2/6/2026. Derived from 53194628 USD / 16569356 lb.
dmr_maine_lobster_ex_vessel_usd_per_lb,Maine DMR: lobster ex-vessel price USD/lb (derived: value / pounds),2020-08,3.3878,USD per lb,maine_dmr_landings,OFFICIAL STATISTIC (annual publication of monthly pounds and value),https://www.maine.gov/dmr/sites/maine.gov.dmr/files/inline-files/LobByCntyMoZone.pdf,2026-09-22T20:16:42+00:00,evidence/maine_dmr_landings/pdf.pdf,3bff08eeef50efc9788ffaa1e4198548c6edc5ed6ab0e8fdcacc082738928280,DMR file as of 2/6/2026. Derived from 59625732 USD / 17599948 lb.
dmr_maine_lobster_ex_vessel_usd_per_lb,Maine DMR: lobster ex-vessel price USD/lb (derived: value / pounds),2020-09,4.2893,USD per lb,maine_dmr_landings,OFFICIAL STATISTIC (annual publication of monthly pounds and value),https://www.maine.gov/dmr/sites/maine.gov.dmr/files/inline-files/LobByCntyMoZone.pdf,2026-09-22T20:16:42+00:00,evidence/maine_dmr_landings/pdf.pdf,3bff08eeef50efc9788ffaa1e4198548c6edc5ed6ab0e8fdcacc082738928280,DMR file as of 2/6/2026. Derived from 66359187 USD / 15470795 lb.
dmr_maine_lobster_ex_vessel_usd_per_lb,Maine DMR: lobster ex-vessel price USD/lb (derived: value / pounds),2020-10,4.7363,USD per lb,maine_dmr_landings,OFFICIAL STATISTIC (annual publication of monthly pounds and value),https://www.maine.gov/dmr/sites/maine.gov.dmr/files/inline-files/LobByCntyMoZone.pdf,2026-09-22T20:16:42+00:00,evidence/maine_dmr_landings/pdf.pdf,3bff08eeef50efc9788ffaa1e4198548c6edc5ed6ab0e8fdcacc082738928280,DMR file as of 2/6/2026. Derived from 97697554 USD / 20627237 lb.
dmr_maine_lobster_ex_vessel_usd_per_lb,Maine DMR: lobster ex-vessel price USD/lb (derived: value / pounds),2020-11,4.8386,USD per lb,maine_dmr_landings,OFFICIAL STATISTIC (annual publication of monthly pounds and value),https://www.maine.gov/dmr/sites/maine.gov.dmr/files/inline-files/LobByCntyMoZone.pdf,2026-09-22T20:16:42+00:00,evidence/maine_dmr_landings/pdf.pdf,3bff08eeef50efc9788ffaa1e4198548c6edc5ed6ab0e8fdcacc082738928280,DMR file as of 2/6/2026. Derived from 61822592 USD / 12776981 lb.
dmr_maine_lobster_ex_vessel_usd_per_lb,Maine DMR: lobster ex-vessel price USD/lb (derived: value / pounds),2020-12,5.0222,USD per lb,maine_dmr_landings,OFFICIAL STATISTIC (annual publication of monthly pounds and value),https://www.maine.gov/dmr/sites/maine.gov.dmr/files/inline-files/LobByCntyMoZone.pdf,2026-09-22T20:16:42+00:00,evidence/maine_dmr_landings/pdf.pdf,3bff08eeef50efc9788ffaa1e4198548c6edc5ed6ab0e8fdcacc082738928280,DMR file as of 2/6/2026. Derived from 27302669 USD / 5436400 lb.
dmr_maine_lobster_ex_vessel_usd_per_lb,Maine DMR: lobster ex-vessel price USD/lb (derived: value / pounds),2021-01,5.3058,USD per lb,maine_dmr_landings,OFFICIAL STATISTIC (annual publication of monthly pounds and value),https://www.maine.gov/dmr/sites/maine.gov.dmr/files/inline-files/LobByCntyMoZone.pdf,2026-09-22T20:16:42+00:00,evidence/maine_dmr_landings/pdf.pdf,3bff08eeef50efc9788ffaa1e4198548c6edc5ed6ab0e8fdcacc082738928280,DMR file as of 2/6/2026. Derived from 19563509 USD / 3687177 lb.
dmr_maine_lobster_ex_vessel_usd_per_lb,Maine DMR: lobster ex-vessel price USD/lb (derived: value / pounds),2021-02,7.5129,USD per lb,maine_dmr_landings,OFFICIAL STATISTIC (annual publication of monthly pounds and value),https://www.maine.gov/dmr/sites/maine.gov.dmr/files/inline-files/LobByCntyMoZone.pdf,2026-09-22T20:16:42+00:00,evidence/maine_dmr_landings/pdf.pdf,3bff08eeef50efc9788ffaa1e4198548c6edc5ed6ab0e8fdcacc082738928280,DMR file as of 2/6/2026. Derived from 8722982 USD / 1161065 lb.
dmr_maine_lobster_ex_vessel_usd_per_lb,Maine DMR: lobster ex-vessel price USD/lb (derived: value / pounds),2021-03,9.5668,USD per lb,maine_dmr_landings,OFFICIAL STATISTIC (annual publication of monthly pounds and value),https://www.maine.gov/dmr/sites/maine.gov.dmr/files/inline-files/LobByCntyMoZone.pdf,2026-09-22T20:16:42+00:00,evidence/maine_dmr_landings/pdf.pdf,3bff08eeef50efc9788ffaa1e4198548c6edc5ed6ab0e8fdcacc082738928280,DMR file as of 2/6/2026. Derived from 10492443 USD / 1096759 lb.
dmr_maine_lobster_ex_vessel_usd_per_lb,Maine DMR: lobster ex-vessel price USD/lb (derived: value / pounds),2021-04,9.6112,USD per lb,maine_dmr_landings,OFFICIAL STATISTIC (annual publication of monthly pounds and value),https://www.maine.gov/dmr/sites/maine.gov.dmr/files/inline-files/LobByCntyMoZone.pdf,2026-09-22T20:16:42+00:00,evidence/maine_dmr_landings/pdf.pdf,3bff08eeef50efc9788ffaa1e4198548c6edc5ed6ab0e8fdcacc082738928280,DMR file as of 2/6/2026. Derived from 12298683 USD / 1279616 lb.
dmr_maine_lobster_ex_vessel_usd_per_lb,Maine DMR: lobster ex-vessel price USD/lb (derived: value / pounds),2021-05,7.0375,USD per lb,maine_dmr_landings,OFFICIAL STATISTIC (annual publication of monthly pounds and value),https://www.maine.gov/dmr/sites/maine.gov.dmr/files/inline-files/LobByCntyMoZone.pdf,2026-09-22T20:16:42+00:00,evidence/maine_dmr_landings/pdf.pdf,3bff08eeef50efc9788ffaa1e4198548c6edc5ed6ab0e8fdcacc082738928280,DMR file as of 2/6/2026. Derived from 15595031 USD / 2215979 lb.
dmr_maine_lobster_ex_vessel_usd_per_lb,Maine DMR: lobster ex-vessel price USD/lb (derived: value / pounds),2021-06,6.3246,USD per lb,maine_dmr_landings,OFFICIAL STATISTIC (annual publication of monthly pounds and value),https://www.maine.gov/dmr/sites/maine.gov.dmr/files/inline-files/LobByCntyMoZone.pdf,2026-09-22T20:16:42+00:00,evidence/maine_dmr_landings/pdf.pdf,3bff08eeef50efc9788ffaa1e4198548c6edc5ed6ab0e8fdcacc082738928280,DMR file as of 2/6/2026. Derived from 37624818 USD / 5948936 lb.
dmr_maine_lobster_ex_vessel_usd_per_lb,Maine DMR: lobster ex-vessel price USD/lb (derived: value / pounds),2021-07,6.6592,USD per lb,maine_dmr_landings,OFFICIAL STATISTIC (annual publication of monthly pounds and value),https://www.maine.gov/dmr/sites/maine.gov.dmr/files/inline-files/LobByCntyMoZone.pdf,2026-09-22T20:16:42+00:00,evidence/maine_dmr_landings/pdf.pdf,3bff08eeef50efc9788ffaa1e4198548c6edc5ed6ab0e8fdcacc082738928280,DMR file as of 2/6/2026. Derived from 133317171 USD / 20019955 lb.
dmr_maine_lobster_ex_vessel_usd_per_lb,Maine DMR: lobster ex-vessel price USD/lb (derived: value / pounds),2021-08,7.1443,USD per lb,maine_dmr_landings,OFFICIAL STATISTIC (annual publication of monthly pounds and value),https://www.maine.gov/dmr/sites/maine.gov.dmr/files/inline-files/LobByCntyMoZone.pdf,2026-09-22T20:16:42+00:00,evidence/maine_dmr_landings/pdf.pdf,3bff08eeef50efc9788ffaa1e4198548c6edc5ed6ab0e8fdcacc082738928280,DMR file as of 2/6/2026. Derived from 122225069 USD / 17108080 lb.
dmr_maine_lobster_ex_vessel_usd_per_lb,Maine DMR: lobster ex-vessel price USD/lb (derived: value / pounds),2021-09,6.9783,USD per lb,maine_dmr_landings,OFFICIAL STATISTIC (annual publication of monthly pounds and value),https://www.maine.gov/dmr/sites/maine.gov.dmr/files/inline-files/LobByCntyMoZone.pdf,2026-09-22T20:16:42+00:00,evidence/maine_dmr_landings/pdf.pdf,3bff08eeef50efc9788ffaa1e4198548c6edc5ed6ab0e8fdcacc082738928280,DMR file as of 2/6/2026. Derived from 126515652 USD / 18129990 lb.
dmr_maine_lobster_ex_vessel_usd_per_lb,Maine DMR: lobster ex-vessel price USD/lb (derived: value / pounds),2021-10,6.4266,USD per lb,maine_dmr_landings,OFFICIAL STATISTIC (annual publication of monthly pounds and value),https://www.maine.gov/dmr/sites/maine.gov.dmr/files/inline-files/LobByCntyMoZone.pdf,2026-09-22T20:16:42+00:00,evidence/maine_dmr_landings/pdf.pdf,3bff08eeef50efc9788ffaa1e4198548c6edc5ed6ab0e8fdcacc082738928280,DMR file as of 2/6/2026. Derived from 128225824 USD / 19952451 lb.
dmr_maine_lobster_ex_vessel_usd_per_lb,Maine DMR: lobster ex-vessel price USD/lb (derived: value / pounds),2021-11,6.2765,USD per lb,maine_dmr_landings,OFFICIAL STATISTIC (annual publication of monthly pounds and value),https://www.maine.gov/dmr/sites/maine.gov.dmr/files/inline-files/LobByCntyMoZone.pdf,2026-09-22T20:16:42+00:00,evidence/maine_dmr_landings/pdf.pdf,3bff08eeef50efc9788ffaa1e4198548c6edc5ed6ab0e8fdcacc082738928280,DMR file as of 2/6/2026. Derived from 91106790 USD / 14515535 lb.
dmr_maine_lobster_ex_vessel_usd_per_lb,Maine DMR: lobster ex-vessel price USD/lb (derived: value / pounds),2021-12,6.6744,USD per lb,maine_dmr_landings,OFFICIAL STATISTIC (annual publication of monthly pounds and value),https://www.maine.gov/dmr/sites/maine.gov.dmr/files/inline-files/LobByCntyMoZone.pdf,2026-09-22T20:16:42+00:00,evidence/maine_dmr_landings/pdf.pdf,3bff08eeef50efc9788ffaa1e4198548c6edc5ed6ab0e8fdcacc082738928280,DMR file as of 2/6/2026. Derived from 37301048 USD / 5588685 lb.
dmr_maine_lobster_ex_vessel_usd_per_lb,Maine DMR: lobster ex-vessel price USD/lb (derived: value / pounds),2022-01,7.5379,USD per lb,maine_dmr_landings,OFFICIAL STATISTIC (annual publication of monthly pounds and value),https://www.maine.gov/dmr/sites/maine.gov.dmr/files/inline-files/LobByCntyMoZone.pdf,2026-09-22T20:16:42+00:00,evidence/maine_dmr_landings/pdf.pdf,3bff08eeef50efc9788ffaa1e4198548c6edc5ed6ab0e8fdcacc082738928280,DMR file as of 2/6/2026. Derived from 7483941 USD / 992842 lb.
dmr_maine_lobster_ex_vessel_usd_per_lb,Maine DMR: lobster ex-vessel price USD/lb (derived: value / pounds),2022-02,10.0762,USD per lb,maine_dmr_landings,OFFICIAL STATISTIC (annual publication of monthly pounds and value),https://www.maine.gov/dmr/sites/maine.gov.dmr/files/inline-files/LobByCntyMoZone.pdf,2026-09-22T20:16:42+00:00,evidence/maine_dmr_landings/pdf.pdf,3bff08eeef50efc9788ffaa1e4198548c6edc5ed6ab0e8fdcacc082738928280,DMR file as of 2/6/2026. Derived from 4060248 USD / 402954 lb.
dmr_maine_lobster_ex_vessel_usd_per_lb,Maine DMR: lobster ex-vessel price USD/lb (derived: value / pounds),2022-03,12.8865,USD per lb,maine_dmr_landings,OFFICIAL STATISTIC (annual publication of monthly pounds and value),https://www.maine.gov/dmr/sites/maine.gov.dmr/files/inline-files/LobByCntyMoZone.pdf,2026-09-22T20:16:42+00:00,evidence/maine_dmr_landings/pdf.pdf,3bff08eeef50efc9788ffaa1e4198548c6edc5ed6ab0e8fdcacc082738928280,DMR file as of 2/6/2026. Derived from 9741843 USD / 755974 lb.
dmr_maine_lobster_ex_vessel_usd_per_lb,Maine DMR: lobster ex-vessel price USD/lb (derived: value / pounds),2022-04,9.2509,USD per lb,maine_dmr_landings,OFFICIAL STATISTIC (annual publication of monthly pounds and value),https://www.maine.gov/dmr/sites/maine.gov.dmr/files/inline-files/LobByCntyMoZone.pdf,2026-09-22T20:16:42+00:00,evidence/maine_dmr_landings/pdf.pdf,3bff08eeef50efc9788ffaa1e4198548c6edc5ed6ab0e8fdcacc082738928280,DMR file as of 2/6/2026. Derived from 9454536 USD / 1022009 lb.
dmr_maine_lobster_ex_vessel_usd_per_lb,Maine DMR: lobster ex-vessel price USD/lb (derived: value / pounds),2022-05,6.8329,USD per lb,maine_dmr_landings,OFFICIAL STATISTIC (annual publication of monthly pounds and value),https://www.maine.gov/dmr/sites/maine.gov.dmr/files/inline-files/LobByCntyMoZone.pdf,2026-09-22T20:16:42+00:00,evidence/maine_dmr_landings/pdf.pdf,3bff08eeef50efc9788ffaa1e4198548c6edc5ed6ab0e8fdcacc082738928280,DMR file as of 2/6/2026. Derived from 16393761 USD / 2399247 lb.
dmr_maine_lobster_ex_vessel_usd_per_lb,Maine DMR: lobster ex-vessel price USD/lb (derived: value / pounds),2022-06,5.3828,USD per lb,maine_dmr_landings,OFFICIAL STATISTIC (annual publication of monthly pounds and value),https://www.maine.gov/dmr/sites/maine.gov.dmr/files/inline-files/LobByCntyMoZone.pdf,2026-09-22T20:16:42+00:00,evidence/maine_dmr_landings/pdf.pdf,3bff08eeef50efc9788ffaa1e4198548c6edc5ed6ab0e8fdcacc082738928280,DMR file as of 2/6/2026. Derived from 25579433 USD / 4752083 lb.
dmr_maine_lobster_ex_vessel_usd_per_lb,Maine DMR: lobster ex-vessel price USD/lb (derived: value / pounds),2022-07,3.6448,USD per lb,maine_dmr_landings,OFFICIAL STATISTIC (annual publication of monthly pounds and value),https://www.maine.gov/dmr/sites/maine.gov.dmr/files/inline-files/LobByCntyMoZone.pdf,2026-09-22T20:16:42+00:00,evidence/maine_dmr_landings/pdf.pdf,3bff08eeef50efc9788ffaa1e4198548c6edc5ed6ab0e8fdcacc082738928280,DMR file as of 2/6/2026. Derived from 69935988 USD / 19187713 lb.
dmr_maine_lobster_ex_vessel_usd_per_lb,Maine DMR: lobster ex-vessel price USD/lb (derived: value / pounds),2022-08,3.1801,USD per lb,maine_dmr_landings,OFFICIAL STATISTIC (annual publication of monthly pounds and value),https://www.maine.gov/dmr/sites/maine.gov.dmr/files/inline-files/LobByCntyMoZone.pdf,2026-09-22T20:16:42+00:00,evidence/maine_dmr_landings/pdf.pdf,3bff08eeef50efc9788ffaa1e4198548c6edc5ed6ab0e8fdcacc082738928280,DMR file as of 2/6/2026. Derived from 67105670 USD / 21101931 lb.
dmr_maine_lobster_ex_vessel_usd_per_lb,Maine DMR: lobster ex-vessel price USD/lb (derived: value / pounds),2022-09,3.709,USD per lb,maine_dmr_landings,OFFICIAL STATISTIC (annual publication of monthly pounds and value),https://www.maine.gov/dmr/sites/maine.gov.dmr/files/inline-files/LobByCntyMoZone.pdf,2026-09-22T20:16:42+00:00,evidence/maine_dmr_landings/pdf.pdf,3bff08eeef50efc9788ffaa1e4198548c6edc5ed6ab0e8fdcacc082738928280,DMR file as of 2/6/2026. Derived from 60258200 USD / 16246482 lb.
dmr_maine_lobster_ex_vessel_usd_per_lb,Maine DMR: lobster ex-vessel price USD/lb (derived: value / pounds),2022-10,3.7294,USD per lb,maine_dmr_landings,OFFICIAL STATISTIC (annual publication of monthly pounds and value),https://www.maine.gov/dmr/sites/maine.gov.dmr/files/inline-files/LobByCntyMoZone.pdf,2026-09-22T20:16:42+00:00,evidence/maine_dmr_landings/pdf.pdf,3bff08eeef50efc9788ffaa1e4198548c6edc5ed6ab0e8fdcacc082738928280,DMR file as of 2/6/2026. Derived from 60570898 USD / 16241597 lb.
dmr_maine_lobster_ex_vessel_usd_per_lb,Maine DMR: lobster ex-vessel price USD/lb (derived: value / pounds),2022-11,3.7597,USD per lb,maine_dmr_landings,OFFICIAL STATISTIC (annual publication of monthly pounds and value),https://www.maine.gov/dmr/sites/maine.gov.dmr/files/inline-files/LobByCntyMoZone.pdf,2026-09-22T20:16:42+00:00,evidence/maine_dmr_landings/pdf.pdf,3bff08eeef50efc9788ffaa1e4198548c6edc5ed6ab0e8fdcacc082738928280,DMR file as of 2/6/2026. Derived from 41560561 USD / 11054225 lb.
dmr_maine_lobster_ex_vessel_usd_per_lb,Maine DMR: lobster ex-vessel price USD/lb (derived: value / pounds),2022-12,4.3768,USD per lb,maine_dmr_landings,OFFICIAL STATISTIC (annual publication of monthly pounds and value),https://www.maine.gov/dmr/sites/maine.gov.dmr/files/inline-files/LobByCntyMoZone.pdf,2026-09-22T20:16:42+00:00,evidence/maine_dmr_landings/pdf.pdf,3bff08eeef50efc9788ffaa1e4198548c6edc5ed6ab0e8fdcacc082738928280,DMR file as of 2/6/2026. Derived from 21132198 USD / 4828263 lb.
dmr_maine_lobster_ex_vessel_usd_per_lb,Maine DMR: lobster ex-vessel price USD/lb (derived: value / pounds),2023-01,4.6767,USD per lb,maine_dmr_landings,OFFICIAL STATISTIC (annual publication of monthly pounds and value),https://www.maine.gov/dmr/sites/maine.gov.dmr/files/inline-files/LobByCntyMoZone.pdf,2026-09-22T20:16:42+00:00,evidence/maine_dmr_landings/pdf.pdf,3bff08eeef50efc9788ffaa1e4198548c6edc5ed6ab0e8fdcacc082738928280,DMR file as of 2/6/2026. Derived from 10016235 USD / 2141724 lb.
dmr_maine_lobster_ex_vessel_usd_per_lb,Maine DMR: lobster ex-vessel price USD/lb (derived: value / pounds),2023-02,7.604,USD per lb,maine_dmr_landings,OFFICIAL STATISTIC (annual publication of monthly pounds and value),https://www.maine.gov/dmr/sites/maine.gov.dmr/files/inline-files/LobByCntyMoZone.pdf,2026-09-22T20:16:42+00:00,evidence/maine_dmr_landings/pdf.pdf,3bff08eeef50efc9788ffaa1e4198548c6edc5ed6ab0e8fdcacc082738928280,DMR file as of 2/6/2026. Derived from 8332196 USD / 1095759 lb.
dmr_maine_lobster_ex_vessel_usd_per_lb,Maine DMR: lobster ex-vessel price USD/lb (derived: value / pounds),2023-03,8.5548,USD per lb,maine_dmr_landings,OFFICIAL STATISTIC (annual publication of monthly pounds and value),https://www.maine.gov/dmr/sites/maine.gov.dmr/files/inline-files/LobByCntyMoZone.pdf,2026-09-22T20:16:42+00:00,evidence/maine_dmr_landings/pdf.pdf,3bff08eeef50efc9788ffaa1e4198548c6edc5ed6ab0e8fdcacc082738928280,DMR file as of 2/6/2026. Derived from 7327206 USD / 856507 lb.
dmr_maine_lobster_ex_vessel_usd_per_lb,Maine DMR: lobster ex-vessel price USD/lb (derived: value / pounds),2023-04,9.169,USD per lb,maine_dmr_landings,OFFICIAL STATISTIC (annual publication of monthly pounds and value),https://www.maine.gov/dmr/sites/maine.gov.dmr/files/inline-files/LobByCntyMoZone.pdf,2026-09-22T20:16:42+00:00,evidence/maine_dmr_landings/pdf.pdf,3bff08eeef50efc9788ffaa1e4198548c6edc5ed6ab0e8fdcacc082738928280,DMR file as of 2/6/2026. Derived from 12811400 USD / 1397257 lb.
dmr_maine_lobster_ex_vessel_usd_per_lb,Maine DMR: lobster ex-vessel price USD/lb (derived: value / pounds),2023-05,5.8019,USD per lb,maine_dmr_landings,OFFICIAL STATISTIC (annual publication of monthly pounds and value),https://www.maine.gov/dmr/sites/maine.gov.dmr/files/inline-files/LobByCntyMoZone.pdf,2026-09-22T20:16:42+00:00,evidence/maine_dmr_landings/pdf.pdf,3bff08eeef50efc9788ffaa1e4198548c6edc5ed6ab0e8fdcacc082738928280,DMR file as of 2/6/2026. Derived from 14491063 USD / 2497655 lb.
dmr_maine_lobster_ex_vessel_usd_per_lb,Maine DMR: lobster ex-vessel price USD/lb (derived: value / pounds),2023-06,4.8714,USD per lb,maine_dmr_landings,OFFICIAL STATISTIC (annual publication of monthly pounds and value),https://www.maine.gov/dmr/sites/maine.gov.dmr/files/inline-files/LobByCntyMoZone.pdf,2026-09-22T20:16:42+00:00,evidence/maine_dmr_landings/pdf.pdf,3bff08eeef50efc9788ffaa1e4198548c6edc5ed6ab0e8fdcacc082738928280,DMR file as of 2/6/2026. Derived from 26180907 USD / 5374444 lb.
dmr_maine_lobster_ex_vessel_usd_per_lb,Maine DMR: lobster ex-vessel price USD/lb (derived: value / pounds),2023-07,4.4109,USD per lb,maine_dmr_landings,OFFICIAL STATISTIC (annual publication of monthly pounds and value),https://www.maine.gov/dmr/sites/maine.gov.dmr/files/inline-files/LobByCntyMoZone.pdf,2026-09-22T20:16:42+00:00,evidence/maine_dmr_landings/pdf.pdf,3bff08eeef50efc9788ffaa1e4198548c6edc5ed6ab0e8fdcacc082738928280,DMR file as of 2/6/2026. Derived from 81552042 USD / 18488931 lb.
dmr_maine_lobster_ex_vessel_usd_per_lb,Maine DMR: lobster ex-vessel price USD/lb (derived: value / pounds),2023-08,4.5859,USD per lb,maine_dmr_landings,OFFICIAL STATISTIC (annual publication of monthly pounds and value),https://www.maine.gov/dmr/sites/maine.gov.dmr/files/inline-files/LobByCntyMoZone.pdf,2026-09-22T20:16:42+00:00,evidence/maine_dmr_landings/pdf.pdf,3bff08eeef50efc9788ffaa1e4198548c6edc5ed6ab0e8fdcacc082738928280,DMR file as of 2/6/2026. Derived from 87525932 USD / 19085910 lb.
dmr_maine_lobster_ex_vessel_usd_per_lb,Maine DMR: lobster ex-vessel price USD/lb (derived: value / pounds),2023-09,4.991,USD per lb,maine_dmr_landings,OFFICIAL STATISTIC (annual publication of monthly pounds and value),https://www.maine.gov/dmr/sites/maine.gov.dmr/files/inline-files/LobByCntyMoZone.pdf,2026-09-22T20:16:42+00:00,evidence/maine_dmr_landings/pdf.pdf,3bff08eeef50efc9788ffaa1e4198548c6edc5ed6ab0e8fdcacc082738928280,DMR file as of 2/6/2026. Derived from 76029650 USD / 15233406 lb.
dmr_maine_lobster_ex_vessel_usd_per_lb,Maine DMR: lobster ex-vessel price USD/lb (derived: value / pounds),2023-10,4.8349,USD per lb,maine_dmr_landings,OFFICIAL STATISTIC (annual publication of monthly pounds and value),https://www.maine.gov/dmr/sites/maine.gov.dmr/files/inline-files/LobByCntyMoZone.pdf,2026-09-22T20:16:42+00:00,evidence/maine_dmr_landings/pdf.pdf,3bff08eeef50efc9788ffaa1e4198548c6edc5ed6ab0e8fdcacc082738928280,DMR file as of 2/6/2026. Derived from 73773296 USD / 15258386 lb.
dmr_maine_lobster_ex_vessel_usd_per_lb,Maine DMR: lobster ex-vessel price USD/lb (derived: value / pounds),2023-11,4.9105,USD per lb,maine_dmr_landings,OFFICIAL STATISTIC (annual publication of monthly pounds and value),https://www.maine.gov/dmr/sites/maine.gov.dmr/files/inline-files/LobByCntyMoZone.pdf,2026-09-22T20:16:42+00:00,evidence/maine_dmr_landings/pdf.pdf,3bff08eeef50efc9788ffaa1e4198548c6edc5ed6ab0e8fdcacc082738928280,DMR file as of 2/6/2026. Derived from 47678379 USD / 9709416 lb.
dmr_maine_lobster_ex_vessel_usd_per_lb,Maine DMR: lobster ex-vessel price USD/lb (derived: value / pounds),2023-12,6.238,USD per lb,maine_dmr_landings,OFFICIAL STATISTIC (annual publication of monthly pounds and value),https://www.maine.gov/dmr/sites/maine.gov.dmr/files/inline-files/LobByCntyMoZone.pdf,2026-09-22T20:16:42+00:00,evidence/maine_dmr_landings/pdf.pdf,3bff08eeef50efc9788ffaa1e4198548c6edc5ed6ab0e8fdcacc082738928280,DMR file as of 2/6/2026. Derived from 36343578 USD / 5826148 lb.
dmr_maine_lobster_ex_vessel_usd_per_lb,Maine DMR: lobster ex-vessel price USD/lb (derived: value / pounds),2024-01,7.2145,USD per lb,maine_dmr_landings,OFFICIAL STATISTIC (annual publication of monthly pounds and value),https://www.maine.gov/dmr/sites/maine.gov.dmr/files/inline-files/LobByCntyMoZone.pdf,2026-09-22T20:16:42+00:00,evidence/maine_dmr_landings/pdf.pdf,3bff08eeef50efc9788ffaa1e4198548c6edc5ed6ab0e8fdcacc082738928280,DMR file as of 2/6/2026. Derived from 17818981 USD / 2469897 lb.
dmr_maine_lobster_ex_vessel_usd_per_lb,Maine DMR: lobster ex-vessel price USD/lb (derived: value / pounds),2024-02,9.5602,USD per lb,maine_dmr_landings,OFFICIAL STATISTIC (annual publication of monthly pounds and value),https://www.maine.gov/dmr/sites/maine.gov.dmr/files/inline-files/LobByCntyMoZone.pdf,2026-09-22T20:16:42+00:00,evidence/maine_dmr_landings/pdf.pdf,3bff08eeef50efc9788ffaa1e4198548c6edc5ed6ab0e8fdcacc082738928280,DMR file as of 2/6/2026. Derived from 11681870 USD / 1221929 lb.
dmr_maine_lobster_ex_vessel_usd_per_lb,Maine DMR: lobster ex-vessel price USD/lb (derived: value / pounds),2024-03,12.4071,USD per lb,maine_dmr_landings,OFFICIAL STATISTIC (annual publication of monthly pounds and value),https://www.maine.gov/dmr/sites/maine.gov.dmr/files/inline-files/LobByCntyMoZone.pdf,2026-09-22T20:16:42+00:00,evidence/maine_dmr_landings/pdf.pdf,3bff08eeef50efc9788ffaa1e4198548c6edc5ed6ab0e8fdcacc082738928280,DMR file as of 2/6/2026. Derived from 13538490 USD / 1091192 lb.
dmr_maine_lobster_ex_vessel_usd_per_lb,Maine DMR: lobster ex-vessel price USD/lb (derived: value / pounds),2024-04,9.1648,USD per lb,maine_dmr_landings,OFFICIAL STATISTIC (annual publication of monthly pounds and value),https://www.maine.gov/dmr/sites/maine.gov.dmr/files/inline-files/LobByCntyMoZone.pdf,2026-09-22T20:16:42+00:00,evidence/maine_dmr_landings/pdf.pdf,3bff08eeef50efc9788ffaa1e4198548c6edc5ed6ab0e8fdcacc082738928280,DMR file as of 2/6/2026. Derived from 10846700 USD / 1183517 lb.
dmr_maine_lobster_ex_vessel_usd_per_lb,Maine DMR: lobster ex-vessel price USD/lb (derived: value / pounds),2024-05,5.9336,USD per lb,maine_dmr_landings,OFFICIAL STATISTIC (annual publication of monthly pounds and value),https://www.maine.gov/dmr/sites/maine.gov.dmr/files/inline-files/LobByCntyMoZone.pdf,2026-09-22T20:16:42+00:00,evidence/maine_dmr_landings/pdf.pdf,3bff08eeef50efc9788ffaa1e4198548c6edc5ed6ab0e8fdcacc082738928280,DMR file as of 2/6/2026. Derived from 14966932 USD / 2522404 lb.
dmr_maine_lobster_ex_vessel_usd_per_lb,Maine DMR: lobster ex-vessel price USD/lb (derived: value / pounds),2024-06,4.8752,USD per lb,maine_dmr_landings,OFFICIAL STATISTIC (annual publication of monthly pounds and value),https://www.maine.gov/dmr/sites/maine.gov.dmr/files/inline-files/LobByCntyMoZone.pdf,2026-09-22T20:16:42+00:00,evidence/maine_dmr_landings/pdf.pdf,3bff08eeef50efc9788ffaa1e4198548c6edc5ed6ab0e8fdcacc082738928280,DMR file as of 2/6/2026. Derived from 17525034 USD / 3594707 lb.
dmr_maine_lobster_ex_vessel_usd_per_lb,Maine DMR: lobster ex-vessel price USD/lb (derived: value / pounds),2024-07,4.8592,USD per lb,maine_dmr_landings,OFFICIAL STATISTIC (annual publication of monthly pounds and value),https://www.maine.gov/dmr/sites/maine.gov.dmr/files/inline-files/LobByCntyMoZone.pdf,2026-09-22T20:16:42+00:00,evidence/maine_dmr_landings/pdf.pdf,3bff08eeef50efc9788ffaa1e4198548c6edc5ed6ab0e8fdcacc082738928280,DMR file as of 2/6/2026. Derived from 62037406 USD / 12766982 lb.
dmr_maine_lobster_ex_vessel_usd_per_lb,Maine DMR: lobster ex-vessel price USD/lb (derived: value / pounds),2024-08,5.2246,USD per lb,maine_dmr_landings,OFFICIAL STATISTIC (annual publication of monthly pounds and value),https://www.maine.gov/dmr/sites/maine.gov.dmr/files/inline-files/LobByCntyMoZone.pdf,2026-09-22T20:16:42+00:00,evidence/maine_dmr_landings/pdf.pdf,3bff08eeef50efc9788ffaa1e4198548c6edc5ed6ab0e8fdcacc082738928280,DMR file as of 2/6/2026. Derived from 93598953 USD / 17915127 lb.
dmr_maine_lobster_ex_vessel_usd_per_lb,Maine DMR: lobster ex-vessel price USD/lb (derived: value / pounds),2024-09,6.2815,USD per lb,maine_dmr_landings,OFFICIAL STATISTIC (annual publication of monthly pounds and value),https://www.maine.gov/dmr/sites/maine.gov.dmr/files/inline-files/LobByCntyMoZone.pdf,2026-09-22T20:16:42+00:00,evidence/maine_dmr_landings/pdf.pdf,3bff08eeef50efc9788ffaa1e4198548c6edc5ed6ab0e8fdcacc082738928280,DMR file as of 2/6/2026. Derived from 88811457 USD / 14138551 lb.
dmr_maine_lobster_ex_vessel_usd_per_lb,Maine DMR: lobster ex-vessel price USD/lb (derived: value / pounds),2024-10,6.6582,USD per lb,maine_dmr_landings,OFFICIAL STATISTIC (annual publication of monthly pounds and value),https://www.maine.gov/dmr/sites/maine.gov.dmr/files/inline-files/LobByCntyMoZone.pdf,2026-09-22T20:16:42+00:00,evidence/maine_dmr_landings/pdf.pdf,3bff08eeef50efc9788ffaa1e4198548c6edc5ed6ab0e8fdcacc082738928280,DMR file as of 2/6/2026. Derived from 100236630 USD / 15054693 lb.
dmr_maine_lobster_ex_vessel_usd_per_lb,Maine DMR: lobster ex-vessel price USD/lb (derived: value / pounds),2024-11,6.8173,USD per lb,maine_dmr_landings,OFFICIAL STATISTIC (annual publication of monthly pounds and value),https://www.maine.gov/dmr/sites/maine.gov.dmr/files/inline-files/LobByCntyMoZone.pdf,2026-09-22T20:16:42+00:00,evidence/maine_dmr_landings/pdf.pdf,3bff08eeef50efc9788ffaa1e4198548c6edc5ed6ab0e8fdcacc082738928280,DMR file as of 2/6/2026. Derived from 63361765 USD / 9294324 lb.
dmr_maine_lobster_ex_vessel_usd_per_lb,Maine DMR: lobster ex-vessel price USD/lb (derived: value / pounds),2024-12,6.9766,USD per lb,maine_dmr_landings,OFFICIAL STATISTIC (annual publication of monthly pounds and value),https://www.maine.gov/dmr/sites/maine.gov.dmr/files/inline-files/LobByCntyMoZone.pdf,2026-09-22T20:16:42+00:00,evidence/maine_dmr_landings/pdf.pdf,3bff08eeef50efc9788ffaa1e4198548c6edc5ed6ab0e8fdcacc082738928280,DMR file as of 2/6/2026. Derived from 42042484 USD / 6026200 lb.
dmr_maine_lobster_ex_vessel_usd_per_lb,Maine DMR: lobster ex-vessel price USD/lb (derived: value / pounds),2025-01,7.6864,USD per lb,maine_dmr_landings,OFFICIAL STATISTIC (annual publication of monthly pounds and value),https://www.maine.gov/dmr/sites/maine.gov.dmr/files/inline-files/LobByCntyMoZone.pdf,2026-09-22T20:16:42+00:00,evidence/maine_dmr_landings/pdf.pdf,3bff08eeef50efc9788ffaa1e4198548c6edc5ed6ab0e8fdcacc082738928280,DMR file as of 2/6/2026. Preliminary. Derived from 15959056 USD / 2076275 lb.
dmr_maine_lobster_ex_vessel_usd_per_lb,Maine DMR: lobster ex-vessel price USD/lb (derived: value / pounds),2025-02,8.616,USD per lb,maine_dmr_landings,OFFICIAL STATISTIC (annual publication of monthly pounds and value),https://www.maine.gov/dmr/sites/maine.gov.dmr/files/inline-files/LobByCntyMoZone.pdf,2026-09-22T20:16:42+00:00,evidence/maine_dmr_landings/pdf.pdf,3bff08eeef50efc9788ffaa1e4198548c6edc5ed6ab0e8fdcacc082738928280,DMR file as of 2/6/2026. Preliminary. Derived from 9201592 USD / 1067968 lb.
dmr_maine_lobster_ex_vessel_usd_per_lb,Maine DMR: lobster ex-vessel price USD/lb (derived: value / pounds),2025-03,10.6215,USD per lb,maine_dmr_landings,OFFICIAL STATISTIC (annual publication of monthly pounds and value),https://www.maine.gov/dmr/sites/maine.gov.dmr/files/inline-files/LobByCntyMoZone.pdf,2026-09-22T20:16:42+00:00,evidence/maine_dmr_landings/pdf.pdf,3bff08eeef50efc9788ffaa1e4198548c6edc5ed6ab0e8fdcacc082738928280,DMR file as of 2/6/2026. Preliminary. Derived from 9454793 USD / 890160 lb.
dmr_maine_lobster_ex_vessel_usd_per_lb,Maine DMR: lobster ex-vessel price USD/lb (derived: value / pounds),2025-04,8.8006,USD per lb,maine_dmr_landings,OFFICIAL STATISTIC (annual publication of monthly pounds and value),https://www.maine.gov/dmr/sites/maine.gov.dmr/files/inline-files/LobByCntyMoZone.pdf,2026-09-22T20:16:42+00:00,evidence/maine_dmr_landings/pdf.pdf,3bff08eeef50efc9788ffaa1e4198548c6edc5ed6ab0e8fdcacc082738928280,DMR file as of 2/6/2026. Preliminary. Derived from 9791842 USD / 1112628 lb.
dmr_maine_lobster_ex_vessel_usd_per_lb,Maine DMR: lobster ex-vessel price USD/lb (derived: value / pounds),2025-05,5.3357,USD per lb,maine_dmr_landings,OFFICIAL STATISTIC (annual publication of monthly pounds and value),https://www.maine.gov/dmr/sites/maine.gov.dmr/files/inline-files/LobByCntyMoZone.pdf,2026-09-22T20:16:42+00:00,evidence/maine_dmr_landings/pdf.pdf,3bff08eeef50efc9788ffaa1e4198548c6edc5ed6ab0e8fdcacc082738928280,DMR file as of 2/6/2026. Preliminary. Derived from 12142512 USD / 2275718 lb.
dmr_maine_lobster_ex_vessel_usd_per_lb,Maine DMR: lobster ex-vessel price USD/lb (derived: value / pounds),2025-06,5.7711,USD per lb,maine_dmr_landings,OFFICIAL STATISTIC (annual publication of monthly pounds and value),https://www.maine.gov/dmr/sites/maine.gov.dmr/files/inline-files/LobByCntyMoZone.pdf,2026-09-22T20:16:42+00:00,evidence/maine_dmr_landings/pdf.pdf,3bff08eeef50efc9788ffaa1e4198548c6edc5ed6ab0e8fdcacc082738928280,DMR file as of 2/6/2026. Preliminary. Derived from 18089000 USD / 3134392 lb.
dmr_maine_lobster_ex_vessel_usd_per_lb,Maine DMR: lobster ex-vessel price USD/lb (derived: value / pounds),2025-07,5.8661,USD per lb,maine_dmr_landings,OFFICIAL STATISTIC (annual publication of monthly pounds and value),https://www.maine.gov/dmr/sites/maine.gov.dmr/files/inline-files/LobByCntyMoZone.pdf,2026-09-22T20:16:42+00:00,evidence/maine_dmr_landings/pdf.pdf,3bff08eeef50efc9788ffaa1e4198548c6edc5ed6ab0e8fdcacc082738928280,DMR file as of 2/6/2026. Preliminary. Derived from 51513063 USD / 8781526 lb.
dmr_maine_lobster_ex_vessel_usd_per_lb,Maine DMR: lobster ex-vessel price USD/lb (derived: value / pounds),2025-08,5.5176,USD per lb,maine_dmr_landings,OFFICIAL STATISTIC (annual publication of monthly pounds and value),https://www.maine.gov/dmr/sites/maine.gov.dmr/files/inline-files/LobByCntyMoZone.pdf,2026-09-22T20:16:42+00:00,evidence/maine_dmr_landings/pdf.pdf,3bff08eeef50efc9788ffaa1e4198548c6edc5ed6ab0e8fdcacc082738928280,DMR file as of 2/6/2026. Preliminary. Derived from 84291327 USD / 15276689 lb.
dmr_maine_lobster_ex_vessel_usd_per_lb,Maine DMR: lobster ex-vessel price USD/lb (derived: value / pounds),2025-09,6.1507,USD per lb,maine_dmr_landings,OFFICIAL STATISTIC (annual publication of monthly pounds and value),https://www.maine.gov/dmr/sites/maine.gov.dmr/files/inline-files/LobByCntyMoZone.pdf,2026-09-22T20:16:42+00:00,evidence/maine_dmr_landings/pdf.pdf,3bff08eeef50efc9788ffaa1e4198548c6edc5ed6ab0e8fdcacc082738928280,DMR file as of 2/6/2026. Preliminary. Derived from 86500254 USD / 14063429 lb.
dmr_maine_lobster_ex_vessel_usd_per_lb,Maine DMR: lobster ex-vessel price USD/lb (derived: value / pounds),2025-10,5.7819,USD per lb,maine_dmr_landings,OFFICIAL STATISTIC (annual publication of monthly pounds and value),https://www.maine.gov/dmr/sites/maine.gov.dmr/files/inline-files/LobByCntyMoZone.pdf,2026-09-22T20:16:42+00:00,evidence/maine_dmr_landings/pdf.pdf,3bff08eeef50efc9788ffaa1e4198548c6edc5ed6ab0e8fdcacc082738928280,DMR file as of 2/6/2026. Preliminary. Derived from 85930219 USD / 14861916 lb.
dmr_maine_lobster_ex_vessel_usd_per_lb,Maine DMR: lobster ex-vessel price USD/lb (derived: value / pounds),2025-11,5.1878,USD per lb,maine_dmr_landings,OFFICIAL STATISTIC (annual publication of monthly pounds and value),https://www.maine.gov/dmr/sites/maine.gov.dmr/files/inline-files/LobByCntyMoZone.pdf,2026-09-22T20:16:42+00:00,evidence/maine_dmr_landings/pdf.pdf,3bff08eeef50efc9788ffaa1e4198548c6edc5ed6ab0e8fdcacc082738928280,DMR file as of 2/6/2026. Preliminary. Derived from 54308315 USD / 10468423 lb.
dmr_maine_lobster_ex_vessel_usd_per_lb,Maine DMR: lobster ex-vessel price USD/lb (derived: value / pounds),2025-12,5.0238,USD per lb,maine_dmr_landings,OFFICIAL STATISTIC (annual publication of monthly pounds and value),https://www.maine.gov/dmr/sites/maine.gov.dmr/files/inline-files/LobByCntyMoZone.pdf,2026-09-22T20:16:42+00:00,evidence/maine_dmr_landings/pdf.pdf,3bff08eeef50efc9788ffaa1e4198548c6edc5ed6ab0e8fdcacc082738928280,DMR file as of 2/6/2026. Preliminary. Derived from 24202432 USD / 4817559 lb.
dmr_maine_lobster_landings_lb,"Maine DMR: lobster landings, pounds (statewide, by month)",2004-01,903566.0,lb,maine_dmr_landings,OFFICIAL STATISTIC (annual publication of monthly pounds and value),https://www.maine.gov/dmr/sites/maine.gov.dmr/files/inline-files/LobByCntyMoZone.pdf,2026-09-22T20:16:42+00:00,evidence/maine_dmr_landings/pdf.pdf,3bff08eeef50efc9788ffaa1e4198548c6edc5ed6ab0e8fdcacc082738928280,DMR file as of 2/6/2026.
dmr_maine_lobster_landings_lb,"Maine DMR: lobster landings, pounds (statewide, by month)",2004-02,547545.0,lb,maine_dmr_landings,OFFICIAL STATISTIC (annual publication of monthly pounds and value),https://www.maine.gov/dmr/sites/maine.gov.dmr/files/inline-files/LobByCntyMoZone.pdf,2026-09-22T20:16:42+00:00,evidence/maine_dmr_landings/pdf.pdf,3bff08eeef50efc9788ffaa1e4198548c6edc5ed6ab0e8fdcacc082738928280,DMR file as of 2/6/2026.
dmr_maine_lobster_landings_lb,"Maine DMR: lobster landings, pounds (statewide, by month)",2004-03,474441.0,lb,maine_dmr_landings,OFFICIAL STATISTIC (annual publication of monthly pounds and value),https://www.maine.gov/dmr/sites/maine.gov.dmr/files/inline-files/LobByCntyMoZone.pdf,2026-09-22T20:16:42+00:00,evidence/maine_dmr_landings/pdf.pdf,3bff08eeef50efc9788ffaa1e4198548c6edc5ed6ab0e8fdcacc082738928280,DMR file as of 2/6/2026.
dmr_maine_lobster_landings_lb,"Maine DMR: lobster landings, pounds (statewide, by month)",2004-04,1068740.0,lb,maine_dmr_landings,OFFICIAL STATISTIC (annual publication of monthly pounds and value),https://www.maine.gov/dmr/sites/maine.gov.dmr/files/inline-files/LobByCntyMoZone.pdf,2026-09-22T20:16:42+00:00,evidence/maine_dmr_landings/pdf.pdf,3bff08eeef50efc9788ffaa1e4198548c6edc5ed6ab0e8fdcacc082738928280,DMR file as of 2/6/2026.
dmr_maine_lobster_landings_lb,"Maine DMR: lobster landings, pounds (statewide, by month)",2004-05,2263452.0,lb,maine_dmr_landings,OFFICIAL STATISTIC (annual publication of monthly pounds and value),https://www.maine.gov/dmr/sites/maine.gov.dmr/files/inline-files/LobByCntyMoZone.pdf,2026-09-22T20:16:42+00:00,evidence/maine_dmr_landings/pdf.pdf,3bff08eeef50efc9788ffaa1e4198548c6edc5ed6ab0e8fdcacc082738928280,DMR file as of 2/6/2026.
dmr_maine_lobster_landings_lb,"Maine DMR: lobster landings, pounds (statewide, by month)",2004-06,3973277.0,lb,maine_dmr_landings,OFFICIAL STATISTIC (annual publication of monthly pounds and value),https://www.maine.gov/dmr/sites/maine.gov.dmr/files/inline-files/LobByCntyMoZone.pdf,2026-09-22T20:16:42+00:00,evidence/maine_dmr_landings/pdf.pdf,3bff08eeef50efc9788ffaa1e4198548c6edc5ed6ab0e8fdcacc082738928280,DMR file as of 2/6/2026.
dmr_maine_lobster_landings_lb,"Maine DMR: lobster landings, pounds (statewide, by month)",2004-07,6070070.0,lb,maine_dmr_landings,OFFICIAL STATISTIC (annual publication of monthly pounds and value),https://www.maine.gov/dmr/sites/maine.gov.dmr/files/inline-files/LobByCntyMoZone.pdf,2026-09-22T20:16:42+00:00,evidence/maine_dmr_landings/pdf.pdf,3bff08eeef50efc9788ffaa1e4198548c6edc5ed6ab0e8fdcacc082738928280,DMR file as of 2/6/2026.
dmr_maine_lobster_landings_lb,"Maine DMR: lobster landings, pounds (statewide, by month)",2004-08,12179748.0,lb,maine_dmr_landings,OFFICIAL STATISTIC (annual publication of monthly pounds and value),https://www.maine.gov/dmr/sites/maine.gov.dmr/files/inline-files/LobByCntyMoZone.pdf,2026-09-22T20:16:42+00:00,evidence/maine_dmr_landings/pdf.pdf,3bff08eeef50efc9788ffaa1e4198548c6edc5ed6ab0e8fdcacc082738928280,DMR file as of 2/6/2026.
dmr_maine_lobster_landings_lb,"Maine DMR: lobster landings, pounds (statewide, by month)",2004-09,14264507.0,lb,maine_dmr_landings,OFFICIAL STATISTIC (annual publication of monthly pounds and value),https://www.maine.gov/dmr/sites/maine.gov.dmr/files/inline-files/LobByCntyMoZone.pdf,2026-09-22T20:16:42+00:00,evidence/maine_dmr_landings/pdf.pdf,3bff08eeef50efc9788ffaa1e4198548c6edc5ed6ab0e8fdcacc082738928280,DMR file as of 2/6/2026.
dmr_maine_lobster_landings_lb,"Maine DMR: lobster landings, pounds (statewide, by month)",2004-10,13025419.0,lb,maine_dmr_landings,OFFICIAL STATISTIC (annual publication of monthly pounds and value),https://www.maine.gov/dmr/sites/maine.gov.dmr/files/inline-files/LobByCntyMoZone.pdf,2026-09-22T20:16:42+00:00,evidence/maine_dmr_landings/pdf.pdf,3bff08eeef50efc9788ffaa1e4198548c6edc5ed6ab0e8fdcacc082738928280,DMR file as of 2/6/2026.
dmr_maine_lobster_landings_lb,"Maine DMR: lobster landings, pounds (statewide, by month)",2004-11,12181848.0,lb,maine_dmr_landings,OFFICIAL STATISTIC (annual publication of monthly pounds and value),https://www.maine.gov/dmr/sites/maine.gov.dmr/files/inline-files/LobByCntyMoZone.pdf,2026-09-22T20:16:42+00:00,evidence/maine_dmr_landings/pdf.pdf,3bff08eeef50efc9788ffaa1e4198548c6edc5ed6ab0e8fdcacc082738928280,DMR file as of 2/6/2026.
dmr_maine_lobster_landings_lb,"Maine DMR: lobster landings, pounds (statewide, by month)",2004-12,4621631.0,lb,maine_dmr_landings,OFFICIAL STATISTIC (annual publication of monthly pounds and value),https://www.maine.gov/dmr/sites/maine.gov.dmr/files/inline-files/LobByCntyMoZone.pdf,2026-09-22T20:16:42+00:00,evidence/maine_dmr_landings/pdf.pdf,3bff08eeef50efc9788ffaa1e4198548c6edc5ed6ab0e8fdcacc082738928280,DMR file as of 2/6/2026.
dmr_maine_lobster_landings_lb,"Maine DMR: lobster landings, pounds (statewide, by month)",2005-01,1306644.0,lb,maine_dmr_landings,OFFICIAL STATISTIC (annual publication of monthly pounds and value),https://www.maine.gov/dmr/sites/maine.gov.dmr/files/inline-files/LobByCntyMoZone.pdf,2026-09-22T20:16:42+00:00,evidence/maine_dmr_landings/pdf.pdf,3bff08eeef50efc9788ffaa1e4198548c6edc5ed6ab0e8fdcacc082738928280,DMR file as of 2/6/2026.
dmr_maine_lobster_landings_lb,"Maine DMR: lobster landings, pounds (statewide, by month)",2005-02,589075.0,lb,maine_dmr_landings,OFFICIAL STATISTIC (annual publication of monthly pounds and value),https://www.maine.gov/dmr/sites/maine.gov.dmr/files/inline-files/LobByCntyMoZone.pdf,2026-09-22T20:16:42+00:00,evidence/maine_dmr_landings/pdf.pdf,3bff08eeef50efc9788ffaa1e4198548c6edc5ed6ab0e8fdcacc082738928280,DMR file as of 2/6/2026.
dmr_maine_lobster_landings_lb,"Maine DMR: lobster landings, pounds (statewide, by month)",2005-03,455276.0,lb,maine_dmr_landings,OFFICIAL STATISTIC (annual publication of monthly pounds and value),https://www.maine.gov/dmr/sites/maine.gov.dmr/files/inline-files/LobByCntyMoZone.pdf,2026-09-22T20:16:42+00:00,evidence/maine_dmr_landings/pdf.pdf,3bff08eeef50efc9788ffaa1e4198548c6edc5ed6ab0e8fdcacc082738928280,DMR file as of 2/6/2026.
dmr_maine_lobster_landings_lb,"Maine DMR: lobster landings, pounds (statewide, by month)",2005-04,1075281.0,lb,maine_dmr_landings,OFFICIAL STATISTIC (annual publication of monthly pounds and value),https://www.maine.gov/dmr/sites/maine.gov.dmr/files/inline-files/LobByCntyMoZone.pdf,2026-09-22T20:16:42+00:00,evidence/maine_dmr_landings/pdf.pdf,3bff08eeef50efc9788ffaa1e4198548c6edc5ed6ab0e8fdcacc082738928280,DMR file as of 2/6/2026.
dmr_maine_lobster_landings_lb,"Maine DMR: lobster landings, pounds (statewide, by month)",2005-05,2410035.0,lb,maine_dmr_landings,OFFICIAL STATISTIC (annual publication of monthly pounds and value),https://www.maine.gov/dmr/sites/maine.gov.dmr/files/inline-files/LobByCntyMoZone.pdf,2026-09-22T20:16:42+00:00,evidence/maine_dmr_landings/pdf.pdf,3bff08eeef50efc9788ffaa1e4198548c6edc5ed6ab0e8fdcacc082738928280,DMR file as of 2/6/2026.
dmr_maine_lobster_landings_lb,"Maine DMR: lobster landings, pounds (statewide, by month)",2005-06,2743911.0,lb,maine_dmr_landings,OFFICIAL STATISTIC (annual publication of monthly pounds and value),https://www.maine.gov/dmr/sites/maine.gov.dmr/files/inline-files/LobByCntyMoZone.pdf,2026-09-22T20:16:42+00:00,evidence/maine_dmr_landings/pdf.pdf,3bff08eeef50efc9788ffaa1e4198548c6edc5ed6ab0e8fdcacc082738928280,DMR file as of 2/6/2026.
dmr_maine_lobster_landings_lb,"Maine DMR: lobster landings, pounds (statewide, by month)",2005-07,5397526.0,lb,maine_dmr_landings,OFFICIAL STATISTIC (annual publication of monthly pounds and value),https://www.maine.gov/dmr/sites/maine.gov.dmr/files/inline-files/LobByCntyMoZone.pdf,2026-09-22T20:16:42+00:00,evidence/maine_dmr_landings/pdf.pdf,3bff08eeef50efc9788ffaa1e4198548c6edc5ed6ab0e8fdcacc082738928280,DMR file as of 2/6/2026.
dmr_maine_lobster_landings_lb,"Maine DMR: lobster landings, pounds (statewide, by month)",2005-08,10076192.0,lb,maine_dmr_landings,OFFICIAL STATISTIC (annual publication of monthly pounds and value),https://www.maine.gov/dmr/sites/maine.gov.dmr/files/inline-files/LobByCntyMoZone.pdf,2026-09-22T20:16:42+00:00,evidence/maine_dmr_landings/pdf.pdf,3bff08eeef50efc9788ffaa1e4198548c6edc5ed6ab0e8fdcacc082738928280,DMR file as of 2/6/2026.
dmr_maine_lobster_landings_lb,"Maine DMR: lobster landings, pounds (statewide, by month)",2005-09,13126930.0,lb,maine_dmr_landings,OFFICIAL STATISTIC (annual publication of monthly pounds and value),https://www.maine.gov/dmr/sites/maine.gov.dmr/files/inline-files/LobByCntyMoZone.pdf,2026-09-22T20:16:42+00:00,evidence/maine_dmr_landings/pdf.pdf,3bff08eeef50efc9788ffaa1e4198548c6edc5ed6ab0e8fdcacc082738928280,DMR file as of 2/6/2026.
dmr_maine_lobster_landings_lb,"Maine DMR: lobster landings, pounds (statewide, by month)",2005-10,14698512.0,lb,maine_dmr_landings,OFFICIAL STATISTIC (annual publication of monthly pounds and value),https://www.maine.gov/dmr/sites/maine.gov.dmr/files/inline-files/LobByCntyMoZone.pdf,2026-09-22T20:16:42+00:00,evidence/maine_dmr_landings/pdf.pdf,3bff08eeef50efc9788ffaa1e4198548c6edc5ed6ab0e8fdcacc082738928280,DMR file as of 2/6/2026.
dmr_maine_lobster_landings_lb,"Maine DMR: lobster landings, pounds (statewide, by month)",2005-11,12608919.0,lb,maine_dmr_landings,OFFICIAL STATISTIC (annual publication of monthly pounds and value),https://www.maine.gov/dmr/sites/maine.gov.dmr/files/inline-files/LobByCntyMoZone.pdf,2026-09-22T20:16:42+00:00,evidence/maine_dmr_landings/pdf.pdf,3bff08eeef50efc9788ffaa1e4198548c6edc5ed6ab0e8fdcacc082738928280,DMR file as of 2/6/2026.
dmr_maine_lobster_landings_lb,"Maine DMR: lobster landings, pounds (statewide, by month)",2005-12,4241560.0,lb,maine_dmr_landings,OFFICIAL STATISTIC (annual publication of monthly pounds and value),https://www.maine.gov/dmr/sites/maine.gov.dmr/files/inline-files/LobByCntyMoZone.pdf,2026-09-22T20:16:42+00:00,evidence/maine_dmr_landings/pdf.pdf,3bff08eeef50efc9788ffaa1e4198548c6edc5ed6ab0e8fdcacc082738928280,DMR file as of 2/6/2026.
dmr_maine_lobster_landings_lb,"Maine DMR: lobster landings, pounds (statewide, by month)",2006-01,1240565.0,lb,maine_dmr_landings,OFFICIAL STATISTIC (annual publication of monthly pounds and value),https://www.maine.gov/dmr/sites/maine.gov.dmr/files/inline-files/LobByCntyMoZone.pdf,2026-09-22T20:16:42+00:00,evidence/maine_dmr_landings/pdf.pdf,3bff08eeef50efc9788ffaa1e4198548c6edc5ed6ab0e8fdcacc082738928280,DMR file as of 2/6/2026.
dmr_maine_lobster_landings_lb,"Maine DMR: lobster landings, pounds (statewide, by month)",2006-02,585547.0,lb,maine_dmr_landings,OFFICIAL STATISTIC (annual publication of monthly pounds and value),https://www.maine.gov/dmr/sites/maine.gov.dmr/files/inline-files/LobByCntyMoZone.pdf,2026-09-22T20:16:42+00:00,evidence/maine_dmr_landings/pdf.pdf,3bff08eeef50efc9788ffaa1e4198548c6edc5ed6ab0e8fdcacc082738928280,DMR file as of 2/6/2026.
dmr_maine_lobster_landings_lb,"Maine DMR: lobster landings, pounds (statewide, by month)",2006-03,611321.0,lb,maine_dmr_landings,OFFICIAL STATISTIC (annual publication of monthly pounds and value),https://www.maine.gov/dmr/sites/maine.gov.dmr/files/inline-files/LobByCntyMoZone.pdf,2026-09-22T20:16:42+00:00,evidence/maine_dmr_landings/pdf.pdf,3bff08eeef50efc9788ffaa1e4198548c6edc5ed6ab0e8fdcacc082738928280,DMR file as of 2/6/2026.
dmr_maine_lobster_landings_lb,"Maine DMR: lobster landings, pounds (statewide, by month)",2006-04,897261.0,lb,maine_dmr_landings,OFFICIAL STATISTIC (annual publication of monthly pounds and value),https://www.maine.gov/dmr/sites/maine.gov.dmr/files/inline-files/LobByCntyMoZone.pdf,2026-09-22T20:16:42+00:00,evidence/maine_dmr_landings/pdf.pdf,3bff08eeef50efc9788ffaa1e4198548c6edc5ed6ab0e8fdcacc082738928280,DMR file as of 2/6/2026.
dmr_maine_lobster_landings_lb,"Maine DMR: lobster landings, pounds (statewide, by month)",2006-05,1816073.0,lb,maine_dmr_landings,OFFICIAL STATISTIC (annual publication of monthly pounds and value),https://www.maine.gov/dmr/sites/maine.gov.dmr/files/inline-files/LobByCntyMoZone.pdf,2026-09-22T20:16:42+00:00,evidence/maine_dmr_landings/pdf.pdf,3bff08eeef50efc9788ffaa1e4198548c6edc5ed6ab0e8fdcacc082738928280,DMR file as of 2/6/2026.
dmr_maine_lobster_landings_lb,"Maine DMR: lobster landings, pounds (statewide, by month)",2006-06,4270568.0,lb,maine_dmr_landings,OFFICIAL STATISTIC (annual publication of monthly pounds and value),https://www.maine.gov/dmr/sites/maine.gov.dmr/files/inline-files/LobByCntyMoZone.pdf,2026-09-22T20:16:42+00:00,evidence/maine_dmr_landings/pdf.pdf,3bff08eeef50efc9788ffaa1e4198548c6edc5ed6ab0e8fdcacc082738928280,DMR file as of 2/6/2026.
dmr_maine_lobster_landings_lb,"Maine DMR: lobster landings, pounds (statewide, by month)",2006-07,10928454.0,lb,maine_dmr_landings,OFFICIAL STATISTIC (annual publication of monthly pounds and value),https://www.maine.gov/dmr/sites/maine.gov.dmr/files/inline-files/LobByCntyMoZone.pdf,2026-09-22T20:16:42+00:00,evidence/maine_dmr_landings/pdf.pdf,3bff08eeef50efc9788ffaa1e4198548c6edc5ed6ab0e8fdcacc082738928280,DMR file as of 2/6/2026.
dmr_maine_lobster_landings_lb,"Maine DMR: lobster landings, pounds (statewide, by month)",2006-08,13535491.0,lb,maine_dmr_landings,OFFICIAL STATISTIC (annual publication of monthly pounds and value),https://www.maine.gov/dmr/sites/maine.gov.dmr/files/inline-files/LobByCntyMoZone.pdf,2026-09-22T20:16:42+00:00,evidence/maine_dmr_landings/pdf.pdf,3bff08eeef50efc9788ffaa1e4198548c6edc5ed6ab0e8fdcacc082738928280,DMR file as of 2/6/2026.
dmr_maine_lobster_landings_lb,"Maine DMR: lobster landings, pounds (statewide, by month)",2006-09,13416558.0,lb,maine_dmr_landings,OFFICIAL STATISTIC (annual publication of monthly pounds and value),https://www.maine.gov/dmr/sites/maine.gov.dmr/files/inline-files/LobByCntyMoZone.pdf,2026-09-22T20:16:42+00:00,evidence/maine_dmr_landings/pdf.pdf,3bff08eeef50efc9788ffaa1e4198548c6edc5ed6ab0e8fdcacc082738928280,DMR file as of 2/6/2026.
dmr_maine_lobster_landings_lb,"Maine DMR: lobster landings, pounds (statewide, by month)",2006-10,16224717.0,lb,maine_dmr_landings,OFFICIAL STATISTIC (annual publication of monthly pounds and value),https://www.maine.gov/dmr/sites/maine.gov.dmr/files/inline-files/LobByCntyMoZone.pdf,2026-09-22T20:16:42+00:00,evidence/maine_dmr_landings/pdf.pdf,3bff08eeef50efc9788ffaa1e4198548c6edc5ed6ab0e8fdcacc082738928280,DMR file as of 2/6/2026.
dmr_maine_lobster_landings_lb,"Maine DMR: lobster landings, pounds (statewide, by month)",2006-11,8652353.0,lb,maine_dmr_landings,OFFICIAL STATISTIC (annual publication of monthly pounds and value),https://www.maine.gov/dmr/sites/maine.gov.dmr/files/inline-files/LobByCntyMoZone.pdf,2026-09-22T20:16:42+00:00,evidence/maine_dmr_landings/pdf.pdf,3bff08eeef50efc9788ffaa1e4198548c6edc5ed6ab0e8fdcacc082738928280,DMR file as of 2/6/2026.
dmr_maine_lobster_landings_lb,"Maine DMR: lobster landings, pounds (statewide, by month)",2006-12,3166919.0,lb,maine_dmr_landings,OFFICIAL STATISTIC (annual publication of monthly pounds and value),https://www.maine.gov/dmr/sites/maine.gov.dmr/files/inline-files/LobByCntyMoZone.pdf,2026-09-22T20:16:42+00:00,evidence/maine_dmr_landings/pdf.pdf,3bff08eeef50efc9788ffaa1e4198548c6edc5ed6ab0e8fdcacc082738928280,DMR file as of 2/6/2026.
dmr_maine_lobster_landings_lb,"Maine DMR: lobster landings, pounds (statewide, by month)",2007-01,670872.0,lb,maine_dmr_landings,OFFICIAL STATISTIC (annual publication of monthly pounds and value),https://www.maine.gov/dmr/sites/maine.gov.dmr/files/inline-files/LobByCntyMoZone.pdf,2026-09-22T20:16:42+00:00,evidence/maine_dmr_landings/pdf.pdf,3bff08eeef50efc9788ffaa1e4198548c6edc5ed6ab0e8fdcacc082738928280,DMR file as of 2/6/2026.
dmr_maine_lobster_landings_lb,"Maine DMR: lobster landings, pounds (statewide, by month)",2007-02,224176.0,lb,maine_dmr_landings,OFFICIAL STATISTIC (annual publication of monthly pounds and value),https://www.maine.gov/dmr/sites/maine.gov.dmr/files/inline-files/LobByCntyMoZone.pdf,2026-09-22T20:16:42+00:00,evidence/maine_dmr_landings/pdf.pdf,3bff08eeef50efc9788ffaa1e4198548c6edc5ed6ab0e8fdcacc082738928280,DMR file as of 2/6/2026.
dmr_maine_lobster_landings_lb,"Maine DMR: lobster landings, pounds (statewide, by month)",2007-03,182481.0,lb,maine_dmr_landings,OFFICIAL STATISTIC (annual publication of monthly pounds and value),https://www.maine.gov/dmr/sites/maine.gov.dmr/files/inline-files/LobByCntyMoZone.pdf,2026-09-22T20:16:42+00:00,evidence/maine_dmr_landings/pdf.pdf,3bff08eeef50efc9788ffaa1e4198548c6edc5ed6ab0e8fdcacc082738928280,DMR file as of 2/6/2026.
dmr_maine_lobster_landings_lb,"Maine DMR: lobster landings, pounds (statewide, by month)",2007-04,396476.0,lb,maine_dmr_landings,OFFICIAL STATISTIC (annual publication of monthly pounds and value),https://www.maine.gov/dmr/sites/maine.gov.dmr/files/inline-files/LobByCntyMoZone.pdf,2026-09-22T20:16:42+00:00,evidence/maine_dmr_landings/pdf.pdf,3bff08eeef50efc9788ffaa1e4198548c6edc5ed6ab0e8fdcacc082738928280,DMR file as of 2/6/2026.
dmr_maine_lobster_landings_lb,"Maine DMR: lobster landings, pounds (statewide, by month)",2007-05,1553274.0,lb,maine_dmr_landings,OFFICIAL STATISTIC (annual publication of monthly pounds and value),https://www.maine.gov/dmr/sites/maine.gov.dmr/files/inline-files/LobByCntyMoZone.pdf,2026-09-22T20:16:42+00:00,evidence/maine_dmr_landings/pdf.pdf,3bff08eeef50efc9788ffaa1e4198548c6edc5ed6ab0e8fdcacc082738928280,DMR file as of 2/6/2026.
dmr_maine_lobster_landings_lb,"Maine DMR: lobster landings, pounds (statewide, by month)",2007-06,1998351.0,lb,maine_dmr_landings,OFFICIAL STATISTIC (annual publication of monthly pounds and value),https://www.maine.gov/dmr/sites/maine.gov.dmr/files/inline-files/LobByCntyMoZone.pdf,2026-09-22T20:16:42+00:00,evidence/maine_dmr_landings/pdf.pdf,3bff08eeef50efc9788ffaa1e4198548c6edc5ed6ab0e8fdcacc082738928280,DMR file as of 2/6/2026.
dmr_maine_lobster_landings_lb,"Maine DMR: lobster landings, pounds (statewide, by month)",2007-07,7688718.0,lb,maine_dmr_landings,OFFICIAL STATISTIC (annual publication of monthly pounds and value),https://www.maine.gov/dmr/sites/maine.gov.dmr/files/inline-files/LobByCntyMoZone.pdf,2026-09-22T20:16:42+00:00,evidence/maine_dmr_landings/pdf.pdf,3bff08eeef50efc9788ffaa1e4198548c6edc5ed6ab0e8fdcacc082738928280,DMR file as of 2/6/2026.
dmr_maine_lobster_landings_lb,"Maine DMR: lobster landings, pounds (statewide, by month)",2007-08,15614615.0,lb,maine_dmr_landings,OFFICIAL STATISTIC (annual publication of monthly pounds and value),https://www.maine.gov/dmr/sites/maine.gov.dmr/files/inline-files/LobByCntyMoZone.pdf,2026-09-22T20:16:42+00:00,evidence/maine_dmr_landings/pdf.pdf,3bff08eeef50efc9788ffaa1e4198548c6edc5ed6ab0e8fdcacc082738928280,DMR file as of 2/6/2026.
dmr_maine_lobster_landings_lb,"Maine DMR: lobster landings, pounds (statewide, by month)",2007-09,11915731.0,lb,maine_dmr_landings,OFFICIAL STATISTIC (annual publication of monthly pounds and value),https://www.maine.gov/dmr/sites/maine.gov.dmr/files/inline-files/LobByCntyMoZone.pdf,2026-09-22T20:16:42+00:00,evidence/maine_dmr_landings/pdf.pdf,3bff08eeef50efc9788ffaa1e4198548c6edc5ed6ab0e8fdcacc082738928280,DMR file as of 2/6/2026.
dmr_maine_lobster_landings_lb,"Maine DMR: lobster landings, pounds (statewide, by month)",2007-10,12783395.0,lb,maine_dmr_landings,OFFICIAL STATISTIC (annual publication of monthly pounds and value),https://www.maine.gov/dmr/sites/maine.gov.dmr/files/inline-files/LobByCntyMoZone.pdf,2026-09-22T20:16:42+00:00,evidence/maine_dmr_landings/pdf.pdf,3bff08eeef50efc9788ffaa1e4198548c6edc5ed6ab0e8fdcacc082738928280,DMR file as of 2/6/2026.
dmr_maine_lobster_landings_lb,"Maine DMR: lobster landings, pounds (statewide, by month)",2007-11,7243425.0,lb,maine_dmr_landings,OFFICIAL STATISTIC (annual publication of monthly pounds and value),https://www.maine.gov/dmr/sites/maine.gov.dmr/files/inline-files/LobByCntyMoZone.pdf,2026-09-22T20:16:42+00:00,evidence/maine_dmr_landings/pdf.pdf,3bff08eeef50efc9788ffaa1e4198548c6edc5ed6ab0e8fdcacc082738928280,DMR file as of 2/6/2026.
dmr_maine_lobster_landings_lb,"Maine DMR: lobster landings, pounds (statewide, by month)",2007-12,3704445.0,lb,maine_dmr_landings,OFFICIAL STATISTIC (annual publication of monthly pounds and value),https://www.maine.gov/dmr/sites/maine.gov.dmr/files/inline-files/LobByCntyMoZone.pdf,2026-09-22T20:16:42+00:00,evidence/maine_dmr_landings/pdf.pdf,3bff08eeef50efc9788ffaa1e4198548c6edc5ed6ab0e8fdcacc082738928280,DMR file as of 2/6/2026.
dmr_maine_lobster_landings_lb,"Maine DMR: lobster landings, pounds (statewide, by month)",2008-01,1098736.0,lb,maine_dmr_landings,OFFICIAL STATISTIC (annual publication of monthly pounds and value),https://www.maine.gov/dmr/sites/maine.gov.dmr/files/inline-files/LobByCntyMoZone.pdf,2026-09-22T20:16:42+00:00,evidence/maine_dmr_landings/pdf.pdf,3bff08eeef50efc9788ffaa1e4198548c6edc5ed6ab0e8fdcacc082738928280,DMR file as of 2/6/2026.
dmr_maine_lobster_landings_lb,"Maine DMR: lobster landings, pounds (statewide, by month)",2008-02,534986.0,lb,maine_dmr_landings,OFFICIAL STATISTIC (annual publication of monthly pounds and value),https://www.maine.gov/dmr/sites/maine.gov.dmr/files/inline-files/LobByCntyMoZone.pdf,2026-09-22T20:16:42+00:00,evidence/maine_dmr_landings/pdf.pdf,3bff08eeef50efc9788ffaa1e4198548c6edc5ed6ab0e8fdcacc082738928280,DMR file as of 2/6/2026.
dmr_maine_lobster_landings_lb,"Maine DMR: lobster landings, pounds (statewide, by month)",2008-03,409173.0,lb,maine_dmr_landings,OFFICIAL STATISTIC (annual publication of monthly pounds and value),https://www.maine.gov/dmr/sites/maine.gov.dmr/files/inline-files/LobByCntyMoZone.pdf,2026-09-22T20:16:42+00:00,evidence/maine_dmr_landings/pdf.pdf,3bff08eeef50efc9788ffaa1e4198548c6edc5ed6ab0e8fdcacc082738928280,DMR file as of 2/6/2026.
dmr_maine_lobster_landings_lb,"Maine DMR: lobster landings, pounds (statewide, by month)",2008-04,956907.0,lb,maine_dmr_landings,OFFICIAL STATISTIC (annual publication of monthly pounds and value),https://www.maine.gov/dmr/sites/maine.gov.dmr/files/inline-files/LobByCntyMoZone.pdf,2026-09-22T20:16:42+00:00,evidence/maine_dmr_landings/pdf.pdf,3bff08eeef50efc9788ffaa1e4198548c6edc5ed6ab0e8fdcacc082738928280,DMR file as of 2/6/2026.
dmr_maine_lobster_landings_lb,"Maine DMR: lobster landings, pounds (statewide, by month)",2008-05,2253509.0,lb,maine_dmr_landings,OFFICIAL STATISTIC (annual publication of monthly pounds and value),https://www.maine.gov/dmr/sites/maine.gov.dmr/files/inline-files/LobByCntyMoZone.pdf,2026-09-22T20:16:42+00:00,evidence/maine_dmr_landings/pdf.pdf,3bff08eeef50efc9788ffaa1e4198548c6edc5ed6ab0e8fdcacc082738928280,DMR file as of 2/6/2026.
dmr_maine_lobster_landings_lb,"Maine DMR: lobster landings, pounds (statewide, by month)",2008-06,2236889.0,lb,maine_dmr_landings,OFFICIAL STATISTIC (annual publication of monthly pounds and value),https://www.maine.gov/dmr/sites/maine.gov.dmr/files/inline-files/LobByCntyMoZone.pdf,2026-09-22T20:16:42+00:00,evidence/maine_dmr_landings/pdf.pdf,3bff08eeef50efc9788ffaa1e4198548c6edc5ed6ab0e8fdcacc082738928280,DMR file as of 2/6/2026.
dmr_maine_lobster_landings_lb,"Maine DMR: lobster landings, pounds (statewide, by month)",2008-07,9404003.0,lb,maine_dmr_landings,OFFICIAL STATISTIC (annual publication of monthly pounds and value),https://www.maine.gov/dmr/sites/maine.gov.dmr/files/inline-files/LobByCntyMoZone.pdf,2026-09-22T20:16:42+00:00,evidence/maine_dmr_landings/pdf.pdf,3bff08eeef50efc9788ffaa1e4198548c6edc5ed6ab0e8fdcacc082738928280,DMR file as of 2/6/2026.
dmr_maine_lobster_landings_lb,"Maine DMR: lobster landings, pounds (statewide, by month)",2008-08,14661596.0,lb,maine_dmr_landings,OFFICIAL STATISTIC (annual publication of monthly pounds and value),https://www.maine.gov/dmr/sites/maine.gov.dmr/files/inline-files/LobByCntyMoZone.pdf,2026-09-22T20:16:42+00:00,evidence/maine_dmr_landings/pdf.pdf,3bff08eeef50efc9788ffaa1e4198548c6edc5ed6ab0e8fdcacc082738928280,DMR file as of 2/6/2026.
dmr_maine_lobster_landings_lb,"Maine DMR: lobster landings, pounds (statewide, by month)",2008-09,14340012.0,lb,maine_dmr_landings,OFFICIAL STATISTIC (annual publication of monthly pounds and value),https://www.maine.gov/dmr/sites/maine.gov.dmr/files/inline-files/LobByCntyMoZone.pdf,2026-09-22T20:16:42+00:00,evidence/maine_dmr_landings/pdf.pdf,3bff08eeef50efc9788ffaa1e4198548c6edc5ed6ab0e8fdcacc082738928280,DMR file as of 2/6/2026.
dmr_maine_lobster_landings_lb,"Maine DMR: lobster landings, pounds (statewide, by month)",2008-10,13395581.0,lb,maine_dmr_landings,OFFICIAL STATISTIC (annual publication of monthly pounds and value),https://www.maine.gov/dmr/sites/maine.gov.dmr/files/inline-files/LobByCntyMoZone.pdf,2026-09-22T20:16:42+00:00,evidence/maine_dmr_landings/pdf.pdf,3bff08eeef50efc9788ffaa1e4198548c6edc5ed6ab0e8fdcacc082738928280,DMR file as of 2/6/2026.
dmr_maine_lobster_landings_lb,"Maine DMR: lobster landings, pounds (statewide, by month)",2008-11,8073456.0,lb,maine_dmr_landings,OFFICIAL STATISTIC (annual publication of monthly pounds and value),https://www.maine.gov/dmr/sites/maine.gov.dmr/files/inline-files/LobByCntyMoZone.pdf,2026-09-22T20:16:42+00:00,evidence/maine_dmr_landings/pdf.pdf,3bff08eeef50efc9788ffaa1e4198548c6edc5ed6ab0e8fdcacc082738928280,DMR file as of 2/6/2026.
dmr_maine_lobster_landings_lb,"Maine DMR: lobster landings, pounds (statewide, by month)",2008-12,2543657.0,lb,maine_dmr_landings,OFFICIAL STATISTIC (annual publication of monthly pounds and value),https://www.maine.gov/dmr/sites/maine.gov.dmr/files/inline-files/LobByCntyMoZone.pdf,2026-09-22T20:16:42+00:00,evidence/maine_dmr_landings/pdf.pdf,3bff08eeef50efc9788ffaa1e4198548c6edc5ed6ab0e8fdcacc082738928280,DMR file as of 2/6/2026.
dmr_maine_lobster_landings_lb,"Maine DMR: lobster landings, pounds (statewide, by month)",2009-01,1206768.0,lb,maine_dmr_landings,OFFICIAL STATISTIC (annual publication of monthly pounds and value),https://www.maine.gov/dmr/sites/maine.gov.dmr/files/inline-files/LobByCntyMoZone.pdf,2026-09-22T20:16:42+00:00,evidence/maine_dmr_landings/pdf.pdf,3bff08eeef50efc9788ffaa1e4198548c6edc5ed6ab0e8fdcacc082738928280,DMR file as of 2/6/2026.
dmr_maine_lobster_landings_lb,"Maine DMR: lobster landings, pounds (statewide, by month)",2009-02,430092.0,lb,maine_dmr_landings,OFFICIAL STATISTIC (annual publication of monthly pounds and value),https://www.maine.gov/dmr/sites/maine.gov.dmr/files/inline-files/LobByCntyMoZone.pdf,2026-09-22T20:16:42+00:00,evidence/maine_dmr_landings/pdf.pdf,3bff08eeef50efc9788ffaa1e4198548c6edc5ed6ab0e8fdcacc082738928280,DMR file as of 2/6/2026.
dmr_maine_lobster_landings_lb,"Maine DMR: lobster landings, pounds (statewide, by month)",2009-03,355780.0,lb,maine_dmr_landings,OFFICIAL STATISTIC (annual publication of monthly pounds and value),https://www.maine.gov/dmr/sites/maine.gov.dmr/files/inline-files/LobByCntyMoZone.pdf,2026-09-22T20:16:42+00:00,evidence/maine_dmr_landings/pdf.pdf,3bff08eeef50efc9788ffaa1e4198548c6edc5ed6ab0e8fdcacc082738928280,DMR file as of 2/6/2026.
dmr_maine_lobster_landings_lb,"Maine DMR: lobster landings, pounds (statewide, by month)",2009-04,849123.0,lb,maine_dmr_landings,OFFICIAL STATISTIC (annual publication of monthly pounds and value),https://www.maine.gov/dmr/sites/maine.gov.dmr/files/inline-files/LobByCntyMoZone.pdf,2026-09-22T20:16:42+00:00,evidence/maine_dmr_landings/pdf.pdf,3bff08eeef50efc9788ffaa1e4198548c6edc5ed6ab0e8fdcacc082738928280,DMR file as of 2/6/2026.
dmr_maine_lobster_landings_lb,"Maine DMR: lobster landings, pounds (statewide, by month)",2009-05,2142314.0,lb,maine_dmr_landings,OFFICIAL STATISTIC (annual publication of monthly pounds and value),https://www.maine.gov/dmr/sites/maine.gov.dmr/files/inline-files/LobByCntyMoZone.pdf,2026-09-22T20:16:42+00:00,evidence/maine_dmr_landings/pdf.pdf,3bff08eeef50efc9788ffaa1e4198548c6edc5ed6ab0e8fdcacc082738928280,DMR file as of 2/6/2026.
dmr_maine_lobster_landings_lb,"Maine DMR: lobster landings, pounds (statewide, by month)",2009-06,2321065.0,lb,maine_dmr_landings,OFFICIAL STATISTIC (annual publication of monthly pounds and value),https://www.maine.gov/dmr/sites/maine.gov.dmr/files/inline-files/LobByCntyMoZone.pdf,2026-09-22T20:16:42+00:00,evidence/maine_dmr_landings/pdf.pdf,3bff08eeef50efc9788ffaa1e4198548c6edc5ed6ab0e8fdcacc082738928280,DMR file as of 2/6/2026.
dmr_maine_lobster_landings_lb,"Maine DMR: lobster landings, pounds (statewide, by month)",2009-07,9734875.0,lb,maine_dmr_landings,OFFICIAL STATISTIC (annual publication of monthly pounds and value),https://www.maine.gov/dmr/sites/maine.gov.dmr/files/inline-files/LobByCntyMoZone.pdf,2026-09-22T20:16:42+00:00,evidence/maine_dmr_landings/pdf.pdf,3bff08eeef50efc9788ffaa1e4198548c6edc5ed6ab0e8fdcacc082738928280,DMR file as of 2/6/2026.
dmr_maine_lobster_landings_lb,"Maine DMR: lobster landings, pounds (statewide, by month)",2009-08,16889829.0,lb,maine_dmr_landings,OFFICIAL STATISTIC (annual publication of monthly pounds and value),https://www.maine.gov/dmr/sites/maine.gov.dmr/files/inline-files/LobByCntyMoZone.pdf,2026-09-22T20:16:42+00:00,evidence/maine_dmr_landings/pdf.pdf,3bff08eeef50efc9788ffaa1e4198548c6edc5ed6ab0e8fdcacc082738928280,DMR file as of 2/6/2026.
dmr_maine_lobster_landings_lb,"Maine DMR: lobster landings, pounds (statewide, by month)",2009-09,16892449.0,lb,maine_dmr_landings,OFFICIAL STATISTIC (annual publication of monthly pounds and value),https://www.maine.gov/dmr/sites/maine.gov.dmr/files/inline-files/LobByCntyMoZone.pdf,2026-09-22T20:16:42+00:00,evidence/maine_dmr_landings/pdf.pdf,3bff08eeef50efc9788ffaa1e4198548c6edc5ed6ab0e8fdcacc082738928280,DMR file as of 2/6/2026.
dmr_maine_lobster_landings_lb,"Maine DMR: lobster landings, pounds (statewide, by month)",2009-10,15399962.0,lb,maine_dmr_landings,OFFICIAL STATISTIC (annual publication of monthly pounds and value),https://www.maine.gov/dmr/sites/maine.gov.dmr/files/inline-files/LobByCntyMoZone.pdf,2026-09-22T20:16:42+00:00,evidence/maine_dmr_landings/pdf.pdf,3bff08eeef50efc9788ffaa1e4198548c6edc5ed6ab0e8fdcacc082738928280,DMR file as of 2/6/2026.
dmr_maine_lobster_landings_lb,"Maine DMR: lobster landings, pounds (statewide, by month)",2009-11,10482863.0,lb,maine_dmr_landings,OFFICIAL STATISTIC (annual publication of monthly pounds and value),https://www.maine.gov/dmr/sites/maine.gov.dmr/files/inline-files/LobByCntyMoZone.pdf,2026-09-22T20:16:42+00:00,evidence/maine_dmr_landings/pdf.pdf,3bff08eeef50efc9788ffaa1e4198548c6edc5ed6ab0e8fdcacc082738928280,DMR file as of 2/6/2026.
dmr_maine_lobster_landings_lb,"Maine DMR: lobster landings, pounds (statewide, by month)",2009-12,4469517.0,lb,maine_dmr_landings,OFFICIAL STATISTIC (annual publication of monthly pounds and value),https://www.maine.gov/dmr/sites/maine.gov.dmr/files/inline-files/LobByCntyMoZone.pdf,2026-09-22T20:16:42+00:00,evidence/maine_dmr_landings/pdf.pdf,3bff08eeef50efc9788ffaa1e4198548c6edc5ed6ab0e8fdcacc082738928280,DMR file as of 2/6/2026.
dmr_maine_lobster_landings_lb,"Maine DMR: lobster landings, pounds (statewide, by month)",2010-01,1283629.0,lb,maine_dmr_landings,OFFICIAL STATISTIC (annual publication of monthly pounds and value),https://www.maine.gov/dmr/sites/maine.gov.dmr/files/inline-files/LobByCntyMoZone.pdf,2026-09-22T20:16:42+00:00,evidence/maine_dmr_landings/pdf.pdf,3bff08eeef50efc9788ffaa1e4198548c6edc5ed6ab0e8fdcacc082738928280,DMR file as of 2/6/2026.
dmr_maine_lobster_landings_lb,"Maine DMR: lobster landings, pounds (statewide, by month)",2010-02,349065.0,lb,maine_dmr_landings,OFFICIAL STATISTIC (annual publication of monthly pounds and value),https://www.maine.gov/dmr/sites/maine.gov.dmr/files/inline-files/LobByCntyMoZone.pdf,2026-09-22T20:16:42+00:00,evidence/maine_dmr_landings/pdf.pdf,3bff08eeef50efc9788ffaa1e4198548c6edc5ed6ab0e8fdcacc082738928280,DMR file as of 2/6/2026.
dmr_maine_lobster_landings_lb,"Maine DMR: lobster landings, pounds (statewide, by month)",2010-03,372948.0,lb,maine_dmr_landings,OFFICIAL STATISTIC (annual publication of monthly pounds and value),https://www.maine.gov/dmr/sites/maine.gov.dmr/files/inline-files/LobByCntyMoZone.pdf,2026-09-22T20:16:42+00:00,evidence/maine_dmr_landings/pdf.pdf,3bff08eeef50efc9788ffaa1e4198548c6edc5ed6ab0e8fdcacc082738928280,DMR file as of 2/6/2026.
dmr_maine_lobster_landings_lb,"Maine DMR: lobster landings, pounds (statewide, by month)",2010-04,1141694.0,lb,maine_dmr_landings,OFFICIAL STATISTIC (annual publication of monthly pounds and value),https://www.maine.gov/dmr/sites/maine.gov.dmr/files/inline-files/LobByCntyMoZone.pdf,2026-09-22T20:16:42+00:00,evidence/maine_dmr_landings/pdf.pdf,3bff08eeef50efc9788ffaa1e4198548c6edc5ed6ab0e8fdcacc082738928280,DMR file as of 2/6/2026.
dmr_maine_lobster_landings_lb,"Maine DMR: lobster landings, pounds (statewide, by month)",2010-05,2535678.0,lb,maine_dmr_landings,OFFICIAL STATISTIC (annual publication of monthly pounds and value),https://www.maine.gov/dmr/sites/maine.gov.dmr/files/inline-files/LobByCntyMoZone.pdf,2026-09-22T20:16:42+00:00,evidence/maine_dmr_landings/pdf.pdf,3bff08eeef50efc9788ffaa1e4198548c6edc5ed6ab0e8fdcacc082738928280,DMR file as of 2/6/2026.
dmr_maine_lobster_landings_lb,"Maine DMR: lobster landings, pounds (statewide, by month)",2010-06,4783134.0,lb,maine_dmr_landings,OFFICIAL STATISTIC (annual publication of monthly pounds and value),https://www.maine.gov/dmr/sites/maine.gov.dmr/files/inline-files/LobByCntyMoZone.pdf,2026-09-22T20:16:42+00:00,evidence/maine_dmr_landings/pdf.pdf,3bff08eeef50efc9788ffaa1e4198548c6edc5ed6ab0e8fdcacc082738928280,DMR file as of 2/6/2026.
dmr_maine_lobster_landings_lb,"Maine DMR: lobster landings, pounds (statewide, by month)",2010-07,17566484.0,lb,maine_dmr_landings,OFFICIAL STATISTIC (annual publication of monthly pounds and value),https://www.maine.gov/dmr/sites/maine.gov.dmr/files/inline-files/LobByCntyMoZone.pdf,2026-09-22T20:16:42+00:00,evidence/maine_dmr_landings/pdf.pdf,3bff08eeef50efc9788ffaa1e4198548c6edc5ed6ab0e8fdcacc082738928280,DMR file as of 2/6/2026.
dmr_maine_lobster_landings_lb,"Maine DMR: lobster landings, pounds (statewide, by month)",2010-08,20318382.0,lb,maine_dmr_landings,OFFICIAL STATISTIC (annual publication of monthly pounds and value),https://www.maine.gov/dmr/sites/maine.gov.dmr/files/inline-files/LobByCntyMoZone.pdf,2026-09-22T20:16:42+00:00,evidence/maine_dmr_landings/pdf.pdf,3bff08eeef50efc9788ffaa1e4198548c6edc5ed6ab0e8fdcacc082738928280,DMR file as of 2/6/2026.
dmr_maine_lobster_landings_lb,"Maine DMR: lobster landings, pounds (statewide, by month)",2010-09,16544120.0,lb,maine_dmr_landings,OFFICIAL STATISTIC (annual publication of monthly pounds and value),https://www.maine.gov/dmr/sites/maine.gov.dmr/files/inline-files/LobByCntyMoZone.pdf,2026-09-22T20:16:42+00:00,evidence/maine_dmr_landings/pdf.pdf,3bff08eeef50efc9788ffaa1e4198548c6edc5ed6ab0e8fdcacc082738928280,DMR file as of 2/6/2026.
dmr_maine_lobster_landings_lb,"Maine DMR: lobster landings, pounds (statewide, by month)",2010-10,18301776.0,lb,maine_dmr_landings,OFFICIAL STATISTIC (annual publication of monthly pounds and value),https://www.maine.gov/dmr/sites/maine.gov.dmr/files/inline-files/LobByCntyMoZone.pdf,2026-09-22T20:16:42+00:00,evidence/maine_dmr_landings/pdf.pdf,3bff08eeef50efc9788ffaa1e4198548c6edc5ed6ab0e8fdcacc082738928280,DMR file as of 2/6/2026.
dmr_maine_lobster_landings_lb,"Maine DMR: lobster landings, pounds (statewide, by month)",2010-11,9944423.0,lb,maine_dmr_landings,OFFICIAL STATISTIC (annual publication of monthly pounds and value),https://www.maine.gov/dmr/sites/maine.gov.dmr/files/inline-files/LobByCntyMoZone.pdf,2026-09-22T20:16:42+00:00,evidence/maine_dmr_landings/pdf.pdf,3bff08eeef50efc9788ffaa1e4198548c6edc5ed6ab0e8fdcacc082738928280,DMR file as of 2/6/2026.
dmr_maine_lobster_landings_lb,"Maine DMR: lobster landings, pounds (statewide, by month)",2010-12,3067439.0,lb,maine_dmr_landings,OFFICIAL STATISTIC (annual publication of monthly pounds and value),https://www.maine.gov/dmr/sites/maine.gov.dmr/files/inline-files/LobByCntyMoZone.pdf,2026-09-22T20:16:42+00:00,evidence/maine_dmr_landings/pdf.pdf,3bff08eeef50efc9788ffaa1e4198548c6edc5ed6ab0e8fdcacc082738928280,DMR file as of 2/6/2026.
dmr_maine_lobster_landings_lb,"Maine DMR: lobster landings, pounds (statewide, by month)",2011-01,1199375.0,lb,maine_dmr_landings,OFFICIAL STATISTIC (annual publication of monthly pounds and value),https://www.maine.gov/dmr/sites/maine.gov.dmr/files/inline-files/LobByCntyMoZone.pdf,2026-09-22T20:16:42+00:00,evidence/maine_dmr_landings/pdf.pdf,3bff08eeef50efc9788ffaa1e4198548c6edc5ed6ab0e8fdcacc082738928280,DMR file as of 2/6/2026.
dmr_maine_lobster_landings_lb,"Maine DMR: lobster landings, pounds (statewide, by month)",2011-02,364138.0,lb,maine_dmr_landings,OFFICIAL STATISTIC (annual publication of monthly pounds and value),https://www.maine.gov/dmr/sites/maine.gov.dmr/files/inline-files/LobByCntyMoZone.pdf,2026-09-22T20:16:42+00:00,evidence/maine_dmr_landings/pdf.pdf,3bff08eeef50efc9788ffaa1e4198548c6edc5ed6ab0e8fdcacc082738928280,DMR file as of 2/6/2026.
dmr_maine_lobster_landings_lb,"Maine DMR: lobster landings, pounds (statewide, by month)",2011-03,508733.0,lb,maine_dmr_landings,OFFICIAL STATISTIC (annual publication of monthly pounds and value),https://www.maine.gov/dmr/sites/maine.gov.dmr/files/inline-files/LobByCntyMoZone.pdf,2026-09-22T20:16:42+00:00,evidence/maine_dmr_landings/pdf.pdf,3bff08eeef50efc9788ffaa1e4198548c6edc5ed6ab0e8fdcacc082738928280,DMR file as of 2/6/2026.
dmr_maine_lobster_landings_lb,"Maine DMR: lobster landings, pounds (statewide, by month)",2011-04,879722.0,lb,maine_dmr_landings,OFFICIAL STATISTIC (annual publication of monthly pounds and value),https://www.maine.gov/dmr/sites/maine.gov.dmr/files/inline-files/LobByCntyMoZone.pdf,2026-09-22T20:16:42+00:00,evidence/maine_dmr_landings/pdf.pdf,3bff08eeef50efc9788ffaa1e4198548c6edc5ed6ab0e8fdcacc082738928280,DMR file as of 2/6/2026.
dmr_maine_lobster_landings_lb,"Maine DMR: lobster landings, pounds (statewide, by month)",2011-05,2427968.0,lb,maine_dmr_landings,OFFICIAL STATISTIC (annual publication of monthly pounds and value),https://www.maine.gov/dmr/sites/maine.gov.dmr/files/inline-files/LobByCntyMoZone.pdf,2026-09-22T20:16:42+00:00,evidence/maine_dmr_landings/pdf.pdf,3bff08eeef50efc9788ffaa1e4198548c6edc5ed6ab0e8fdcacc082738928280,DMR file as of 2/6/2026.
dmr_maine_lobster_landings_lb,"Maine DMR: lobster landings, pounds (statewide, by month)",2011-06,3526325.0,lb,maine_dmr_landings,OFFICIAL STATISTIC (annual publication of monthly pounds and value),https://www.maine.gov/dmr/sites/maine.gov.dmr/files/inline-files/LobByCntyMoZone.pdf,2026-09-22T20:16:42+00:00,evidence/maine_dmr_landings/pdf.pdf,3bff08eeef50efc9788ffaa1e4198548c6edc5ed6ab0e8fdcacc082738928280,DMR file as of 2/6/2026.
dmr_maine_lobster_landings_lb,"Maine DMR: lobster landings, pounds (statewide, by month)",2011-07,16645452.0,lb,maine_dmr_landings,OFFICIAL STATISTIC (annual publication of monthly pounds and value),https://www.maine.gov/dmr/sites/maine.gov.dmr/files/inline-files/LobByCntyMoZone.pdf,2026-09-22T20:16:42+00:00,evidence/maine_dmr_landings/pdf.pdf,3bff08eeef50efc9788ffaa1e4198548c6edc5ed6ab0e8fdcacc082738928280,DMR file as of 2/6/2026.
dmr_maine_lobster_landings_lb,"Maine DMR: lobster landings, pounds (statewide, by month)",2011-08,27292884.0,lb,maine_dmr_landings,OFFICIAL STATISTIC (annual publication of monthly pounds and value),https://www.maine.gov/dmr/sites/maine.gov.dmr/files/inline-files/LobByCntyMoZone.pdf,2026-09-22T20:16:42+00:00,evidence/maine_dmr_landings/pdf.pdf,3bff08eeef50efc9788ffaa1e4198548c6edc5ed6ab0e8fdcacc082738928280,DMR file as of 2/6/2026.
dmr_maine_lobster_landings_lb,"Maine DMR: lobster landings, pounds (statewide, by month)",2011-09,20369443.0,lb,maine_dmr_landings,OFFICIAL STATISTIC (annual publication of monthly pounds and value),https://www.maine.gov/dmr/sites/maine.gov.dmr/files/inline-files/LobByCntyMoZone.pdf,2026-09-22T20:16:42+00:00,evidence/maine_dmr_landings/pdf.pdf,3bff08eeef50efc9788ffaa1e4198548c6edc5ed6ab0e8fdcacc082738928280,DMR file as of 2/6/2026.
dmr_maine_lobster_landings_lb,"Maine DMR: lobster landings, pounds (statewide, by month)",2011-10,18224545.0,lb,maine_dmr_landings,OFFICIAL STATISTIC (annual publication of monthly pounds and value),https://www.maine.gov/dmr/sites/maine.gov.dmr/files/inline-files/LobByCntyMoZone.pdf,2026-09-22T20:16:42+00:00,evidence/maine_dmr_landings/pdf.pdf,3bff08eeef50efc9788ffaa1e4198548c6edc5ed6ab0e8fdcacc082738928280,DMR file as of 2/6/2026.
dmr_maine_lobster_landings_lb,"Maine DMR: lobster landings, pounds (statewide, by month)",2011-11,9735352.0,lb,maine_dmr_landings,OFFICIAL STATISTIC (annual publication of monthly pounds and value),https://www.maine.gov/dmr/sites/maine.gov.dmr/files/inline-files/LobByCntyMoZone.pdf,2026-09-22T20:16:42+00:00,evidence/maine_dmr_landings/pdf.pdf,3bff08eeef50efc9788ffaa1e4198548c6edc5ed6ab0e8fdcacc082738928280,DMR file as of 2/6/2026.
dmr_maine_lobster_landings_lb,"Maine DMR: lobster landings, pounds (statewide, by month)",2011-12,3750792.0,lb,maine_dmr_landings,OFFICIAL STATISTIC (annual publication of monthly pounds and value),https://www.maine.gov/dmr/sites/maine.gov.dmr/files/inline-files/LobByCntyMoZone.pdf,2026-09-22T20:16:42+00:00,evidence/maine_dmr_landings/pdf.pdf,3bff08eeef50efc9788ffaa1e4198548c6edc5ed6ab0e8fdcacc082738928280,DMR file as of 2/6/2026.
dmr_maine_lobster_landings_lb,"Maine DMR: lobster landings, pounds (statewide, by month)",2012-01,1349746.0,lb,maine_dmr_landings,OFFICIAL STATISTIC (annual publication of monthly pounds and value),https://www.maine.gov/dmr/sites/maine.gov.dmr/files/inline-files/LobByCntyMoZone.pdf,2026-09-22T20:16:42+00:00,evidence/maine_dmr_landings/pdf.pdf,3bff08eeef50efc9788ffaa1e4198548c6edc5ed6ab0e8fdcacc082738928280,DMR file as of 2/6/2026.
dmr_maine_lobster_landings_lb,"Maine DMR: lobster landings, pounds (statewide, by month)",2012-02,783866.0,lb,maine_dmr_landings,OFFICIAL STATISTIC (annual publication of monthly pounds and value),https://www.maine.gov/dmr/sites/maine.gov.dmr/files/inline-files/LobByCntyMoZone.pdf,2026-09-22T20:16:42+00:00,evidence/maine_dmr_landings/pdf.pdf,3bff08eeef50efc9788ffaa1e4198548c6edc5ed6ab0e8fdcacc082738928280,DMR file as of 2/6/2026.
dmr_maine_lobster_landings_lb,"Maine DMR: lobster landings, pounds (statewide, by month)",2012-03,609825.0,lb,maine_dmr_landings,OFFICIAL STATISTIC (annual publication of monthly pounds and value),https://www.maine.gov/dmr/sites/maine.gov.dmr/files/inline-files/LobByCntyMoZone.pdf,2026-09-22T20:16:42+00:00,evidence/maine_dmr_landings/pdf.pdf,3bff08eeef50efc9788ffaa1e4198548c6edc5ed6ab0e8fdcacc082738928280,DMR file as of 2/6/2026.
dmr_maine_lobster_landings_lb,"Maine DMR: lobster landings, pounds (statewide, by month)",2012-04,1249805.0,lb,maine_dmr_landings,OFFICIAL STATISTIC (annual publication of monthly pounds and value),https://www.maine.gov/dmr/sites/maine.gov.dmr/files/inline-files/LobByCntyMoZone.pdf,2026-09-22T20:16:42+00:00,evidence/maine_dmr_landings/pdf.pdf,3bff08eeef50efc9788ffaa1e4198548c6edc5ed6ab0e8fdcacc082738928280,DMR file as of 2/6/2026.
dmr_maine_lobster_landings_lb,"Maine DMR: lobster landings, pounds (statewide, by month)",2012-05,2726086.0,lb,maine_dmr_landings,OFFICIAL STATISTIC (annual publication of monthly pounds and value),https://www.maine.gov/dmr/sites/maine.gov.dmr/files/inline-files/LobByCntyMoZone.pdf,2026-09-22T20:16:42+00:00,evidence/maine_dmr_landings/pdf.pdf,3bff08eeef50efc9788ffaa1e4198548c6edc5ed6ab0e8fdcacc082738928280,DMR file as of 2/6/2026.
dmr_maine_lobster_landings_lb,"Maine DMR: lobster landings, pounds (statewide, by month)",2012-06,9328006.0,lb,maine_dmr_landings,OFFICIAL STATISTIC (annual publication of monthly pounds and value),https://www.maine.gov/dmr/sites/maine.gov.dmr/files/inline-files/LobByCntyMoZone.pdf,2026-09-22T20:16:42+00:00,evidence/maine_dmr_landings/pdf.pdf,3bff08eeef50efc9788ffaa1e4198548c6edc5ed6ab0e8fdcacc082738928280,DMR file as of 2/6/2026.
dmr_maine_lobster_landings_lb,"Maine DMR: lobster landings, pounds (statewide, by month)",2012-07,26072903.0,lb,maine_dmr_landings,OFFICIAL STATISTIC (annual publication of monthly pounds and value),https://www.maine.gov/dmr/sites/maine.gov.dmr/files/inline-files/LobByCntyMoZone.pdf,2026-09-22T20:16:42+00:00,evidence/maine_dmr_landings/pdf.pdf,3bff08eeef50efc9788ffaa1e4198548c6edc5ed6ab0e8fdcacc082738928280,DMR file as of 2/6/2026.
dmr_maine_lobster_landings_lb,"Maine DMR: lobster landings, pounds (statewide, by month)",2012-08,25439960.0,lb,maine_dmr_landings,OFFICIAL STATISTIC (annual publication of monthly pounds and value),https://www.maine.gov/dmr/sites/maine.gov.dmr/files/inline-files/LobByCntyMoZone.pdf,2026-09-22T20:16:42+00:00,evidence/maine_dmr_landings/pdf.pdf,3bff08eeef50efc9788ffaa1e4198548c6edc5ed6ab0e8fdcacc082738928280,DMR file as of 2/6/2026.
dmr_maine_lobster_landings_lb,"Maine DMR: lobster landings, pounds (statewide, by month)",2012-09,22391100.0,lb,maine_dmr_landings,OFFICIAL STATISTIC (annual publication of monthly pounds and value),https://www.maine.gov/dmr/sites/maine.gov.dmr/files/inline-files/LobByCntyMoZone.pdf,2026-09-22T20:16:42+00:00,evidence/maine_dmr_landings/pdf.pdf,3bff08eeef50efc9788ffaa1e4198548c6edc5ed6ab0e8fdcacc082738928280,DMR file as of 2/6/2026.
dmr_maine_lobster_landings_lb,"Maine DMR: lobster landings, pounds (statewide, by month)",2012-10,19821432.0,lb,maine_dmr_landings,OFFICIAL STATISTIC (annual publication of monthly pounds and value),https://www.maine.gov/dmr/sites/maine.gov.dmr/files/inline-files/LobByCntyMoZone.pdf,2026-09-22T20:16:42+00:00,evidence/maine_dmr_landings/pdf.pdf,3bff08eeef50efc9788ffaa1e4198548c6edc5ed6ab0e8fdcacc082738928280,DMR file as of 2/6/2026.
dmr_maine_lobster_landings_lb,"Maine DMR: lobster landings, pounds (statewide, by month)",2012-11,13089876.0,lb,maine_dmr_landings,OFFICIAL STATISTIC (annual publication of monthly pounds and value),https://www.maine.gov/dmr/sites/maine.gov.dmr/files/inline-files/LobByCntyMoZone.pdf,2026-09-22T20:16:42+00:00,evidence/maine_dmr_landings/pdf.pdf,3bff08eeef50efc9788ffaa1e4198548c6edc5ed6ab0e8fdcacc082738928280,DMR file as of 2/6/2026.
dmr_maine_lobster_landings_lb,"Maine DMR: lobster landings, pounds (statewide, by month)",2012-12,4458817.0,lb,maine_dmr_landings,OFFICIAL STATISTIC (annual publication of monthly pounds and value),https://www.maine.gov/dmr/sites/maine.gov.dmr/files/inline-files/LobByCntyMoZone.pdf,2026-09-22T20:16:42+00:00,evidence/maine_dmr_landings/pdf.pdf,3bff08eeef50efc9788ffaa1e4198548c6edc5ed6ab0e8fdcacc082738928280,DMR file as of 2/6/2026.
dmr_maine_lobster_landings_lb,"Maine DMR: lobster landings, pounds (statewide, by month)",2013-01,1430642.0,lb,maine_dmr_landings,OFFICIAL STATISTIC (annual publication of monthly pounds and value),https://www.maine.gov/dmr/sites/maine.gov.dmr/files/inline-files/LobByCntyMoZone.pdf,2026-09-22T20:16:42+00:00,evidence/maine_dmr_landings/pdf.pdf,3bff08eeef50efc9788ffaa1e4198548c6edc5ed6ab0e8fdcacc082738928280,DMR file as of 2/6/2026.
dmr_maine_lobster_landings_lb,"Maine DMR: lobster landings, pounds (statewide, by month)",2013-02,577825.0,lb,maine_dmr_landings,OFFICIAL STATISTIC (annual publication of monthly pounds and value),https://www.maine.gov/dmr/sites/maine.gov.dmr/files/inline-files/LobByCntyMoZone.pdf,2026-09-22T20:16:42+00:00,evidence/maine_dmr_landings/pdf.pdf,3bff08eeef50efc9788ffaa1e4198548c6edc5ed6ab0e8fdcacc082738928280,DMR file as of 2/6/2026.
dmr_maine_lobster_landings_lb,"Maine DMR: lobster landings, pounds (statewide, by month)",2013-03,691316.0,lb,maine_dmr_landings,OFFICIAL STATISTIC (annual publication of monthly pounds and value),https://www.maine.gov/dmr/sites/maine.gov.dmr/files/inline-files/LobByCntyMoZone.pdf,2026-09-22T20:16:42+00:00,evidence/maine_dmr_landings/pdf.pdf,3bff08eeef50efc9788ffaa1e4198548c6edc5ed6ab0e8fdcacc082738928280,DMR file as of 2/6/2026.
dmr_maine_lobster_landings_lb,"Maine DMR: lobster landings, pounds (statewide, by month)",2013-04,1520736.0,lb,maine_dmr_landings,OFFICIAL STATISTIC (annual publication of monthly pounds and value),https://www.maine.gov/dmr/sites/maine.gov.dmr/files/inline-files/LobByCntyMoZone.pdf,2026-09-22T20:16:42+00:00,evidence/maine_dmr_landings/pdf.pdf,3bff08eeef50efc9788ffaa1e4198548c6edc5ed6ab0e8fdcacc082738928280,DMR file as of 2/6/2026.
dmr_maine_lobster_landings_lb,"Maine DMR: lobster landings, pounds (statewide, by month)",2013-05,2937813.0,lb,maine_dmr_landings,OFFICIAL STATISTIC (annual publication of monthly pounds and value),https://www.maine.gov/dmr/sites/maine.gov.dmr/files/inline-files/LobByCntyMoZone.pdf,2026-09-22T20:16:42+00:00,evidence/maine_dmr_landings/pdf.pdf,3bff08eeef50efc9788ffaa1e4198548c6edc5ed6ab0e8fdcacc082738928280,DMR file as of 2/6/2026.
dmr_maine_lobster_landings_lb,"Maine DMR: lobster landings, pounds (statewide, by month)",2013-06,4706678.0,lb,maine_dmr_landings,OFFICIAL STATISTIC (annual publication of monthly pounds and value),https://www.maine.gov/dmr/sites/maine.gov.dmr/files/inline-files/LobByCntyMoZone.pdf,2026-09-22T20:16:42+00:00,evidence/maine_dmr_landings/pdf.pdf,3bff08eeef50efc9788ffaa1e4198548c6edc5ed6ab0e8fdcacc082738928280,DMR file as of 2/6/2026.
dmr_maine_lobster_landings_lb,"Maine DMR: lobster landings, pounds (statewide, by month)",2013-07,24627366.0,lb,maine_dmr_landings,OFFICIAL STATISTIC (annual publication of monthly pounds and value),https://www.maine.gov/dmr/sites/maine.gov.dmr/files/inline-files/LobByCntyMoZone.pdf,2026-09-22T20:16:42+00:00,evidence/maine_dmr_landings/pdf.pdf,3bff08eeef50efc9788ffaa1e4198548c6edc5ed6ab0e8fdcacc082738928280,DMR file as of 2/6/2026.
dmr_maine_lobster_landings_lb,"Maine DMR: lobster landings, pounds (statewide, by month)",2013-08,33307648.0,lb,maine_dmr_landings,OFFICIAL STATISTIC (annual publication of monthly pounds and value),https://www.maine.gov/dmr/sites/maine.gov.dmr/files/inline-files/LobByCntyMoZone.pdf,2026-09-22T20:16:42+00:00,evidence/maine_dmr_landings/pdf.pdf,3bff08eeef50efc9788ffaa1e4198548c6edc5ed6ab0e8fdcacc082738928280,DMR file as of 2/6/2026.
dmr_maine_lobster_landings_lb,"Maine DMR: lobster landings, pounds (statewide, by month)",2013-09,22129219.0,lb,maine_dmr_landings,OFFICIAL STATISTIC (annual publication of monthly pounds and value),https://www.maine.gov/dmr/sites/maine.gov.dmr/files/inline-files/LobByCntyMoZone.pdf,2026-09-22T20:16:42+00:00,evidence/maine_dmr_landings/pdf.pdf,3bff08eeef50efc9788ffaa1e4198548c6edc5ed6ab0e8fdcacc082738928280,DMR file as of 2/6/2026.
dmr_maine_lobster_landings_lb,"Maine DMR: lobster landings, pounds (statewide, by month)",2013-10,21876357.0,lb,maine_dmr_landings,OFFICIAL STATISTIC (annual publication of monthly pounds and value),https://www.maine.gov/dmr/sites/maine.gov.dmr/files/inline-files/LobByCntyMoZone.pdf,2026-09-22T20:16:42+00:00,evidence/maine_dmr_landings/pdf.pdf,3bff08eeef50efc9788ffaa1e4198548c6edc5ed6ab0e8fdcacc082738928280,DMR file as of 2/6/2026.
dmr_maine_lobster_landings_lb,"Maine DMR: lobster landings, pounds (statewide, by month)",2013-11,9705685.0,lb,maine_dmr_landings,OFFICIAL STATISTIC (annual publication of monthly pounds and value),https://www.maine.gov/dmr/sites/maine.gov.dmr/files/inline-files/LobByCntyMoZone.pdf,2026-09-22T20:16:42+00:00,evidence/maine_dmr_landings/pdf.pdf,3bff08eeef50efc9788ffaa1e4198548c6edc5ed6ab0e8fdcacc082738928280,DMR file as of 2/6/2026.
dmr_maine_lobster_landings_lb,"Maine DMR: lobster landings, pounds (statewide, by month)",2013-12,4297151.0,lb,maine_dmr_landings,OFFICIAL STATISTIC (annual publication of monthly pounds and value),https://www.maine.gov/dmr/sites/maine.gov.dmr/files/inline-files/LobByCntyMoZone.pdf,2026-09-22T20:16:42+00:00,evidence/maine_dmr_landings/pdf.pdf,3bff08eeef50efc9788ffaa1e4198548c6edc5ed6ab0e8fdcacc082738928280,DMR file as of 2/6/2026.
dmr_maine_lobster_landings_lb,"Maine DMR: lobster landings, pounds (statewide, by month)",2014-01,1347145.0,lb,maine_dmr_landings,OFFICIAL STATISTIC (annual publication of monthly pounds and value),https://www.maine.gov/dmr/sites/maine.gov.dmr/files/inline-files/LobByCntyMoZone.pdf,2026-09-22T20:16:42+00:00,evidence/maine_dmr_landings/pdf.pdf,3bff08eeef50efc9788ffaa1e4198548c6edc5ed6ab0e8fdcacc082738928280,DMR file as of 2/6/2026.
dmr_maine_lobster_landings_lb,"Maine DMR: lobster landings, pounds (statewide, by month)",2014-02,931391.0,lb,maine_dmr_landings,OFFICIAL STATISTIC (annual publication of monthly pounds and value),https://www.maine.gov/dmr/sites/maine.gov.dmr/files/inline-files/LobByCntyMoZone.pdf,2026-09-22T20:16:42+00:00,evidence/maine_dmr_landings/pdf.pdf,3bff08eeef50efc9788ffaa1e4198548c6edc5ed6ab0e8fdcacc082738928280,DMR file as of 2/6/2026.
dmr_maine_lobster_landings_lb,"Maine DMR: lobster landings, pounds (statewide, by month)",2014-03,801628.0,lb,maine_dmr_landings,OFFICIAL STATISTIC (annual publication of monthly pounds and value),https://www.maine.gov/dmr/sites/maine.gov.dmr/files/inline-files/LobByCntyMoZone.pdf,2026-09-22T20:16:42+00:00,evidence/maine_dmr_landings/pdf.pdf,3bff08eeef50efc9788ffaa1e4198548c6edc5ed6ab0e8fdcacc082738928280,DMR file as of 2/6/2026.
dmr_maine_lobster_landings_lb,"Maine DMR: lobster landings, pounds (statewide, by month)",2014-04,1288690.0,lb,maine_dmr_landings,OFFICIAL STATISTIC (annual publication of monthly pounds and value),https://www.maine.gov/dmr/sites/maine.gov.dmr/files/inline-files/LobByCntyMoZone.pdf,2026-09-22T20:16:42+00:00,evidence/maine_dmr_landings/pdf.pdf,3bff08eeef50efc9788ffaa1e4198548c6edc5ed6ab0e8fdcacc082738928280,DMR file as of 2/6/2026.
dmr_maine_lobster_landings_lb,"Maine DMR: lobster landings, pounds (statewide, by month)",2014-05,3181174.0,lb,maine_dmr_landings,OFFICIAL STATISTIC (annual publication of monthly pounds and value),https://www.maine.gov/dmr/sites/maine.gov.dmr/files/inline-files/LobByCntyMoZone.pdf,2026-09-22T20:16:42+00:00,evidence/maine_dmr_landings/pdf.pdf,3bff08eeef50efc9788ffaa1e4198548c6edc5ed6ab0e8fdcacc082738928280,DMR file as of 2/6/2026.
dmr_maine_lobster_landings_lb,"Maine DMR: lobster landings, pounds (statewide, by month)",2014-06,3490772.0,lb,maine_dmr_landings,OFFICIAL STATISTIC (annual publication of monthly pounds and value),https://www.maine.gov/dmr/sites/maine.gov.dmr/files/inline-files/LobByCntyMoZone.pdf,2026-09-22T20:16:42+00:00,evidence/maine_dmr_landings/pdf.pdf,3bff08eeef50efc9788ffaa1e4198548c6edc5ed6ab0e8fdcacc082738928280,DMR file as of 2/6/2026.
dmr_maine_lobster_landings_lb,"Maine DMR: lobster landings, pounds (statewide, by month)",2014-07,12608254.0,lb,maine_dmr_landings,OFFICIAL STATISTIC (annual publication of monthly pounds and value),https://www.maine.gov/dmr/sites/maine.gov.dmr/files/inline-files/LobByCntyMoZone.pdf,2026-09-22T20:16:42+00:00,evidence/maine_dmr_landings/pdf.pdf,3bff08eeef50efc9788ffaa1e4198548c6edc5ed6ab0e8fdcacc082738928280,DMR file as of 2/6/2026.
dmr_maine_lobster_landings_lb,"Maine DMR: lobster landings, pounds (statewide, by month)",2014-08,29441629.0,lb,maine_dmr_landings,OFFICIAL STATISTIC (annual publication of monthly pounds and value),https://www.maine.gov/dmr/sites/maine.gov.dmr/files/inline-files/LobByCntyMoZone.pdf,2026-09-22T20:16:42+00:00,evidence/maine_dmr_landings/pdf.pdf,3bff08eeef50efc9788ffaa1e4198548c6edc5ed6ab0e8fdcacc082738928280,DMR file as of 2/6/2026.
dmr_maine_lobster_landings_lb,"Maine DMR: lobster landings, pounds (statewide, by month)",2014-09,26514184.0,lb,maine_dmr_landings,OFFICIAL STATISTIC (annual publication of monthly pounds and value),https://www.maine.gov/dmr/sites/maine.gov.dmr/files/inline-files/LobByCntyMoZone.pdf,2026-09-22T20:16:42+00:00,evidence/maine_dmr_landings/pdf.pdf,3bff08eeef50efc9788ffaa1e4198548c6edc5ed6ab0e8fdcacc082738928280,DMR file as of 2/6/2026.
dmr_maine_lobster_landings_lb,"Maine DMR: lobster landings, pounds (statewide, by month)",2014-10,27197928.0,lb,maine_dmr_landings,OFFICIAL STATISTIC (annual publication of monthly pounds and value),https://www.maine.gov/dmr/sites/maine.gov.dmr/files/inline-files/LobByCntyMoZone.pdf,2026-09-22T20:16:42+00:00,evidence/maine_dmr_landings/pdf.pdf,3bff08eeef50efc9788ffaa1e4198548c6edc5ed6ab0e8fdcacc082738928280,DMR file as of 2/6/2026.
dmr_maine_lobster_landings_lb,"Maine DMR: lobster landings, pounds (statewide, by month)",2014-11,11915627.0,lb,maine_dmr_landings,OFFICIAL STATISTIC (annual publication of monthly pounds and value),https://www.maine.gov/dmr/sites/maine.gov.dmr/files/inline-files/LobByCntyMoZone.pdf,2026-09-22T20:16:42+00:00,evidence/maine_dmr_landings/pdf.pdf,3bff08eeef50efc9788ffaa1e4198548c6edc5ed6ab0e8fdcacc082738928280,DMR file as of 2/6/2026.
dmr_maine_lobster_landings_lb,"Maine DMR: lobster landings, pounds (statewide, by month)",2014-12,5607502.0,lb,maine_dmr_landings,OFFICIAL STATISTIC (annual publication of monthly pounds and value),https://www.maine.gov/dmr/sites/maine.gov.dmr/files/inline-files/LobByCntyMoZone.pdf,2026-09-22T20:16:42+00:00,evidence/maine_dmr_landings/pdf.pdf,3bff08eeef50efc9788ffaa1e4198548c6edc5ed6ab0e8fdcacc082738928280,DMR file as of 2/6/2026.
dmr_maine_lobster_landings_lb,"Maine DMR: lobster landings, pounds (statewide, by month)",2015-01,1385509.0,lb,maine_dmr_landings,OFFICIAL STATISTIC (annual publication of monthly pounds and value),https://www.maine.gov/dmr/sites/maine.gov.dmr/files/inline-files/LobByCntyMoZone.pdf,2026-09-22T20:16:42+00:00,evidence/maine_dmr_landings/pdf.pdf,3bff08eeef50efc9788ffaa1e4198548c6edc5ed6ab0e8fdcacc082738928280,DMR file as of 2/6/2026.
dmr_maine_lobster_landings_lb,"Maine DMR: lobster landings, pounds (statewide, by month)",2015-02,426769.0,lb,maine_dmr_landings,OFFICIAL STATISTIC (annual publication of monthly pounds and value),https://www.maine.gov/dmr/sites/maine.gov.dmr/files/inline-files/LobByCntyMoZone.pdf,2026-09-22T20:16:42+00:00,evidence/maine_dmr_landings/pdf.pdf,3bff08eeef50efc9788ffaa1e4198548c6edc5ed6ab0e8fdcacc082738928280,DMR file as of 2/6/2026.
dmr_maine_lobster_landings_lb,"Maine DMR: lobster landings, pounds (statewide, by month)",2015-03,860172.0,lb,maine_dmr_landings,OFFICIAL STATISTIC (annual publication of monthly pounds and value),https://www.maine.gov/dmr/sites/maine.gov.dmr/files/inline-files/LobByCntyMoZone.pdf,2026-09-22T20:16:42+00:00,evidence/maine_dmr_landings/pdf.pdf,3bff08eeef50efc9788ffaa1e4198548c6edc5ed6ab0e8fdcacc082738928280,DMR file as of 2/6/2026.
dmr_maine_lobster_landings_lb,"Maine DMR: lobster landings, pounds (statewide, by month)",2015-04,1269222.0,lb,maine_dmr_landings,OFFICIAL STATISTIC (annual publication of monthly pounds and value),https://www.maine.gov/dmr/sites/maine.gov.dmr/files/inline-files/LobByCntyMoZone.pdf,2026-09-22T20:16:42+00:00,evidence/maine_dmr_landings/pdf.pdf,3bff08eeef50efc9788ffaa1e4198548c6edc5ed6ab0e8fdcacc082738928280,DMR file as of 2/6/2026.
dmr_maine_lobster_landings_lb,"Maine DMR: lobster landings, pounds (statewide, by month)",2015-05,2629408.0,lb,maine_dmr_landings,OFFICIAL STATISTIC (annual publication of monthly pounds and value),https://www.maine.gov/dmr/sites/maine.gov.dmr/files/inline-files/LobByCntyMoZone.pdf,2026-09-22T20:16:42+00:00,evidence/maine_dmr_landings/pdf.pdf,3bff08eeef50efc9788ffaa1e4198548c6edc5ed6ab0e8fdcacc082738928280,DMR file as of 2/6/2026.
dmr_maine_lobster_landings_lb,"Maine DMR: lobster landings, pounds (statewide, by month)",2015-06,3897891.0,lb,maine_dmr_landings,OFFICIAL STATISTIC (annual publication of monthly pounds and value),https://www.maine.gov/dmr/sites/maine.gov.dmr/files/inline-files/LobByCntyMoZone.pdf,2026-09-22T20:16:42+00:00,evidence/maine_dmr_landings/pdf.pdf,3bff08eeef50efc9788ffaa1e4198548c6edc5ed6ab0e8fdcacc082738928280,DMR file as of 2/6/2026.
dmr_maine_lobster_landings_lb,"Maine DMR: lobster landings, pounds (statewide, by month)",2015-07,14181965.0,lb,maine_dmr_landings,OFFICIAL STATISTIC (annual publication of monthly pounds and value),https://www.maine.gov/dmr/sites/maine.gov.dmr/files/inline-files/LobByCntyMoZone.pdf,2026-09-22T20:16:42+00:00,evidence/maine_dmr_landings/pdf.pdf,3bff08eeef50efc9788ffaa1e4198548c6edc5ed6ab0e8fdcacc082738928280,DMR file as of 2/6/2026.
dmr_maine_lobster_landings_lb,"Maine DMR: lobster landings, pounds (statewide, by month)",2015-08,28737000.0,lb,maine_dmr_landings,OFFICIAL STATISTIC (annual publication of monthly pounds and value),https://www.maine.gov/dmr/sites/maine.gov.dmr/files/inline-files/LobByCntyMoZone.pdf,2026-09-22T20:16:42+00:00,evidence/maine_dmr_landings/pdf.pdf,3bff08eeef50efc9788ffaa1e4198548c6edc5ed6ab0e8fdcacc082738928280,DMR file as of 2/6/2026.
dmr_maine_lobster_landings_lb,"Maine DMR: lobster landings, pounds (statewide, by month)",2015-09,24591033.0,lb,maine_dmr_landings,OFFICIAL STATISTIC (annual publication of monthly pounds and value),https://www.maine.gov/dmr/sites/maine.gov.dmr/files/inline-files/LobByCntyMoZone.pdf,2026-09-22T20:16:42+00:00,evidence/maine_dmr_landings/pdf.pdf,3bff08eeef50efc9788ffaa1e4198548c6edc5ed6ab0e8fdcacc082738928280,DMR file as of 2/6/2026.
dmr_maine_lobster_landings_lb,"Maine DMR: lobster landings, pounds (statewide, by month)",2015-10,21909689.0,lb,maine_dmr_landings,OFFICIAL STATISTIC (annual publication of monthly pounds and value),https://www.maine.gov/dmr/sites/maine.gov.dmr/files/inline-files/LobByCntyMoZone.pdf,2026-09-22T20:16:42+00:00,evidence/maine_dmr_landings/pdf.pdf,3bff08eeef50efc9788ffaa1e4198548c6edc5ed6ab0e8fdcacc082738928280,DMR file as of 2/6/2026.
dmr_maine_lobster_landings_lb,"Maine DMR: lobster landings, pounds (statewide, by month)",2015-11,15470582.0,lb,maine_dmr_landings,OFFICIAL STATISTIC (annual publication of monthly pounds and value),https://www.maine.gov/dmr/sites/maine.gov.dmr/files/inline-files/LobByCntyMoZone.pdf,2026-09-22T20:16:42+00:00,evidence/maine_dmr_landings/pdf.pdf,3bff08eeef50efc9788ffaa1e4198548c6edc5ed6ab0e8fdcacc082738928280,DMR file as of 2/6/2026.
dmr_maine_lobster_landings_lb,"Maine DMR: lobster landings, pounds (statewide, by month)",2015-12,7304151.0,lb,maine_dmr_landings,OFFICIAL STATISTIC (annual publication of monthly pounds and value),https://www.maine.gov/dmr/sites/maine.gov.dmr/files/inline-files/LobByCntyMoZone.pdf,2026-09-22T20:16:42+00:00,evidence/maine_dmr_landings/pdf.pdf,3bff08eeef50efc9788ffaa1e4198548c6edc5ed6ab0e8fdcacc082738928280,DMR file as of 2/6/2026.
dmr_maine_lobster_landings_lb,"Maine DMR: lobster landings, pounds (statewide, by month)",2016-01,2592468.0,lb,maine_dmr_landings,OFFICIAL STATISTIC (annual publication of monthly pounds and value),https://www.maine.gov/dmr/sites/maine.gov.dmr/files/inline-files/LobByCntyMoZone.pdf,2026-09-22T20:16:42+00:00,evidence/maine_dmr_landings/pdf.pdf,3bff08eeef50efc9788ffaa1e4198548c6edc5ed6ab0e8fdcacc082738928280,DMR file as of 2/6/2026.
dmr_maine_lobster_landings_lb,"Maine DMR: lobster landings, pounds (statewide, by month)",2016-02,1080643.0,lb,maine_dmr_landings,OFFICIAL STATISTIC (annual publication of monthly pounds and value),https://www.maine.gov/dmr/sites/maine.gov.dmr/files/inline-files/LobByCntyMoZone.pdf,2026-09-22T20:16:42+00:00,evidence/maine_dmr_landings/pdf.pdf,3bff08eeef50efc9788ffaa1e4198548c6edc5ed6ab0e8fdcacc082738928280,DMR file as of 2/6/2026.
dmr_maine_lobster_landings_lb,"Maine DMR: lobster landings, pounds (statewide, by month)",2016-03,974705.0,lb,maine_dmr_landings,OFFICIAL STATISTIC (annual publication of monthly pounds and value),https://www.maine.gov/dmr/sites/maine.gov.dmr/files/inline-files/LobByCntyMoZone.pdf,2026-09-22T20:16:42+00:00,evidence/maine_dmr_landings/pdf.pdf,3bff08eeef50efc9788ffaa1e4198548c6edc5ed6ab0e8fdcacc082738928280,DMR file as of 2/6/2026.
dmr_maine_lobster_landings_lb,"Maine DMR: lobster landings, pounds (statewide, by month)",2016-04,1737594.0,lb,maine_dmr_landings,OFFICIAL STATISTIC (annual publication of monthly pounds and value),https://www.maine.gov/dmr/sites/maine.gov.dmr/files/inline-files/LobByCntyMoZone.pdf,2026-09-22T20:16:42+00:00,evidence/maine_dmr_landings/pdf.pdf,3bff08eeef50efc9788ffaa1e4198548c6edc5ed6ab0e8fdcacc082738928280,DMR file as of 2/6/2026.
dmr_maine_lobster_landings_lb,"Maine DMR: lobster landings, pounds (statewide, by month)",2016-05,3278183.0,lb,maine_dmr_landings,OFFICIAL STATISTIC (annual publication of monthly pounds and value),https://www.maine.gov/dmr/sites/maine.gov.dmr/files/inline-files/LobByCntyMoZone.pdf,2026-09-22T20:16:42+00:00,evidence/maine_dmr_landings/pdf.pdf,3bff08eeef50efc9788ffaa1e4198548c6edc5ed6ab0e8fdcacc082738928280,DMR file as of 2/6/2026.
dmr_maine_lobster_landings_lb,"Maine DMR: lobster landings, pounds (statewide, by month)",2016-06,7621455.0,lb,maine_dmr_landings,OFFICIAL STATISTIC (annual publication of monthly pounds and value),https://www.maine.gov/dmr/sites/maine.gov.dmr/files/inline-files/LobByCntyMoZone.pdf,2026-09-22T20:16:42+00:00,evidence/maine_dmr_landings/pdf.pdf,3bff08eeef50efc9788ffaa1e4198548c6edc5ed6ab0e8fdcacc082738928280,DMR file as of 2/6/2026.
dmr_maine_lobster_landings_lb,"Maine DMR: lobster landings, pounds (statewide, by month)",2016-07,25103629.0,lb,maine_dmr_landings,OFFICIAL STATISTIC (annual publication of monthly pounds and value),https://www.maine.gov/dmr/sites/maine.gov.dmr/files/inline-files/LobByCntyMoZone.pdf,2026-09-22T20:16:42+00:00,evidence/maine_dmr_landings/pdf.pdf,3bff08eeef50efc9788ffaa1e4198548c6edc5ed6ab0e8fdcacc082738928280,DMR file as of 2/6/2026.
dmr_maine_lobster_landings_lb,"Maine DMR: lobster landings, pounds (statewide, by month)",2016-08,25051027.0,lb,maine_dmr_landings,OFFICIAL STATISTIC (annual publication of monthly pounds and value),https://www.maine.gov/dmr/sites/maine.gov.dmr/files/inline-files/LobByCntyMoZone.pdf,2026-09-22T20:16:42+00:00,evidence/maine_dmr_landings/pdf.pdf,3bff08eeef50efc9788ffaa1e4198548c6edc5ed6ab0e8fdcacc082738928280,DMR file as of 2/6/2026.
dmr_maine_lobster_landings_lb,"Maine DMR: lobster landings, pounds (statewide, by month)",2016-09,21463481.0,lb,maine_dmr_landings,OFFICIAL STATISTIC (annual publication of monthly pounds and value),https://www.maine.gov/dmr/sites/maine.gov.dmr/files/inline-files/LobByCntyMoZone.pdf,2026-09-22T20:16:42+00:00,evidence/maine_dmr_landings/pdf.pdf,3bff08eeef50efc9788ffaa1e4198548c6edc5ed6ab0e8fdcacc082738928280,DMR file as of 2/6/2026.
dmr_maine_lobster_landings_lb,"Maine DMR: lobster landings, pounds (statewide, by month)",2016-10,22704185.0,lb,maine_dmr_landings,OFFICIAL STATISTIC (annual publication of monthly pounds and value),https://www.maine.gov/dmr/sites/maine.gov.dmr/files/inline-files/LobByCntyMoZone.pdf,2026-09-22T20:16:42+00:00,evidence/maine_dmr_landings/pdf.pdf,3bff08eeef50efc9788ffaa1e4198548c6edc5ed6ab0e8fdcacc082738928280,DMR file as of 2/6/2026.
dmr_maine_lobster_landings_lb,"Maine DMR: lobster landings, pounds (statewide, by month)",2016-11,15642648.0,lb,maine_dmr_landings,OFFICIAL STATISTIC (annual publication of monthly pounds and value),https://www.maine.gov/dmr/sites/maine.gov.dmr/files/inline-files/LobByCntyMoZone.pdf,2026-09-22T20:16:42+00:00,evidence/maine_dmr_landings/pdf.pdf,3bff08eeef50efc9788ffaa1e4198548c6edc5ed6ab0e8fdcacc082738928280,DMR file as of 2/6/2026.
dmr_maine_lobster_landings_lb,"Maine DMR: lobster landings, pounds (statewide, by month)",2016-12,5354673.0,lb,maine_dmr_landings,OFFICIAL STATISTIC (annual publication of monthly pounds and value),https://www.maine.gov/dmr/sites/maine.gov.dmr/files/inline-files/LobByCntyMoZone.pdf,2026-09-22T20:16:42+00:00,evidence/maine_dmr_landings/pdf.pdf,3bff08eeef50efc9788ffaa1e4198548c6edc5ed6ab0e8fdcacc082738928280,DMR file as of 2/6/2026.
dmr_maine_lobster_landings_lb,"Maine DMR: lobster landings, pounds (statewide, by month)",2017-01,2614344.0,lb,maine_dmr_landings,OFFICIAL STATISTIC (annual publication of monthly pounds and value),https://www.maine.gov/dmr/sites/maine.gov.dmr/files/inline-files/LobByCntyMoZone.pdf,2026-09-22T20:16:42+00:00,evidence/maine_dmr_landings/pdf.pdf,3bff08eeef50efc9788ffaa1e4198548c6edc5ed6ab0e8fdcacc082738928280,DMR file as of 2/6/2026.
dmr_maine_lobster_landings_lb,"Maine DMR: lobster landings, pounds (statewide, by month)",2017-02,796297.0,lb,maine_dmr_landings,OFFICIAL STATISTIC (annual publication of monthly pounds and value),https://www.maine.gov/dmr/sites/maine.gov.dmr/files/inline-files/LobByCntyMoZone.pdf,2026-09-22T20:16:42+00:00,evidence/maine_dmr_landings/pdf.pdf,3bff08eeef50efc9788ffaa1e4198548c6edc5ed6ab0e8fdcacc082738928280,DMR file as of 2/6/2026.
dmr_maine_lobster_landings_lb,"Maine DMR: lobster landings, pounds (statewide, by month)",2017-03,907381.0,lb,maine_dmr_landings,OFFICIAL STATISTIC (annual publication of monthly pounds and value),https://www.maine.gov/dmr/sites/maine.gov.dmr/files/inline-files/LobByCntyMoZone.pdf,2026-09-22T20:16:42+00:00,evidence/maine_dmr_landings/pdf.pdf,3bff08eeef50efc9788ffaa1e4198548c6edc5ed6ab0e8fdcacc082738928280,DMR file as of 2/6/2026.
dmr_maine_lobster_landings_lb,"Maine DMR: lobster landings, pounds (statewide, by month)",2017-04,1320191.0,lb,maine_dmr_landings,OFFICIAL STATISTIC (annual publication of monthly pounds and value),https://www.maine.gov/dmr/sites/maine.gov.dmr/files/inline-files/LobByCntyMoZone.pdf,2026-09-22T20:16:42+00:00,evidence/maine_dmr_landings/pdf.pdf,3bff08eeef50efc9788ffaa1e4198548c6edc5ed6ab0e8fdcacc082738928280,DMR file as of 2/6/2026.
dmr_maine_lobster_landings_lb,"Maine DMR: lobster landings, pounds (statewide, by month)",2017-05,2714097.0,lb,maine_dmr_landings,OFFICIAL STATISTIC (annual publication of monthly pounds and value),https://www.maine.gov/dmr/sites/maine.gov.dmr/files/inline-files/LobByCntyMoZone.pdf,2026-09-22T20:16:42+00:00,evidence/maine_dmr_landings/pdf.pdf,3bff08eeef50efc9788ffaa1e4198548c6edc5ed6ab0e8fdcacc082738928280,DMR file as of 2/6/2026.
dmr_maine_lobster_landings_lb,"Maine DMR: lobster landings, pounds (statewide, by month)",2017-06,3247028.0,lb,maine_dmr_landings,OFFICIAL STATISTIC (annual publication of monthly pounds and value),https://www.maine.gov/dmr/sites/maine.gov.dmr/files/inline-files/LobByCntyMoZone.pdf,2026-09-22T20:16:42+00:00,evidence/maine_dmr_landings/pdf.pdf,3bff08eeef50efc9788ffaa1e4198548c6edc5ed6ab0e8fdcacc082738928280,DMR file as of 2/6/2026.
dmr_maine_lobster_landings_lb,"Maine DMR: lobster landings, pounds (statewide, by month)",2017-07,14512376.0,lb,maine_dmr_landings,OFFICIAL STATISTIC (annual publication of monthly pounds and value),https://www.maine.gov/dmr/sites/maine.gov.dmr/files/inline-files/LobByCntyMoZone.pdf,2026-09-22T20:16:42+00:00,evidence/maine_dmr_landings/pdf.pdf,3bff08eeef50efc9788ffaa1e4198548c6edc5ed6ab0e8fdcacc082738928280,DMR file as of 2/6/2026.
dmr_maine_lobster_landings_lb,"Maine DMR: lobster landings, pounds (statewide, by month)",2017-08,28591997.0,lb,maine_dmr_landings,OFFICIAL STATISTIC (annual publication of monthly pounds and value),https://www.maine.gov/dmr/sites/maine.gov.dmr/files/inline-files/LobByCntyMoZone.pdf,2026-09-22T20:16:42+00:00,evidence/maine_dmr_landings/pdf.pdf,3bff08eeef50efc9788ffaa1e4198548c6edc5ed6ab0e8fdcacc082738928280,DMR file as of 2/6/2026.
dmr_maine_lobster_landings_lb,"Maine DMR: lobster landings, pounds (statewide, by month)",2017-09,18188144.0,lb,maine_dmr_landings,OFFICIAL STATISTIC (annual publication of monthly pounds and value),https://www.maine.gov/dmr/sites/maine.gov.dmr/files/inline-files/LobByCntyMoZone.pdf,2026-09-22T20:16:42+00:00,evidence/maine_dmr_landings/pdf.pdf,3bff08eeef50efc9788ffaa1e4198548c6edc5ed6ab0e8fdcacc082738928280,DMR file as of 2/6/2026.
dmr_maine_lobster_landings_lb,"Maine DMR: lobster landings, pounds (statewide, by month)",2017-10,19673583.0,lb,maine_dmr_landings,OFFICIAL STATISTIC (annual publication of monthly pounds and value),https://www.maine.gov/dmr/sites/maine.gov.dmr/files/inline-files/LobByCntyMoZone.pdf,2026-09-22T20:16:42+00:00,evidence/maine_dmr_landings/pdf.pdf,3bff08eeef50efc9788ffaa1e4198548c6edc5ed6ab0e8fdcacc082738928280,DMR file as of 2/6/2026.
dmr_maine_lobster_landings_lb,"Maine DMR: lobster landings, pounds (statewide, by month)",2017-11,14379535.0,lb,maine_dmr_landings,OFFICIAL STATISTIC (annual publication of monthly pounds and value),https://www.maine.gov/dmr/sites/maine.gov.dmr/files/inline-files/LobByCntyMoZone.pdf,2026-09-22T20:16:42+00:00,evidence/maine_dmr_landings/pdf.pdf,3bff08eeef50efc9788ffaa1e4198548c6edc5ed6ab0e8fdcacc082738928280,DMR file as of 2/6/2026.
dmr_maine_lobster_landings_lb,"Maine DMR: lobster landings, pounds (statewide, by month)",2017-12,5156238.0,lb,maine_dmr_landings,OFFICIAL STATISTIC (annual publication of monthly pounds and value),https://www.maine.gov/dmr/sites/maine.gov.dmr/files/inline-files/LobByCntyMoZone.pdf,2026-09-22T20:16:42+00:00,evidence/maine_dmr_landings/pdf.pdf,3bff08eeef50efc9788ffaa1e4198548c6edc5ed6ab0e8fdcacc082738928280,DMR file as of 2/6/2026.
dmr_maine_lobster_landings_lb,"Maine DMR: lobster landings, pounds (statewide, by month)",2018-01,2535614.0,lb,maine_dmr_landings,OFFICIAL STATISTIC (annual publication of monthly pounds and value),https://www.maine.gov/dmr/sites/maine.gov.dmr/files/inline-files/LobByCntyMoZone.pdf,2026-09-22T20:16:42+00:00,evidence/maine_dmr_landings/pdf.pdf,3bff08eeef50efc9788ffaa1e4198548c6edc5ed6ab0e8fdcacc082738928280,DMR file as of 2/6/2026.
dmr_maine_lobster_landings_lb,"Maine DMR: lobster landings, pounds (statewide, by month)",2018-02,1506909.0,lb,maine_dmr_landings,OFFICIAL STATISTIC (annual publication of monthly pounds and value),https://www.maine.gov/dmr/sites/maine.gov.dmr/files/inline-files/LobByCntyMoZone.pdf,2026-09-22T20:16:42+00:00,evidence/maine_dmr_landings/pdf.pdf,3bff08eeef50efc9788ffaa1e4198548c6edc5ed6ab0e8fdcacc082738928280,DMR file as of 2/6/2026.
dmr_maine_lobster_landings_lb,"Maine DMR: lobster landings, pounds (statewide, by month)",2018-03,1301995.0,lb,maine_dmr_landings,OFFICIAL STATISTIC (annual publication of monthly pounds and value),https://www.maine.gov/dmr/sites/maine.gov.dmr/files/inline-files/LobByCntyMoZone.pdf,2026-09-22T20:16:42+00:00,evidence/maine_dmr_landings/pdf.pdf,3bff08eeef50efc9788ffaa1e4198548c6edc5ed6ab0e8fdcacc082738928280,DMR file as of 2/6/2026.
dmr_maine_lobster_landings_lb,"Maine DMR: lobster landings, pounds (statewide, by month)",2018-04,1631224.0,lb,maine_dmr_landings,OFFICIAL STATISTIC (annual publication of monthly pounds and value),https://www.maine.gov/dmr/sites/maine.gov.dmr/files/inline-files/LobByCntyMoZone.pdf,2026-09-22T20:16:42+00:00,evidence/maine_dmr_landings/pdf.pdf,3bff08eeef50efc9788ffaa1e4198548c6edc5ed6ab0e8fdcacc082738928280,DMR file as of 2/6/2026.
dmr_maine_lobster_landings_lb,"Maine DMR: lobster landings, pounds (statewide, by month)",2018-05,2648213.0,lb,maine_dmr_landings,OFFICIAL STATISTIC (annual publication of monthly pounds and value),https://www.maine.gov/dmr/sites/maine.gov.dmr/files/inline-files/LobByCntyMoZone.pdf,2026-09-22T20:16:42+00:00,evidence/maine_dmr_landings/pdf.pdf,3bff08eeef50efc9788ffaa1e4198548c6edc5ed6ab0e8fdcacc082738928280,DMR file as of 2/6/2026.
dmr_maine_lobster_landings_lb,"Maine DMR: lobster landings, pounds (statewide, by month)",2018-06,3406083.0,lb,maine_dmr_landings,OFFICIAL STATISTIC (annual publication of monthly pounds and value),https://www.maine.gov/dmr/sites/maine.gov.dmr/files/inline-files/LobByCntyMoZone.pdf,2026-09-22T20:16:42+00:00,evidence/maine_dmr_landings/pdf.pdf,3bff08eeef50efc9788ffaa1e4198548c6edc5ed6ab0e8fdcacc082738928280,DMR file as of 2/6/2026.
dmr_maine_lobster_landings_lb,"Maine DMR: lobster landings, pounds (statewide, by month)",2018-07,21230043.0,lb,maine_dmr_landings,OFFICIAL STATISTIC (annual publication of monthly pounds and value),https://www.maine.gov/dmr/sites/maine.gov.dmr/files/inline-files/LobByCntyMoZone.pdf,2026-09-22T20:16:42+00:00,evidence/maine_dmr_landings/pdf.pdf,3bff08eeef50efc9788ffaa1e4198548c6edc5ed6ab0e8fdcacc082738928280,DMR file as of 2/6/2026.
dmr_maine_lobster_landings_lb,"Maine DMR: lobster landings, pounds (statewide, by month)",2018-08,27081225.0,lb,maine_dmr_landings,OFFICIAL STATISTIC (annual publication of monthly pounds and value),https://www.maine.gov/dmr/sites/maine.gov.dmr/files/inline-files/LobByCntyMoZone.pdf,2026-09-22T20:16:42+00:00,evidence/maine_dmr_landings/pdf.pdf,3bff08eeef50efc9788ffaa1e4198548c6edc5ed6ab0e8fdcacc082738928280,DMR file as of 2/6/2026.
dmr_maine_lobster_landings_lb,"Maine DMR: lobster landings, pounds (statewide, by month)",2018-09,20026609.0,lb,maine_dmr_landings,OFFICIAL STATISTIC (annual publication of monthly pounds and value),https://www.maine.gov/dmr/sites/maine.gov.dmr/files/inline-files/LobByCntyMoZone.pdf,2026-09-22T20:16:42+00:00,evidence/maine_dmr_landings/pdf.pdf,3bff08eeef50efc9788ffaa1e4198548c6edc5ed6ab0e8fdcacc082738928280,DMR file as of 2/6/2026.
dmr_maine_lobster_landings_lb,"Maine DMR: lobster landings, pounds (statewide, by month)",2018-10,21164596.0,lb,maine_dmr_landings,OFFICIAL STATISTIC (annual publication of monthly pounds and value),https://www.maine.gov/dmr/sites/maine.gov.dmr/files/inline-files/LobByCntyMoZone.pdf,2026-09-22T20:16:42+00:00,evidence/maine_dmr_landings/pdf.pdf,3bff08eeef50efc9788ffaa1e4198548c6edc5ed6ab0e8fdcacc082738928280,DMR file as of 2/6/2026.
dmr_maine_lobster_landings_lb,"Maine DMR: lobster landings, pounds (statewide, by month)",2018-11,11714344.0,lb,maine_dmr_landings,OFFICIAL STATISTIC (annual publication of monthly pounds and value),https://www.maine.gov/dmr/sites/maine.gov.dmr/files/inline-files/LobByCntyMoZone.pdf,2026-09-22T20:16:42+00:00,evidence/maine_dmr_landings/pdf.pdf,3bff08eeef50efc9788ffaa1e4198548c6edc5ed6ab0e8fdcacc082738928280,DMR file as of 2/6/2026.
dmr_maine_lobster_landings_lb,"Maine DMR: lobster landings, pounds (statewide, by month)",2018-12,6793132.0,lb,maine_dmr_landings,OFFICIAL STATISTIC (annual publication of monthly pounds and value),https://www.maine.gov/dmr/sites/maine.gov.dmr/files/inline-files/LobByCntyMoZone.pdf,2026-09-22T20:16:42+00:00,evidence/maine_dmr_landings/pdf.pdf,3bff08eeef50efc9788ffaa1e4198548c6edc5ed6ab0e8fdcacc082738928280,DMR file as of 2/6/2026.
dmr_maine_lobster_landings_lb,"Maine DMR: lobster landings, pounds (statewide, by month)",2019-01,1820410.0,lb,maine_dmr_landings,OFFICIAL STATISTIC (annual publication of monthly pounds and value),https://www.maine.gov/dmr/sites/maine.gov.dmr/files/inline-files/LobByCntyMoZone.pdf,2026-09-22T20:16:42+00:00,evidence/maine_dmr_landings/pdf.pdf,3bff08eeef50efc9788ffaa1e4198548c6edc5ed6ab0e8fdcacc082738928280,DMR file as of 2/6/2026.
dmr_maine_lobster_landings_lb,"Maine DMR: lobster landings, pounds (statewide, by month)",2019-02,1174860.0,lb,maine_dmr_landings,OFFICIAL STATISTIC (annual publication of monthly pounds and value),https://www.maine.gov/dmr/sites/maine.gov.dmr/files/inline-files/LobByCntyMoZone.pdf,2026-09-22T20:16:42+00:00,evidence/maine_dmr_landings/pdf.pdf,3bff08eeef50efc9788ffaa1e4198548c6edc5ed6ab0e8fdcacc082738928280,DMR file as of 2/6/2026.
dmr_maine_lobster_landings_lb,"Maine DMR: lobster landings, pounds (statewide, by month)",2019-03,1073151.0,lb,maine_dmr_landings,OFFICIAL STATISTIC (annual publication of monthly pounds and value),https://www.maine.gov/dmr/sites/maine.gov.dmr/files/inline-files/LobByCntyMoZone.pdf,2026-09-22T20:16:42+00:00,evidence/maine_dmr_landings/pdf.pdf,3bff08eeef50efc9788ffaa1e4198548c6edc5ed6ab0e8fdcacc082738928280,DMR file as of 2/6/2026.
dmr_maine_lobster_landings_lb,"Maine DMR: lobster landings, pounds (statewide, by month)",2019-04,1260684.0,lb,maine_dmr_landings,OFFICIAL STATISTIC (annual publication of monthly pounds and value),https://www.maine.gov/dmr/sites/maine.gov.dmr/files/inline-files/LobByCntyMoZone.pdf,2026-09-22T20:16:42+00:00,evidence/maine_dmr_landings/pdf.pdf,3bff08eeef50efc9788ffaa1e4198548c6edc5ed6ab0e8fdcacc082738928280,DMR file as of 2/6/2026.
dmr_maine_lobster_landings_lb,"Maine DMR: lobster landings, pounds (statewide, by month)",2019-05,2346789.0,lb,maine_dmr_landings,OFFICIAL STATISTIC (annual publication of monthly pounds and value),https://www.maine.gov/dmr/sites/maine.gov.dmr/files/inline-files/LobByCntyMoZone.pdf,2026-09-22T20:16:42+00:00,evidence/maine_dmr_landings/pdf.pdf,3bff08eeef50efc9788ffaa1e4198548c6edc5ed6ab0e8fdcacc082738928280,DMR file as of 2/6/2026.
dmr_maine_lobster_landings_lb,"Maine DMR: lobster landings, pounds (statewide, by month)",2019-06,2312688.0,lb,maine_dmr_landings,OFFICIAL STATISTIC (annual publication of monthly pounds and value),https://www.maine.gov/dmr/sites/maine.gov.dmr/files/inline-files/LobByCntyMoZone.pdf,2026-09-22T20:16:42+00:00,evidence/maine_dmr_landings/pdf.pdf,3bff08eeef50efc9788ffaa1e4198548c6edc5ed6ab0e8fdcacc082738928280,DMR file as of 2/6/2026.
dmr_maine_lobster_landings_lb,"Maine DMR: lobster landings, pounds (statewide, by month)",2019-07,8635809.0,lb,maine_dmr_landings,OFFICIAL STATISTIC (annual publication of monthly pounds and value),https://www.maine.gov/dmr/sites/maine.gov.dmr/files/inline-files/LobByCntyMoZone.pdf,2026-09-22T20:16:42+00:00,evidence/maine_dmr_landings/pdf.pdf,3bff08eeef50efc9788ffaa1e4198548c6edc5ed6ab0e8fdcacc082738928280,DMR file as of 2/6/2026.
dmr_maine_lobster_landings_lb,"Maine DMR: lobster landings, pounds (statewide, by month)",2019-08,22450711.0,lb,maine_dmr_landings,OFFICIAL STATISTIC (annual publication of monthly pounds and value),https://www.maine.gov/dmr/sites/maine.gov.dmr/files/inline-files/LobByCntyMoZone.pdf,2026-09-22T20:16:42+00:00,evidence/maine_dmr_landings/pdf.pdf,3bff08eeef50efc9788ffaa1e4198548c6edc5ed6ab0e8fdcacc082738928280,DMR file as of 2/6/2026.
dmr_maine_lobster_landings_lb,"Maine DMR: lobster landings, pounds (statewide, by month)",2019-09,18419820.0,lb,maine_dmr_landings,OFFICIAL STATISTIC (annual publication of monthly pounds and value),https://www.maine.gov/dmr/sites/maine.gov.dmr/files/inline-files/LobByCntyMoZone.pdf,2026-09-22T20:16:42+00:00,evidence/maine_dmr_landings/pdf.pdf,3bff08eeef50efc9788ffaa1e4198548c6edc5ed6ab0e8fdcacc082738928280,DMR file as of 2/6/2026.
dmr_maine_lobster_landings_lb,"Maine DMR: lobster landings, pounds (statewide, by month)",2019-10,21577051.0,lb,maine_dmr_landings,OFFICIAL STATISTIC (annual publication of monthly pounds and value),https://www.maine.gov/dmr/sites/maine.gov.dmr/files/inline-files/LobByCntyMoZone.pdf,2026-09-22T20:16:42+00:00,evidence/maine_dmr_landings/pdf.pdf,3bff08eeef50efc9788ffaa1e4198548c6edc5ed6ab0e8fdcacc082738928280,DMR file as of 2/6/2026.
dmr_maine_lobster_landings_lb,"Maine DMR: lobster landings, pounds (statewide, by month)",2019-11,13859494.0,lb,maine_dmr_landings,OFFICIAL STATISTIC (annual publication of monthly pounds and value),https://www.maine.gov/dmr/sites/maine.gov.dmr/files/inline-files/LobByCntyMoZone.pdf,2026-09-22T20:16:42+00:00,evidence/maine_dmr_landings/pdf.pdf,3bff08eeef50efc9788ffaa1e4198548c6edc5ed6ab0e8fdcacc082738928280,DMR file as of 2/6/2026.
dmr_maine_lobster_landings_lb,"Maine DMR: lobster landings, pounds (statewide, by month)",2019-12,7320009.0,lb,maine_dmr_landings,OFFICIAL STATISTIC (annual publication of monthly pounds and value),https://www.maine.gov/dmr/sites/maine.gov.dmr/files/inline-files/LobByCntyMoZone.pdf,2026-09-22T20:16:42+00:00,evidence/maine_dmr_landings/pdf.pdf,3bff08eeef50efc9788ffaa1e4198548c6edc5ed6ab0e8fdcacc082738928280,DMR file as of 2/6/2026.
dmr_maine_lobster_landings_lb,"Maine DMR: lobster landings, pounds (statewide, by month)",2020-01,3038352.0,lb,maine_dmr_landings,OFFICIAL STATISTIC (annual publication of monthly pounds and value),https://www.maine.gov/dmr/sites/maine.gov.dmr/files/inline-files/LobByCntyMoZone.pdf,2026-09-22T20:16:42+00:00,evidence/maine_dmr_landings/pdf.pdf,3bff08eeef50efc9788ffaa1e4198548c6edc5ed6ab0e8fdcacc082738928280,DMR file as of 2/6/2026.
dmr_maine_lobster_landings_lb,"Maine DMR: lobster landings, pounds (statewide, by month)",2020-02,977173.0,lb,maine_dmr_landings,OFFICIAL STATISTIC (annual publication of monthly pounds and value),https://www.maine.gov/dmr/sites/maine.gov.dmr/files/inline-files/LobByCntyMoZone.pdf,2026-09-22T20:16:42+00:00,evidence/maine_dmr_landings/pdf.pdf,3bff08eeef50efc9788ffaa1e4198548c6edc5ed6ab0e8fdcacc082738928280,DMR file as of 2/6/2026.
dmr_maine_lobster_landings_lb,"Maine DMR: lobster landings, pounds (statewide, by month)",2020-03,544696.0,lb,maine_dmr_landings,OFFICIAL STATISTIC (annual publication of monthly pounds and value),https://www.maine.gov/dmr/sites/maine.gov.dmr/files/inline-files/LobByCntyMoZone.pdf,2026-09-22T20:16:42+00:00,evidence/maine_dmr_landings/pdf.pdf,3bff08eeef50efc9788ffaa1e4198548c6edc5ed6ab0e8fdcacc082738928280,DMR file as of 2/6/2026.
dmr_maine_lobster_landings_lb,"Maine DMR: lobster landings, pounds (statewide, by month)",2020-04,786222.0,lb,maine_dmr_landings,OFFICIAL STATISTIC (annual publication of monthly pounds and value),https://www.maine.gov/dmr/sites/maine.gov.dmr/files/inline-files/LobByCntyMoZone.pdf,2026-09-22T20:16:42+00:00,evidence/maine_dmr_landings/pdf.pdf,3bff08eeef50efc9788ffaa1e4198548c6edc5ed6ab0e8fdcacc082738928280,DMR file as of 2/6/2026.
dmr_maine_lobster_landings_lb,"Maine DMR: lobster landings, pounds (statewide, by month)",2020-05,1376150.0,lb,maine_dmr_landings,OFFICIAL STATISTIC (annual publication of monthly pounds and value),https://www.maine.gov/dmr/sites/maine.gov.dmr/files/inline-files/LobByCntyMoZone.pdf,2026-09-22T20:16:42+00:00,evidence/maine_dmr_landings/pdf.pdf,3bff08eeef50efc9788ffaa1e4198548c6edc5ed6ab0e8fdcacc082738928280,DMR file as of 2/6/2026.
dmr_maine_lobster_landings_lb,"Maine DMR: lobster landings, pounds (statewide, by month)",2020-06,2751280.0,lb,maine_dmr_landings,OFFICIAL STATISTIC (annual publication of monthly pounds and value),https://www.maine.gov/dmr/sites/maine.gov.dmr/files/inline-files/LobByCntyMoZone.pdf,2026-09-22T20:16:42+00:00,evidence/maine_dmr_landings/pdf.pdf,3bff08eeef50efc9788ffaa1e4198548c6edc5ed6ab0e8fdcacc082738928280,DMR file as of 2/6/2026.
dmr_maine_lobster_landings_lb,"Maine DMR: lobster landings, pounds (statewide, by month)",2020-07,16569356.0,lb,maine_dmr_landings,OFFICIAL STATISTIC (annual publication of monthly pounds and value),https://www.maine.gov/dmr/sites/maine.gov.dmr/files/inline-files/LobByCntyMoZone.pdf,2026-09-22T20:16:42+00:00,evidence/maine_dmr_landings/pdf.pdf,3bff08eeef50efc9788ffaa1e4198548c6edc5ed6ab0e8fdcacc082738928280,DMR file as of 2/6/2026.
dmr_maine_lobster_landings_lb,"Maine DMR: lobster landings, pounds (statewide, by month)",2020-08,17599948.0,lb,maine_dmr_landings,OFFICIAL STATISTIC (annual publication of monthly pounds and value),https://www.maine.gov/dmr/sites/maine.gov.dmr/files/inline-files/LobByCntyMoZone.pdf,2026-09-22T20:16:42+00:00,evidence/maine_dmr_landings/pdf.pdf,3bff08eeef50efc9788ffaa1e4198548c6edc5ed6ab0e8fdcacc082738928280,DMR file as of 2/6/2026.
dmr_maine_lobster_landings_lb,"Maine DMR: lobster landings, pounds (statewide, by month)",2020-09,15470795.0,lb,maine_dmr_landings,OFFICIAL STATISTIC (annual publication of monthly pounds and value),https://www.maine.gov/dmr/sites/maine.gov.dmr/files/inline-files/LobByCntyMoZone.pdf,2026-09-22T20:16:42+00:00,evidence/maine_dmr_landings/pdf.pdf,3bff08eeef50efc9788ffaa1e4198548c6edc5ed6ab0e8fdcacc082738928280,DMR file as of 2/6/2026.
dmr_maine_lobster_landings_lb,"Maine DMR: lobster landings, pounds (statewide, by month)",2020-10,20627237.0,lb,maine_dmr_landings,OFFICIAL STATISTIC (annual publication of monthly pounds and value),https://www.maine.gov/dmr/sites/maine.gov.dmr/files/inline-files/LobByCntyMoZone.pdf,2026-09-22T20:16:42+00:00,evidence/maine_dmr_landings/pdf.pdf,3bff08eeef50efc9788ffaa1e4198548c6edc5ed6ab0e8fdcacc082738928280,DMR file as of 2/6/2026.
dmr_maine_lobster_landings_lb,"Maine DMR: lobster landings, pounds (statewide, by month)",2020-11,12776981.0,lb,maine_dmr_landings,OFFICIAL STATISTIC (annual publication of monthly pounds and value),https://www.maine.gov/dmr/sites/maine.gov.dmr/files/inline-files/LobByCntyMoZone.pdf,2026-09-22T20:16:42+00:00,evidence/maine_dmr_landings/pdf.pdf,3bff08eeef50efc9788ffaa1e4198548c6edc5ed6ab0e8fdcacc082738928280,DMR file as of 2/6/2026.
dmr_maine_lobster_landings_lb,"Maine DMR: lobster landings, pounds (statewide, by month)",2020-12,5436400.0,lb,maine_dmr_landings,OFFICIAL STATISTIC (annual publication of monthly pounds and value),https://www.maine.gov/dmr/sites/maine.gov.dmr/files/inline-files/LobByCntyMoZone.pdf,2026-09-22T20:16:42+00:00,evidence/maine_dmr_landings/pdf.pdf,3bff08eeef50efc9788ffaa1e4198548c6edc5ed6ab0e8fdcacc082738928280,DMR file as of 2/6/2026.
dmr_maine_lobster_landings_lb,"Maine DMR: lobster landings, pounds (statewide, by month)",2021-01,3687177.0,lb,maine_dmr_landings,OFFICIAL STATISTIC (annual publication of monthly pounds and value),https://www.maine.gov/dmr/sites/maine.gov.dmr/files/inline-files/LobByCntyMoZone.pdf,2026-09-22T20:16:42+00:00,evidence/maine_dmr_landings/pdf.pdf,3bff08eeef50efc9788ffaa1e4198548c6edc5ed6ab0e8fdcacc082738928280,DMR file as of 2/6/2026.
dmr_maine_lobster_landings_lb,"Maine DMR: lobster landings, pounds (statewide, by month)",2021-02,1161065.0,lb,maine_dmr_landings,OFFICIAL STATISTIC (annual publication of monthly pounds and value),https://www.maine.gov/dmr/sites/maine.gov.dmr/files/inline-files/LobByCntyMoZone.pdf,2026-09-22T20:16:42+00:00,evidence/maine_dmr_landings/pdf.pdf,3bff08eeef50efc9788ffaa1e4198548c6edc5ed6ab0e8fdcacc082738928280,DMR file as of 2/6/2026.
dmr_maine_lobster_landings_lb,"Maine DMR: lobster landings, pounds (statewide, by month)",2021-03,1096759.0,lb,maine_dmr_landings,OFFICIAL STATISTIC (annual publication of monthly pounds and value),https://www.maine.gov/dmr/sites/maine.gov.dmr/files/inline-files/LobByCntyMoZone.pdf,2026-09-22T20:16:42+00:00,evidence/maine_dmr_landings/pdf.pdf,3bff08eeef50efc9788ffaa1e4198548c6edc5ed6ab0e8fdcacc082738928280,DMR file as of 2/6/2026.
dmr_maine_lobster_landings_lb,"Maine DMR: lobster landings, pounds (statewide, by month)",2021-04,1279616.0,lb,maine_dmr_landings,OFFICIAL STATISTIC (annual publication of monthly pounds and value),https://www.maine.gov/dmr/sites/maine.gov.dmr/files/inline-files/LobByCntyMoZone.pdf,2026-09-22T20:16:42+00:00,evidence/maine_dmr_landings/pdf.pdf,3bff08eeef50efc9788ffaa1e4198548c6edc5ed6ab0e8fdcacc082738928280,DMR file as of 2/6/2026.
dmr_maine_lobster_landings_lb,"Maine DMR: lobster landings, pounds (statewide, by month)",2021-05,2215979.0,lb,maine_dmr_landings,OFFICIAL STATISTIC (annual publication of monthly pounds and value),https://www.maine.gov/dmr/sites/maine.gov.dmr/files/inline-files/LobByCntyMoZone.pdf,2026-09-22T20:16:42+00:00,evidence/maine_dmr_landings/pdf.pdf,3bff08eeef50efc9788ffaa1e4198548c6edc5ed6ab0e8fdcacc082738928280,DMR file as of 2/6/2026.
dmr_maine_lobster_landings_lb,"Maine DMR: lobster landings, pounds (statewide, by month)",2021-06,5948936.0,lb,maine_dmr_landings,OFFICIAL STATISTIC (annual publication of monthly pounds and value),https://www.maine.gov/dmr/sites/maine.gov.dmr/files/inline-files/LobByCntyMoZone.pdf,2026-09-22T20:16:42+00:00,evidence/maine_dmr_landings/pdf.pdf,3bff08eeef50efc9788ffaa1e4198548c6edc5ed6ab0e8fdcacc082738928280,DMR file as of 2/6/2026.
dmr_maine_lobster_landings_lb,"Maine DMR: lobster landings, pounds (statewide, by month)",2021-07,20019955.0,lb,maine_dmr_landings,OFFICIAL STATISTIC (annual publication of monthly pounds and value),https://www.maine.gov/dmr/sites/maine.gov.dmr/files/inline-files/LobByCntyMoZone.pdf,2026-09-22T20:16:42+00:00,evidence/maine_dmr_landings/pdf.pdf,3bff08eeef50efc9788ffaa1e4198548c6edc5ed6ab0e8fdcacc082738928280,DMR file as of 2/6/2026.
dmr_maine_lobster_landings_lb,"Maine DMR: lobster landings, pounds (statewide, by month)",2021-08,17108080.0,lb,maine_dmr_landings,OFFICIAL STATISTIC (annual publication of monthly pounds and value),https://www.maine.gov/dmr/sites/maine.gov.dmr/files/inline-files/LobByCntyMoZone.pdf,2026-09-22T20:16:42+00:00,evidence/maine_dmr_landings/pdf.pdf,3bff08eeef50efc9788ffaa1e4198548c6edc5ed6ab0e8fdcacc082738928280,DMR file as of 2/6/2026.
dmr_maine_lobster_landings_lb,"Maine DMR: lobster landings, pounds (statewide, by month)",2021-09,18129990.0,lb,maine_dmr_landings,OFFICIAL STATISTIC (annual publication of monthly pounds and value),https://www.maine.gov/dmr/sites/maine.gov.dmr/files/inline-files/LobByCntyMoZone.pdf,2026-09-22T20:16:42+00:00,evidence/maine_dmr_landings/pdf.pdf,3bff08eeef50efc9788ffaa1e4198548c6edc5ed6ab0e8fdcacc082738928280,DMR file as of 2/6/2026.
dmr_maine_lobster_landings_lb,"Maine DMR: lobster landings, pounds (statewide, by month)",2021-10,19952451.0,lb,maine_dmr_landings,OFFICIAL STATISTIC (annual publication of monthly pounds and value),https://www.maine.gov/dmr/sites/maine.gov.dmr/files/inline-files/LobByCntyMoZone.pdf,2026-09-22T20:16:42+00:00,evidence/maine_dmr_landings/pdf.pdf,3bff08eeef50efc9788ffaa1e4198548c6edc5ed6ab0e8fdcacc082738928280,DMR file as of 2/6/2026.
dmr_maine_lobster_landings_lb,"Maine DMR: lobster landings, pounds (statewide, by month)",2021-11,14515535.0,lb,maine_dmr_landings,OFFICIAL STATISTIC (annual publication of monthly pounds and value),https://www.maine.gov/dmr/sites/maine.gov.dmr/files/inline-files/LobByCntyMoZone.pdf,2026-09-22T20:16:42+00:00,evidence/maine_dmr_landings/pdf.pdf,3bff08eeef50efc9788ffaa1e4198548c6edc5ed6ab0e8fdcacc082738928280,DMR file as of 2/6/2026.
dmr_maine_lobster_landings_lb,"Maine DMR: lobster landings, pounds (statewide, by month)",2021-12,5588685.0,lb,maine_dmr_landings,OFFICIAL STATISTIC (annual publication of monthly pounds and value),https://www.maine.gov/dmr/sites/maine.gov.dmr/files/inline-files/LobByCntyMoZone.pdf,2026-09-22T20:16:42+00:00,evidence/maine_dmr_landings/pdf.pdf,3bff08eeef50efc9788ffaa1e4198548c6edc5ed6ab0e8fdcacc082738928280,DMR file as of 2/6/2026.
dmr_maine_lobster_landings_lb,"Maine DMR: lobster landings, pounds (statewide, by month)",2022-01,992842.0,lb,maine_dmr_landings,OFFICIAL STATISTIC (annual publication of monthly pounds and value),https://www.maine.gov/dmr/sites/maine.gov.dmr/files/inline-files/LobByCntyMoZone.pdf,2026-09-22T20:16:42+00:00,evidence/maine_dmr_landings/pdf.pdf,3bff08eeef50efc9788ffaa1e4198548c6edc5ed6ab0e8fdcacc082738928280,DMR file as of 2/6/2026.
dmr_maine_lobster_landings_lb,"Maine DMR: lobster landings, pounds (statewide, by month)",2022-02,402954.0,lb,maine_dmr_landings,OFFICIAL STATISTIC (annual publication of monthly pounds and value),https://www.maine.gov/dmr/sites/maine.gov.dmr/files/inline-files/LobByCntyMoZone.pdf,2026-09-22T20:16:42+00:00,evidence/maine_dmr_landings/pdf.pdf,3bff08eeef50efc9788ffaa1e4198548c6edc5ed6ab0e8fdcacc082738928280,DMR file as of 2/6/2026.
dmr_maine_lobster_landings_lb,"Maine DMR: lobster landings, pounds (statewide, by month)",2022-03,755974.0,lb,maine_dmr_landings,OFFICIAL STATISTIC (annual publication of monthly pounds and value),https://www.maine.gov/dmr/sites/maine.gov.dmr/files/inline-files/LobByCntyMoZone.pdf,2026-09-22T20:16:42+00:00,evidence/maine_dmr_landings/pdf.pdf,3bff08eeef50efc9788ffaa1e4198548c6edc5ed6ab0e8fdcacc082738928280,DMR file as of 2/6/2026.
dmr_maine_lobster_landings_lb,"Maine DMR: lobster landings, pounds (statewide, by month)",2022-04,1022009.0,lb,maine_dmr_landings,OFFICIAL STATISTIC (annual publication of monthly pounds and value),https://www.maine.gov/dmr/sites/maine.gov.dmr/files/inline-files/LobByCntyMoZone.pdf,2026-09-22T20:16:42+00:00,evidence/maine_dmr_landings/pdf.pdf,3bff08eeef50efc9788ffaa1e4198548c6edc5ed6ab0e8fdcacc082738928280,DMR file as of 2/6/2026.
dmr_maine_lobster_landings_lb,"Maine DMR: lobster landings, pounds (statewide, by month)",2022-05,2399247.0,lb,maine_dmr_landings,OFFICIAL STATISTIC (annual publication of monthly pounds and value),https://www.maine.gov/dmr/sites/maine.gov.dmr/files/inline-files/LobByCntyMoZone.pdf,2026-09-22T20:16:42+00:00,evidence/maine_dmr_landings/pdf.pdf,3bff08eeef50efc9788ffaa1e4198548c6edc5ed6ab0e8fdcacc082738928280,DMR file as of 2/6/2026.
dmr_maine_lobster_landings_lb,"Maine DMR: lobster landings, pounds (statewide, by month)",2022-06,4752083.0,lb,maine_dmr_landings,OFFICIAL STATISTIC (annual publication of monthly pounds and value),https://www.maine.gov/dmr/sites/maine.gov.dmr/files/inline-files/LobByCntyMoZone.pdf,2026-09-22T20:16:42+00:00,evidence/maine_dmr_landings/pdf.pdf,3bff08eeef50efc9788ffaa1e4198548c6edc5ed6ab0e8fdcacc082738928280,DMR file as of 2/6/2026.
dmr_maine_lobster_landings_lb,"Maine DMR: lobster landings, pounds (statewide, by month)",2022-07,19187713.0,lb,maine_dmr_landings,OFFICIAL STATISTIC (annual publication of monthly pounds and value),https://www.maine.gov/dmr/sites/maine.gov.dmr/files/inline-files/LobByCntyMoZone.pdf,2026-09-22T20:16:42+00:00,evidence/maine_dmr_landings/pdf.pdf,3bff08eeef50efc9788ffaa1e4198548c6edc5ed6ab0e8fdcacc082738928280,DMR file as of 2/6/2026.
dmr_maine_lobster_landings_lb,"Maine DMR: lobster landings, pounds (statewide, by month)",2022-08,21101931.0,lb,maine_dmr_landings,OFFICIAL STATISTIC (annual publication of monthly pounds and value),https://www.maine.gov/dmr/sites/maine.gov.dmr/files/inline-files/LobByCntyMoZone.pdf,2026-09-22T20:16:42+00:00,evidence/maine_dmr_landings/pdf.pdf,3bff08eeef50efc9788ffaa1e4198548c6edc5ed6ab0e8fdcacc082738928280,DMR file as of 2/6/2026.
dmr_maine_lobster_landings_lb,"Maine DMR: lobster landings, pounds (statewide, by month)",2022-09,16246482.0,lb,maine_dmr_landings,OFFICIAL STATISTIC (annual publication of monthly pounds and value),https://www.maine.gov/dmr/sites/maine.gov.dmr/files/inline-files/LobByCntyMoZone.pdf,2026-09-22T20:16:42+00:00,evidence/maine_dmr_landings/pdf.pdf,3bff08eeef50efc9788ffaa1e4198548c6edc5ed6ab0e8fdcacc082738928280,DMR file as of 2/6/2026.
dmr_maine_lobster_landings_lb,"Maine DMR: lobster landings, pounds (statewide, by month)",2022-10,16241597.0,lb,maine_dmr_landings,OFFICIAL STATISTIC (annual publication of monthly pounds and value),https://www.maine.gov/dmr/sites/maine.gov.dmr/files/inline-files/LobByCntyMoZone.pdf,2026-09-22T20:16:42+00:00,evidence/maine_dmr_landings/pdf.pdf,3bff08eeef50efc9788ffaa1e4198548c6edc5ed6ab0e8fdcacc082738928280,DMR file as of 2/6/2026.
dmr_maine_lobster_landings_lb,"Maine DMR: lobster landings, pounds (statewide, by month)",2022-11,11054225.0,lb,maine_dmr_landings,OFFICIAL STATISTIC (annual publication of monthly pounds and value),https://www.maine.gov/dmr/sites/maine.gov.dmr/files/inline-files/LobByCntyMoZone.pdf,2026-09-22T20:16:42+00:00,evidence/maine_dmr_landings/pdf.pdf,3bff08eeef50efc9788ffaa1e4198548c6edc5ed6ab0e8fdcacc082738928280,DMR file as of 2/6/2026.
dmr_maine_lobster_landings_lb,"Maine DMR: lobster landings, pounds (statewide, by month)",2022-12,4828263.0,lb,maine_dmr_landings,OFFICIAL STATISTIC (annual publication of monthly pounds and value),https://www.maine.gov/dmr/sites/maine.gov.dmr/files/inline-files/LobByCntyMoZone.pdf,2026-09-22T20:16:42+00:00,evidence/maine_dmr_landings/pdf.pdf,3bff08eeef50efc9788ffaa1e4198548c6edc5ed6ab0e8fdcacc082738928280,DMR file as of 2/6/2026.
dmr_maine_lobster_landings_lb,"Maine DMR: lobster landings, pounds (statewide, by month)",2023-01,2141724.0,lb,maine_dmr_landings,OFFICIAL STATISTIC (annual publication of monthly pounds and value),https://www.maine.gov/dmr/sites/maine.gov.dmr/files/inline-files/LobByCntyMoZone.pdf,2026-09-22T20:16:42+00:00,evidence/maine_dmr_landings/pdf.pdf,3bff08eeef50efc9788ffaa1e4198548c6edc5ed6ab0e8fdcacc082738928280,DMR file as of 2/6/2026.
dmr_maine_lobster_landings_lb,"Maine DMR: lobster landings, pounds (statewide, by month)",2023-02,1095759.0,lb,maine_dmr_landings,OFFICIAL STATISTIC (annual publication of monthly pounds and value),https://www.maine.gov/dmr/sites/maine.gov.dmr/files/inline-files/LobByCntyMoZone.pdf,2026-09-22T20:16:42+00:00,evidence/maine_dmr_landings/pdf.pdf,3bff08eeef50efc9788ffaa1e4198548c6edc5ed6ab0e8fdcacc082738928280,DMR file as of 2/6/2026.
dmr_maine_lobster_landings_lb,"Maine DMR: lobster landings, pounds (statewide, by month)",2023-03,856507.0,lb,maine_dmr_landings,OFFICIAL STATISTIC (annual publication of monthly pounds and value),https://www.maine.gov/dmr/sites/maine.gov.dmr/files/inline-files/LobByCntyMoZone.pdf,2026-09-22T20:16:42+00:00,evidence/maine_dmr_landings/pdf.pdf,3bff08eeef50efc9788ffaa1e4198548c6edc5ed6ab0e8fdcacc082738928280,DMR file as of 2/6/2026.
dmr_maine_lobster_landings_lb,"Maine DMR: lobster landings, pounds (statewide, by month)",2023-04,1397257.0,lb,maine_dmr_landings,OFFICIAL STATISTIC (annual publication of monthly pounds and value),https://www.maine.gov/dmr/sites/maine.gov.dmr/files/inline-files/LobByCntyMoZone.pdf,2026-09-22T20:16:42+00:00,evidence/maine_dmr_landings/pdf.pdf,3bff08eeef50efc9788ffaa1e4198548c6edc5ed6ab0e8fdcacc082738928280,DMR file as of 2/6/2026.
dmr_maine_lobster_landings_lb,"Maine DMR: lobster landings, pounds (statewide, by month)",2023-05,2497655.0,lb,maine_dmr_landings,OFFICIAL STATISTIC (annual publication of monthly pounds and value),https://www.maine.gov/dmr/sites/maine.gov.dmr/files/inline-files/LobByCntyMoZone.pdf,2026-09-22T20:16:42+00:00,evidence/maine_dmr_landings/pdf.pdf,3bff08eeef50efc9788ffaa1e4198548c6edc5ed6ab0e8fdcacc082738928280,DMR file as of 2/6/2026.
dmr_maine_lobster_landings_lb,"Maine DMR: lobster landings, pounds (statewide, by month)",2023-06,5374444.0,lb,maine_dmr_landings,OFFICIAL STATISTIC (annual publication of monthly pounds and value),https://www.maine.gov/dmr/sites/maine.gov.dmr/files/inline-files/LobByCntyMoZone.pdf,2026-09-22T20:16:42+00:00,evidence/maine_dmr_landings/pdf.pdf,3bff08eeef50efc9788ffaa1e4198548c6edc5ed6ab0e8fdcacc082738928280,DMR file as of 2/6/2026.
dmr_maine_lobster_landings_lb,"Maine DMR: lobster landings, pounds (statewide, by month)",2023-07,18488931.0,lb,maine_dmr_landings,OFFICIAL STATISTIC (annual publication of monthly pounds and value),https://www.maine.gov/dmr/sites/maine.gov.dmr/files/inline-files/LobByCntyMoZone.pdf,2026-09-22T20:16:42+00:00,evidence/maine_dmr_landings/pdf.pdf,3bff08eeef50efc9788ffaa1e4198548c6edc5ed6ab0e8fdcacc082738928280,DMR file as of 2/6/2026.
dmr_maine_lobster_landings_lb,"Maine DMR: lobster landings, pounds (statewide, by month)",2023-08,19085910.0,lb,maine_dmr_landings,OFFICIAL STATISTIC (annual publication of monthly pounds and value),https://www.maine.gov/dmr/sites/maine.gov.dmr/files/inline-files/LobByCntyMoZone.pdf,2026-09-22T20:16:42+00:00,evidence/maine_dmr_landings/pdf.pdf,3bff08eeef50efc9788ffaa1e4198548c6edc5ed6ab0e8fdcacc082738928280,DMR file as of 2/6/2026.
dmr_maine_lobster_landings_lb,"Maine DMR: lobster landings, pounds (statewide, by month)",2023-09,15233406.0,lb,maine_dmr_landings,OFFICIAL STATISTIC (annual publication of monthly pounds and value),https://www.maine.gov/dmr/sites/maine.gov.dmr/files/inline-files/LobByCntyMoZone.pdf,2026-09-22T20:16:42+00:00,evidence/maine_dmr_landings/pdf.pdf,3bff08eeef50efc9788ffaa1e4198548c6edc5ed6ab0e8fdcacc082738928280,DMR file as of 2/6/2026.
dmr_maine_lobster_landings_lb,"Maine DMR: lobster landings, pounds (statewide, by month)",2023-10,15258386.0,lb,maine_dmr_landings,OFFICIAL STATISTIC (annual publication of monthly pounds and value),https://www.maine.gov/dmr/sites/maine.gov.dmr/files/inline-files/LobByCntyMoZone.pdf,2026-09-22T20:16:42+00:00,evidence/maine_dmr_landings/pdf.pdf,3bff08eeef50efc9788ffaa1e4198548c6edc5ed6ab0e8fdcacc082738928280,DMR file as of 2/6/2026.
dmr_maine_lobster_landings_lb,"Maine DMR: lobster landings, pounds (statewide, by month)",2023-11,9709416.0,lb,maine_dmr_landings,OFFICIAL STATISTIC (annual publication of monthly pounds and value),https://www.maine.gov/dmr/sites/maine.gov.dmr/files/inline-files/LobByCntyMoZone.pdf,2026-09-22T20:16:42+00:00,evidence/maine_dmr_landings/pdf.pdf,3bff08eeef50efc9788ffaa1e4198548c6edc5ed6ab0e8fdcacc082738928280,DMR file as of 2/6/2026.
dmr_maine_lobster_landings_lb,"Maine DMR: lobster landings, pounds (statewide, by month)",2023-12,5826148.0,lb,maine_dmr_landings,OFFICIAL STATISTIC (annual publication of monthly pounds and value),https://www.maine.gov/dmr/sites/maine.gov.dmr/files/inline-files/LobByCntyMoZone.pdf,2026-09-22T20:16:42+00:00,evidence/maine_dmr_landings/pdf.pdf,3bff08eeef50efc9788ffaa1e4198548c6edc5ed6ab0e8fdcacc082738928280,DMR file as of 2/6/2026.
dmr_maine_lobster_landings_lb,"Maine DMR: lobster landings, pounds (statewide, by month)",2024-01,2469897.0,lb,maine_dmr_landings,OFFICIAL STATISTIC (annual publication of monthly pounds and value),https://www.maine.gov/dmr/sites/maine.gov.dmr/files/inline-files/LobByCntyMoZone.pdf,2026-09-22T20:16:42+00:00,evidence/maine_dmr_landings/pdf.pdf,3bff08eeef50efc9788ffaa1e4198548c6edc5ed6ab0e8fdcacc082738928280,DMR file as of 2/6/2026.
dmr_maine_lobster_landings_lb,"Maine DMR: lobster landings, pounds (statewide, by month)",2024-02,1221929.0,lb,maine_dmr_landings,OFFICIAL STATISTIC (annual publication of monthly pounds and value),https://www.maine.gov/dmr/sites/maine.gov.dmr/files/inline-files/LobByCntyMoZone.pdf,2026-09-22T20:16:42+00:00,evidence/maine_dmr_landings/pdf.pdf,3bff08eeef50efc9788ffaa1e4198548c6edc5ed6ab0e8fdcacc082738928280,DMR file as of 2/6/2026.
dmr_maine_lobster_landings_lb,"Maine DMR: lobster landings, pounds (statewide, by month)",2024-03,1091192.0,lb,maine_dmr_landings,OFFICIAL STATISTIC (annual publication of monthly pounds and value),https://www.maine.gov/dmr/sites/maine.gov.dmr/files/inline-files/LobByCntyMoZone.pdf,2026-09-22T20:16:42+00:00,evidence/maine_dmr_landings/pdf.pdf,3bff08eeef50efc9788ffaa1e4198548c6edc5ed6ab0e8fdcacc082738928280,DMR file as of 2/6/2026.
dmr_maine_lobster_landings_lb,"Maine DMR: lobster landings, pounds (statewide, by month)",2024-04,1183517.0,lb,maine_dmr_landings,OFFICIAL STATISTIC (annual publication of monthly pounds and value),https://www.maine.gov/dmr/sites/maine.gov.dmr/files/inline-files/LobByCntyMoZone.pdf,2026-09-22T20:16:42+00:00,evidence/maine_dmr_landings/pdf.pdf,3bff08eeef50efc9788ffaa1e4198548c6edc5ed6ab0e8fdcacc082738928280,DMR file as of 2/6/2026.
dmr_maine_lobster_landings_lb,"Maine DMR: lobster landings, pounds (statewide, by month)",2024-05,2522404.0,lb,maine_dmr_landings,OFFICIAL STATISTIC (annual publication of monthly pounds and value),https://www.maine.gov/dmr/sites/maine.gov.dmr/files/inline-files/LobByCntyMoZone.pdf,2026-09-22T20:16:42+00:00,evidence/maine_dmr_landings/pdf.pdf,3bff08eeef50efc9788ffaa1e4198548c6edc5ed6ab0e8fdcacc082738928280,DMR file as of 2/6/2026.
dmr_maine_lobster_landings_lb,"Maine DMR: lobster landings, pounds (statewide, by month)",2024-06,3594707.0,lb,maine_dmr_landings,OFFICIAL STATISTIC (annual publication of monthly pounds and value),https://www.maine.gov/dmr/sites/maine.gov.dmr/files/inline-files/LobByCntyMoZone.pdf,2026-09-22T20:16:42+00:00,evidence/maine_dmr_landings/pdf.pdf,3bff08eeef50efc9788ffaa1e4198548c6edc5ed6ab0e8fdcacc082738928280,DMR file as of 2/6/2026.
dmr_maine_lobster_landings_lb,"Maine DMR: lobster landings, pounds (statewide, by month)",2024-07,12766982.0,lb,maine_dmr_landings,OFFICIAL STATISTIC (annual publication of monthly pounds and value),https://www.maine.gov/dmr/sites/maine.gov.dmr/files/inline-files/LobByCntyMoZone.pdf,2026-09-22T20:16:42+00:00,evidence/maine_dmr_landings/pdf.pdf,3bff08eeef50efc9788ffaa1e4198548c6edc5ed6ab0e8fdcacc082738928280,DMR file as of 2/6/2026.
dmr_maine_lobster_landings_lb,"Maine DMR: lobster landings, pounds (statewide, by month)",2024-08,17915127.0,lb,maine_dmr_landings,OFFICIAL STATISTIC (annual publication of monthly pounds and value),https://www.maine.gov/dmr/sites/maine.gov.dmr/files/inline-files/LobByCntyMoZone.pdf,2026-09-22T20:16:42+00:00,evidence/maine_dmr_landings/pdf.pdf,3bff08eeef50efc9788ffaa1e4198548c6edc5ed6ab0e8fdcacc082738928280,DMR file as of 2/6/2026.
dmr_maine_lobster_landings_lb,"Maine DMR: lobster landings, pounds (statewide, by month)",2024-09,14138551.0,lb,maine_dmr_landings,OFFICIAL STATISTIC (annual publication of monthly pounds and value),https://www.maine.gov/dmr/sites/maine.gov.dmr/files/inline-files/LobByCntyMoZone.pdf,2026-09-22T20:16:42+00:00,evidence/maine_dmr_landings/pdf.pdf,3bff08eeef50efc9788ffaa1e4198548c6edc5ed6ab0e8fdcacc082738928280,DMR file as of 2/6/2026.
dmr_maine_lobster_landings_lb,"Maine DMR: lobster landings, pounds (statewide, by month)",2024-10,15054693.0,lb,maine_dmr_landings,OFFICIAL STATISTIC (annual publication of monthly pounds and value),https://www.maine.gov/dmr/sites/maine.gov.dmr/files/inline-files/LobByCntyMoZone.pdf,2026-09-22T20:16:42+00:00,evidence/maine_dmr_landings/pdf.pdf,3bff08eeef50efc9788ffaa1e4198548c6edc5ed6ab0e8fdcacc082738928280,DMR file as of 2/6/2026.
dmr_maine_lobster_landings_lb,"Maine DMR: lobster landings, pounds (statewide, by month)",2024-11,9294324.0,lb,maine_dmr_landings,OFFICIAL STATISTIC (annual publication of monthly pounds and value),https://www.maine.gov/dmr/sites/maine.gov.dmr/files/inline-files/LobByCntyMoZone.pdf,2026-09-22T20:16:42+00:00,evidence/maine_dmr_landings/pdf.pdf,3bff08eeef50efc9788ffaa1e4198548c6edc5ed6ab0e8fdcacc082738928280,DMR file as of 2/6/2026.
dmr_maine_lobster_landings_lb,"Maine DMR: lobster landings, pounds (statewide, by month)",2024-12,6026200.0,lb,maine_dmr_landings,OFFICIAL STATISTIC (annual publication of monthly pounds and value),https://www.maine.gov/dmr/sites/maine.gov.dmr/files/inline-files/LobByCntyMoZone.pdf,2026-09-22T20:16:42+00:00,evidence/maine_dmr_landings/pdf.pdf,3bff08eeef50efc9788ffaa1e4198548c6edc5ed6ab0e8fdcacc082738928280,DMR file as of 2/6/2026.
dmr_maine_lobster_landings_lb,"Maine DMR: lobster landings, pounds (statewide, by month)",2025-01,2076275.0,lb,maine_dmr_landings,OFFICIAL STATISTIC (annual publication of monthly pounds and value),https://www.maine.gov/dmr/sites/maine.gov.dmr/files/inline-files/LobByCntyMoZone.pdf,2026-09-22T20:16:42+00:00,evidence/maine_dmr_landings/pdf.pdf,3bff08eeef50efc9788ffaa1e4198548c6edc5ed6ab0e8fdcacc082738928280,DMR file as of 2/6/2026. Preliminary.
dmr_maine_lobster_landings_lb,"Maine DMR: lobster landings, pounds (statewide, by month)",2025-02,1067968.0,lb,maine_dmr_landings,OFFICIAL STATISTIC (annual publication of monthly pounds and value),https://www.maine.gov/dmr/sites/maine.gov.dmr/files/inline-files/LobByCntyMoZone.pdf,2026-09-22T20:16:42+00:00,evidence/maine_dmr_landings/pdf.pdf,3bff08eeef50efc9788ffaa1e4198548c6edc5ed6ab0e8fdcacc082738928280,DMR file as of 2/6/2026. Preliminary.
dmr_maine_lobster_landings_lb,"Maine DMR: lobster landings, pounds (statewide, by month)",2025-03,890160.0,lb,maine_dmr_landings,OFFICIAL STATISTIC (annual publication of monthly pounds and value),https://www.maine.gov/dmr/sites/maine.gov.dmr/files/inline-files/LobByCntyMoZone.pdf,2026-09-22T20:16:42+00:00,evidence/maine_dmr_landings/pdf.pdf,3bff08eeef50efc9788ffaa1e4198548c6edc5ed6ab0e8fdcacc082738928280,DMR file as of 2/6/2026. Preliminary.
dmr_maine_lobster_landings_lb,"Maine DMR: lobster landings, pounds (statewide, by month)",2025-04,1112628.0,lb,maine_dmr_landings,OFFICIAL STATISTIC (annual publication of monthly pounds and value),https://www.maine.gov/dmr/sites/maine.gov.dmr/files/inline-files/LobByCntyMoZone.pdf,2026-09-22T20:16:42+00:00,evidence/maine_dmr_landings/pdf.pdf,3bff08eeef50efc9788ffaa1e4198548c6edc5ed6ab0e8fdcacc082738928280,DMR file as of 2/6/2026. Preliminary.
dmr_maine_lobster_landings_lb,"Maine DMR: lobster landings, pounds (statewide, by month)",2025-05,2275718.0,lb,maine_dmr_landings,OFFICIAL STATISTIC (annual publication of monthly pounds and value),https://www.maine.gov/dmr/sites/maine.gov.dmr/files/inline-files/LobByCntyMoZone.pdf,2026-09-22T20:16:42+00:00,evidence/maine_dmr_landings/pdf.pdf,3bff08eeef50efc9788ffaa1e4198548c6edc5ed6ab0e8fdcacc082738928280,DMR file as of 2/6/2026. Preliminary.
dmr_maine_lobster_landings_lb,"Maine DMR: lobster landings, pounds (statewide, by month)",2025-06,3134392.0,lb,maine_dmr_landings,OFFICIAL STATISTIC (annual publication of monthly pounds and value),https://www.maine.gov/dmr/sites/maine.gov.dmr/files/inline-files/LobByCntyMoZone.pdf,2026-09-22T20:16:42+00:00,evidence/maine_dmr_landings/pdf.pdf,3bff08eeef50efc9788ffaa1e4198548c6edc5ed6ab0e8fdcacc082738928280,DMR file as of 2/6/2026. Preliminary.
dmr_maine_lobster_landings_lb,"Maine DMR: lobster landings, pounds (statewide, by month)",2025-07,8781526.0,lb,maine_dmr_landings,OFFICIAL STATISTIC (annual publication of monthly pounds and value),https://www.maine.gov/dmr/sites/maine.gov.dmr/files/inline-files/LobByCntyMoZone.pdf,2026-09-22T20:16:42+00:00,evidence/maine_dmr_landings/pdf.pdf,3bff08eeef50efc9788ffaa1e4198548c6edc5ed6ab0e8fdcacc082738928280,DMR file as of 2/6/2026. Preliminary.
dmr_maine_lobster_landings_lb,"Maine DMR: lobster landings, pounds (statewide, by month)",2025-08,15276689.0,lb,maine_dmr_landings,OFFICIAL STATISTIC (annual publication of monthly pounds and value),https://www.maine.gov/dmr/sites/maine.gov.dmr/files/inline-files/LobByCntyMoZone.pdf,2026-09-22T20:16:42+00:00,evidence/maine_dmr_landings/pdf.pdf,3bff08eeef50efc9788ffaa1e4198548c6edc5ed6ab0e8fdcacc082738928280,DMR file as of 2/6/2026. Preliminary.
dmr_maine_lobster_landings_lb,"Maine DMR: lobster landings, pounds (statewide, by month)",2025-09,14063429.0,lb,maine_dmr_landings,OFFICIAL STATISTIC (annual publication of monthly pounds and value),https://www.maine.gov/dmr/sites/maine.gov.dmr/files/inline-files/LobByCntyMoZone.pdf,2026-09-22T20:16:42+00:00,evidence/maine_dmr_landings/pdf.pdf,3bff08eeef50efc9788ffaa1e4198548c6edc5ed6ab0e8fdcacc082738928280,DMR file as of 2/6/2026. Preliminary.
dmr_maine_lobster_landings_lb,"Maine DMR: lobster landings, pounds (statewide, by month)",2025-10,14861916.0,lb,maine_dmr_landings,OFFICIAL STATISTIC (annual publication of monthly pounds and value),https://www.maine.gov/dmr/sites/maine.gov.dmr/files/inline-files/LobByCntyMoZone.pdf,2026-09-22T20:16:42+00:00,evidence/maine_dmr_landings/pdf.pdf,3bff08eeef50efc9788ffaa1e4198548c6edc5ed6ab0e8fdcacc082738928280,DMR file as of 2/6/2026. Preliminary.
dmr_maine_lobster_landings_lb,"Maine DMR: lobster landings, pounds (statewide, by month)",2025-11,10468423.0,lb,maine_dmr_landings,OFFICIAL STATISTIC (annual publication of monthly pounds and value),https://www.maine.gov/dmr/sites/maine.gov.dmr/files/inline-files/LobByCntyMoZone.pdf,2026-09-22T20:16:42+00:00,evidence/maine_dmr_landings/pdf.pdf,3bff08eeef50efc9788ffaa1e4198548c6edc5ed6ab0e8fdcacc082738928280,DMR file as of 2/6/2026. Preliminary.
dmr_maine_lobster_landings_lb,"Maine DMR: lobster landings, pounds (statewide, by month)",2025-12,4817559.0,lb,maine_dmr_landings,OFFICIAL STATISTIC (annual publication of monthly pounds and value),https://www.maine.gov/dmr/sites/maine.gov.dmr/files/inline-files/LobByCntyMoZone.pdf,2026-09-22T20:16:42+00:00,evidence/maine_dmr_landings/pdf.pdf,3bff08eeef50efc9788ffaa1e4198548c6edc5ed6ab0e8fdcacc082738928280,DMR file as of 2/6/2026. Preliminary.
dmr_maine_lobster_landings_value_usd,"Maine DMR: lobster landings, ex-vessel value USD (statewide, by month)",2004-01,4340428.0,USD,maine_dmr_landings,OFFICIAL STATISTIC (annual publication of monthly pounds and value),https://www.maine.gov/dmr/sites/maine.gov.dmr/files/inline-files/LobByCntyMoZone.pdf,2026-09-22T20:16:42+00:00,evidence/maine_dmr_landings/pdf.pdf,3bff08eeef50efc9788ffaa1e4198548c6edc5ed6ab0e8fdcacc082738928280,DMR file as of 2/6/2026.
dmr_maine_lobster_landings_value_usd,"Maine DMR: lobster landings, ex-vessel value USD (statewide, by month)",2004-02,2967819.0,USD,maine_dmr_landings,OFFICIAL STATISTIC (annual publication of monthly pounds and value),https://www.maine.gov/dmr/sites/maine.gov.dmr/files/inline-files/LobByCntyMoZone.pdf,2026-09-22T20:16:42+00:00,evidence/maine_dmr_landings/pdf.pdf,3bff08eeef50efc9788ffaa1e4198548c6edc5ed6ab0e8fdcacc082738928280,DMR file as of 2/6/2026.
dmr_maine_lobster_landings_value_usd,"Maine DMR: lobster landings, ex-vessel value USD (statewide, by month)",2004-03,2746730.0,USD,maine_dmr_landings,OFFICIAL STATISTIC (annual publication of monthly pounds and value),https://www.maine.gov/dmr/sites/maine.gov.dmr/files/inline-files/LobByCntyMoZone.pdf,2026-09-22T20:16:42+00:00,evidence/maine_dmr_landings/pdf.pdf,3bff08eeef50efc9788ffaa1e4198548c6edc5ed6ab0e8fdcacc082738928280,DMR file as of 2/6/2026.
dmr_maine_lobster_landings_value_usd,"Maine DMR: lobster landings, ex-vessel value USD (statewide, by month)",2004-04,5872445.0,USD,maine_dmr_landings,OFFICIAL STATISTIC (annual publication of monthly pounds and value),https://www.maine.gov/dmr/sites/maine.gov.dmr/files/inline-files/LobByCntyMoZone.pdf,2026-09-22T20:16:42+00:00,evidence/maine_dmr_landings/pdf.pdf,3bff08eeef50efc9788ffaa1e4198548c6edc5ed6ab0e8fdcacc082738928280,DMR file as of 2/6/2026.
dmr_maine_lobster_landings_value_usd,"Maine DMR: lobster landings, ex-vessel value USD (statewide, by month)",2004-05,9759087.0,USD,maine_dmr_landings,OFFICIAL STATISTIC (annual publication of monthly pounds and value),https://www.maine.gov/dmr/sites/maine.gov.dmr/files/inline-files/LobByCntyMoZone.pdf,2026-09-22T20:16:42+00:00,evidence/maine_dmr_landings/pdf.pdf,3bff08eeef50efc9788ffaa1e4198548c6edc5ed6ab0e8fdcacc082738928280,DMR file as of 2/6/2026.
dmr_maine_lobster_landings_value_usd,"Maine DMR: lobster landings, ex-vessel value USD (statewide, by month)",2004-06,17910345.0,USD,maine_dmr_landings,OFFICIAL STATISTIC (annual publication of monthly pounds and value),https://www.maine.gov/dmr/sites/maine.gov.dmr/files/inline-files/LobByCntyMoZone.pdf,2026-09-22T20:16:42+00:00,evidence/maine_dmr_landings/pdf.pdf,3bff08eeef50efc9788ffaa1e4198548c6edc5ed6ab0e8fdcacc082738928280,DMR file as of 2/6/2026.
dmr_maine_lobster_landings_value_usd,"Maine DMR: lobster landings, ex-vessel value USD (statewide, by month)",2004-07,24227118.0,USD,maine_dmr_landings,OFFICIAL STATISTIC (annual publication of monthly pounds and value),https://www.maine.gov/dmr/sites/maine.gov.dmr/files/inline-files/LobByCntyMoZone.pdf,2026-09-22T20:16:42+00:00,evidence/maine_dmr_landings/pdf.pdf,3bff08eeef50efc9788ffaa1e4198548c6edc5ed6ab0e8fdcacc082738928280,DMR file as of 2/6/2026.
dmr_maine_lobster_landings_value_usd,"Maine DMR: lobster landings, ex-vessel value USD (statewide, by month)",2004-08,45582113.0,USD,maine_dmr_landings,OFFICIAL STATISTIC (annual publication of monthly pounds and value),https://www.maine.gov/dmr/sites/maine.gov.dmr/files/inline-files/LobByCntyMoZone.pdf,2026-09-22T20:16:42+00:00,evidence/maine_dmr_landings/pdf.pdf,3bff08eeef50efc9788ffaa1e4198548c6edc5ed6ab0e8fdcacc082738928280,DMR file as of 2/6/2026.
dmr_maine_lobster_landings_value_usd,"Maine DMR: lobster landings, ex-vessel value USD (statewide, by month)",2004-09,55223263.0,USD,maine_dmr_landings,OFFICIAL STATISTIC (annual publication of monthly pounds and value),https://www.maine.gov/dmr/sites/maine.gov.dmr/files/inline-files/LobByCntyMoZone.pdf,2026-09-22T20:16:42+00:00,evidence/maine_dmr_landings/pdf.pdf,3bff08eeef50efc9788ffaa1e4198548c6edc5ed6ab0e8fdcacc082738928280,DMR file as of 2/6/2026.
dmr_maine_lobster_landings_value_usd,"Maine DMR: lobster landings, ex-vessel value USD (statewide, by month)",2004-10,52128139.0,USD,maine_dmr_landings,OFFICIAL STATISTIC (annual publication of monthly pounds and value),https://www.maine.gov/dmr/sites/maine.gov.dmr/files/inline-files/LobByCntyMoZone.pdf,2026-09-22T20:16:42+00:00,evidence/maine_dmr_landings/pdf.pdf,3bff08eeef50efc9788ffaa1e4198548c6edc5ed6ab0e8fdcacc082738928280,DMR file as of 2/6/2026.
dmr_maine_lobster_landings_value_usd,"Maine DMR: lobster landings, ex-vessel value USD (statewide, by month)",2004-11,48296469.0,USD,maine_dmr_landings,OFFICIAL STATISTIC (annual publication of monthly pounds and value),https://www.maine.gov/dmr/sites/maine.gov.dmr/files/inline-files/LobByCntyMoZone.pdf,2026-09-22T20:16:42+00:00,evidence/maine_dmr_landings/pdf.pdf,3bff08eeef50efc9788ffaa1e4198548c6edc5ed6ab0e8fdcacc082738928280,DMR file as of 2/6/2026.
dmr_maine_lobster_landings_value_usd,"Maine DMR: lobster landings, ex-vessel value USD (statewide, by month)",2004-12,20024891.0,USD,maine_dmr_landings,OFFICIAL STATISTIC (annual publication of monthly pounds and value),https://www.maine.gov/dmr/sites/maine.gov.dmr/files/inline-files/LobByCntyMoZone.pdf,2026-09-22T20:16:42+00:00,evidence/maine_dmr_landings/pdf.pdf,3bff08eeef50efc9788ffaa1e4198548c6edc5ed6ab0e8fdcacc082738928280,DMR file as of 2/6/2026.
dmr_maine_lobster_landings_value_usd,"Maine DMR: lobster landings, ex-vessel value USD (statewide, by month)",2005-01,6312857.0,USD,maine_dmr_landings,OFFICIAL STATISTIC (annual publication of monthly pounds and value),https://www.maine.gov/dmr/sites/maine.gov.dmr/files/inline-files/LobByCntyMoZone.pdf,2026-09-22T20:16:42+00:00,evidence/maine_dmr_landings/pdf.pdf,3bff08eeef50efc9788ffaa1e4198548c6edc5ed6ab0e8fdcacc082738928280,DMR file as of 2/6/2026.
dmr_maine_lobster_landings_value_usd,"Maine DMR: lobster landings, ex-vessel value USD (statewide, by month)",2005-02,3484474.0,USD,maine_dmr_landings,OFFICIAL STATISTIC (annual publication of monthly pounds and value),https://www.maine.gov/dmr/sites/maine.gov.dmr/files/inline-files/LobByCntyMoZone.pdf,2026-09-22T20:16:42+00:00,evidence/maine_dmr_landings/pdf.pdf,3bff08eeef50efc9788ffaa1e4198548c6edc5ed6ab0e8fdcacc082738928280,DMR file as of 2/6/2026.
dmr_maine_lobster_landings_value_usd,"Maine DMR: lobster landings, ex-vessel value USD (statewide, by month)",2005-03,3043273.0,USD,maine_dmr_landings,OFFICIAL STATISTIC (annual publication of monthly pounds and value),https://www.maine.gov/dmr/sites/maine.gov.dmr/files/inline-files/LobByCntyMoZone.pdf,2026-09-22T20:16:42+00:00,evidence/maine_dmr_landings/pdf.pdf,3bff08eeef50efc9788ffaa1e4198548c6edc5ed6ab0e8fdcacc082738928280,DMR file as of 2/6/2026.
dmr_maine_lobster_landings_value_usd,"Maine DMR: lobster landings, ex-vessel value USD (statewide, by month)",2005-04,6314811.0,USD,maine_dmr_landings,OFFICIAL STATISTIC (annual publication of monthly pounds and value),https://www.maine.gov/dmr/sites/maine.gov.dmr/files/inline-files/LobByCntyMoZone.pdf,2026-09-22T20:16:42+00:00,evidence/maine_dmr_landings/pdf.pdf,3bff08eeef50efc9788ffaa1e4198548c6edc5ed6ab0e8fdcacc082738928280,DMR file as of 2/6/2026.
dmr_maine_lobster_landings_value_usd,"Maine DMR: lobster landings, ex-vessel value USD (statewide, by month)",2005-05,12271603.0,USD,maine_dmr_landings,OFFICIAL STATISTIC (annual publication of monthly pounds and value),https://www.maine.gov/dmr/sites/maine.gov.dmr/files/inline-files/LobByCntyMoZone.pdf,2026-09-22T20:16:42+00:00,evidence/maine_dmr_landings/pdf.pdf,3bff08eeef50efc9788ffaa1e4198548c6edc5ed6ab0e8fdcacc082738928280,DMR file as of 2/6/2026.
dmr_maine_lobster_landings_value_usd,"Maine DMR: lobster landings, ex-vessel value USD (statewide, by month)",2005-06,14784910.0,USD,maine_dmr_landings,OFFICIAL STATISTIC (annual publication of monthly pounds and value),https://www.maine.gov/dmr/sites/maine.gov.dmr/files/inline-files/LobByCntyMoZone.pdf,2026-09-22T20:16:42+00:00,evidence/maine_dmr_landings/pdf.pdf,3bff08eeef50efc9788ffaa1e4198548c6edc5ed6ab0e8fdcacc082738928280,DMR file as of 2/6/2026.
dmr_maine_lobster_landings_value_usd,"Maine DMR: lobster landings, ex-vessel value USD (statewide, by month)",2005-07,25950608.0,USD,maine_dmr_landings,OFFICIAL STATISTIC (annual publication of monthly pounds and value),https://www.maine.gov/dmr/sites/maine.gov.dmr/files/inline-files/LobByCntyMoZone.pdf,2026-09-22T20:16:42+00:00,evidence/maine_dmr_landings/pdf.pdf,3bff08eeef50efc9788ffaa1e4198548c6edc5ed6ab0e8fdcacc082738928280,DMR file as of 2/6/2026.
dmr_maine_lobster_landings_value_usd,"Maine DMR: lobster landings, ex-vessel value USD (statewide, by month)",2005-08,45399057.0,USD,maine_dmr_landings,OFFICIAL STATISTIC (annual publication of monthly pounds and value),https://www.maine.gov/dmr/sites/maine.gov.dmr/files/inline-files/LobByCntyMoZone.pdf,2026-09-22T20:16:42+00:00,evidence/maine_dmr_landings/pdf.pdf,3bff08eeef50efc9788ffaa1e4198548c6edc5ed6ab0e8fdcacc082738928280,DMR file as of 2/6/2026.
dmr_maine_lobster_landings_value_usd,"Maine DMR: lobster landings, ex-vessel value USD (statewide, by month)",2005-09,60234641.0,USD,maine_dmr_landings,OFFICIAL STATISTIC (annual publication of monthly pounds and value),https://www.maine.gov/dmr/sites/maine.gov.dmr/files/inline-files/LobByCntyMoZone.pdf,2026-09-22T20:16:42+00:00,evidence/maine_dmr_landings/pdf.pdf,3bff08eeef50efc9788ffaa1e4198548c6edc5ed6ab0e8fdcacc082738928280,DMR file as of 2/6/2026.
dmr_maine_lobster_landings_value_usd,"Maine DMR: lobster landings, ex-vessel value USD (statewide, by month)",2005-10,66218059.0,USD,maine_dmr_landings,OFFICIAL STATISTIC (annual publication of monthly pounds and value),https://www.maine.gov/dmr/sites/maine.gov.dmr/files/inline-files/LobByCntyMoZone.pdf,2026-09-22T20:16:42+00:00,evidence/maine_dmr_landings/pdf.pdf,3bff08eeef50efc9788ffaa1e4198548c6edc5ed6ab0e8fdcacc082738928280,DMR file as of 2/6/2026.
dmr_maine_lobster_landings_value_usd,"Maine DMR: lobster landings, ex-vessel value USD (statewide, by month)",2005-11,54550610.0,USD,maine_dmr_landings,OFFICIAL STATISTIC (annual publication of monthly pounds and value),https://www.maine.gov/dmr/sites/maine.gov.dmr/files/inline-files/LobByCntyMoZone.pdf,2026-09-22T20:16:42+00:00,evidence/maine_dmr_landings/pdf.pdf,3bff08eeef50efc9788ffaa1e4198548c6edc5ed6ab0e8fdcacc082738928280,DMR file as of 2/6/2026.
dmr_maine_lobster_landings_value_usd,"Maine DMR: lobster landings, ex-vessel value USD (statewide, by month)",2005-12,19383433.0,USD,maine_dmr_landings,OFFICIAL STATISTIC (annual publication of monthly pounds and value),https://www.maine.gov/dmr/sites/maine.gov.dmr/files/inline-files/LobByCntyMoZone.pdf,2026-09-22T20:16:42+00:00,evidence/maine_dmr_landings/pdf.pdf,3bff08eeef50efc9788ffaa1e4198548c6edc5ed6ab0e8fdcacc082738928280,DMR file as of 2/6/2026.
dmr_maine_lobster_landings_value_usd,"Maine DMR: lobster landings, ex-vessel value USD (statewide, by month)",2006-01,6016935.0,USD,maine_dmr_landings,OFFICIAL STATISTIC (annual publication of monthly pounds and value),https://www.maine.gov/dmr/sites/maine.gov.dmr/files/inline-files/LobByCntyMoZone.pdf,2026-09-22T20:16:42+00:00,evidence/maine_dmr_landings/pdf.pdf,3bff08eeef50efc9788ffaa1e4198548c6edc5ed6ab0e8fdcacc082738928280,DMR file as of 2/6/2026.
dmr_maine_lobster_landings_value_usd,"Maine DMR: lobster landings, ex-vessel value USD (statewide, by month)",2006-02,3471521.0,USD,maine_dmr_landings,OFFICIAL STATISTIC (annual publication of monthly pounds and value),https://www.maine.gov/dmr/sites/maine.gov.dmr/files/inline-files/LobByCntyMoZone.pdf,2026-09-22T20:16:42+00:00,evidence/maine_dmr_landings/pdf.pdf,3bff08eeef50efc9788ffaa1e4198548c6edc5ed6ab0e8fdcacc082738928280,DMR file as of 2/6/2026.
dmr_maine_lobster_landings_value_usd,"Maine DMR: lobster landings, ex-vessel value USD (statewide, by month)",2006-03,3765565.0,USD,maine_dmr_landings,OFFICIAL STATISTIC (annual publication of monthly pounds and value),https://www.maine.gov/dmr/sites/maine.gov.dmr/files/inline-files/LobByCntyMoZone.pdf,2026-09-22T20:16:42+00:00,evidence/maine_dmr_landings/pdf.pdf,3bff08eeef50efc9788ffaa1e4198548c6edc5ed6ab0e8fdcacc082738928280,DMR file as of 2/6/2026.
dmr_maine_lobster_landings_value_usd,"Maine DMR: lobster landings, ex-vessel value USD (statewide, by month)",2006-04,4745205.0,USD,maine_dmr_landings,OFFICIAL STATISTIC (annual publication of monthly pounds and value),https://www.maine.gov/dmr/sites/maine.gov.dmr/files/inline-files/LobByCntyMoZone.pdf,2026-09-22T20:16:42+00:00,evidence/maine_dmr_landings/pdf.pdf,3bff08eeef50efc9788ffaa1e4198548c6edc5ed6ab0e8fdcacc082738928280,DMR file as of 2/6/2026.
dmr_maine_lobster_landings_value_usd,"Maine DMR: lobster landings, ex-vessel value USD (statewide, by month)",2006-05,9627070.0,USD,maine_dmr_landings,OFFICIAL STATISTIC (annual publication of monthly pounds and value),https://www.maine.gov/dmr/sites/maine.gov.dmr/files/inline-files/LobByCntyMoZone.pdf,2026-09-22T20:16:42+00:00,evidence/maine_dmr_landings/pdf.pdf,3bff08eeef50efc9788ffaa1e4198548c6edc5ed6ab0e8fdcacc082738928280,DMR file as of 2/6/2026.
dmr_maine_lobster_landings_value_usd,"Maine DMR: lobster landings, ex-vessel value USD (statewide, by month)",2006-06,21703200.0,USD,maine_dmr_landings,OFFICIAL STATISTIC (annual publication of monthly pounds and value),https://www.maine.gov/dmr/sites/maine.gov.dmr/files/inline-files/LobByCntyMoZone.pdf,2026-09-22T20:16:42+00:00,evidence/maine_dmr_landings/pdf.pdf,3bff08eeef50efc9788ffaa1e4198548c6edc5ed6ab0e8fdcacc082738928280,DMR file as of 2/6/2026.
dmr_maine_lobster_landings_value_usd,"Maine DMR: lobster landings, ex-vessel value USD (statewide, by month)",2006-07,42353467.0,USD,maine_dmr_landings,OFFICIAL STATISTIC (annual publication of monthly pounds and value),https://www.maine.gov/dmr/sites/maine.gov.dmr/files/inline-files/LobByCntyMoZone.pdf,2026-09-22T20:16:42+00:00,evidence/maine_dmr_landings/pdf.pdf,3bff08eeef50efc9788ffaa1e4198548c6edc5ed6ab0e8fdcacc082738928280,DMR file as of 2/6/2026.
dmr_maine_lobster_landings_value_usd,"Maine DMR: lobster landings, ex-vessel value USD (statewide, by month)",2006-08,52818825.0,USD,maine_dmr_landings,OFFICIAL STATISTIC (annual publication of monthly pounds and value),https://www.maine.gov/dmr/sites/maine.gov.dmr/files/inline-files/LobByCntyMoZone.pdf,2026-09-22T20:16:42+00:00,evidence/maine_dmr_landings/pdf.pdf,3bff08eeef50efc9788ffaa1e4198548c6edc5ed6ab0e8fdcacc082738928280,DMR file as of 2/6/2026.
dmr_maine_lobster_landings_value_usd,"Maine DMR: lobster landings, ex-vessel value USD (statewide, by month)",2006-09,53720115.0,USD,maine_dmr_landings,OFFICIAL STATISTIC (annual publication of monthly pounds and value),https://www.maine.gov/dmr/sites/maine.gov.dmr/files/inline-files/LobByCntyMoZone.pdf,2026-09-22T20:16:42+00:00,evidence/maine_dmr_landings/pdf.pdf,3bff08eeef50efc9788ffaa1e4198548c6edc5ed6ab0e8fdcacc082738928280,DMR file as of 2/6/2026.
dmr_maine_lobster_landings_value_usd,"Maine DMR: lobster landings, ex-vessel value USD (statewide, by month)",2006-10,61637527.0,USD,maine_dmr_landings,OFFICIAL STATISTIC (annual publication of monthly pounds and value),https://www.maine.gov/dmr/sites/maine.gov.dmr/files/inline-files/LobByCntyMoZone.pdf,2026-09-22T20:16:42+00:00,evidence/maine_dmr_landings/pdf.pdf,3bff08eeef50efc9788ffaa1e4198548c6edc5ed6ab0e8fdcacc082738928280,DMR file as of 2/6/2026.
dmr_maine_lobster_landings_value_usd,"Maine DMR: lobster landings, ex-vessel value USD (statewide, by month)",2006-11,32678549.0,USD,maine_dmr_landings,OFFICIAL STATISTIC (annual publication of monthly pounds and value),https://www.maine.gov/dmr/sites/maine.gov.dmr/files/inline-files/LobByCntyMoZone.pdf,2026-09-22T20:16:42+00:00,evidence/maine_dmr_landings/pdf.pdf,3bff08eeef50efc9788ffaa1e4198548c6edc5ed6ab0e8fdcacc082738928280,DMR file as of 2/6/2026.
dmr_maine_lobster_landings_value_usd,"Maine DMR: lobster landings, ex-vessel value USD (statewide, by month)",2006-12,12901440.0,USD,maine_dmr_landings,OFFICIAL STATISTIC (annual publication of monthly pounds and value),https://www.maine.gov/dmr/sites/maine.gov.dmr/files/inline-files/LobByCntyMoZone.pdf,2026-09-22T20:16:42+00:00,evidence/maine_dmr_landings/pdf.pdf,3bff08eeef50efc9788ffaa1e4198548c6edc5ed6ab0e8fdcacc082738928280,DMR file as of 2/6/2026.
dmr_maine_lobster_landings_value_usd,"Maine DMR: lobster landings, ex-vessel value USD (statewide, by month)",2007-01,2973631.0,USD,maine_dmr_landings,OFFICIAL STATISTIC (annual publication of monthly pounds and value),https://www.maine.gov/dmr/sites/maine.gov.dmr/files/inline-files/LobByCntyMoZone.pdf,2026-09-22T20:16:42+00:00,evidence/maine_dmr_landings/pdf.pdf,3bff08eeef50efc9788ffaa1e4198548c6edc5ed6ab0e8fdcacc082738928280,DMR file as of 2/6/2026.
dmr_maine_lobster_landings_value_usd,"Maine DMR: lobster landings, ex-vessel value USD (statewide, by month)",2007-02,1268340.0,USD,maine_dmr_landings,OFFICIAL STATISTIC (annual publication of monthly pounds and value),https://www.maine.gov/dmr/sites/maine.gov.dmr/files/inline-files/LobByCntyMoZone.pdf,2026-09-22T20:16:42+00:00,evidence/maine_dmr_landings/pdf.pdf,3bff08eeef50efc9788ffaa1e4198548c6edc5ed6ab0e8fdcacc082738928280,DMR file as of 2/6/2026.
dmr_maine_lobster_landings_value_usd,"Maine DMR: lobster landings, ex-vessel value USD (statewide, by month)",2007-03,1403616.0,USD,maine_dmr_landings,OFFICIAL STATISTIC (annual publication of monthly pounds and value),https://www.maine.gov/dmr/sites/maine.gov.dmr/files/inline-files/LobByCntyMoZone.pdf,2026-09-22T20:16:42+00:00,evidence/maine_dmr_landings/pdf.pdf,3bff08eeef50efc9788ffaa1e4198548c6edc5ed6ab0e8fdcacc082738928280,DMR file as of 2/6/2026.
dmr_maine_lobster_landings_value_usd,"Maine DMR: lobster landings, ex-vessel value USD (statewide, by month)",2007-04,3610445.0,USD,maine_dmr_landings,OFFICIAL STATISTIC (annual publication of monthly pounds and value),https://www.maine.gov/dmr/sites/maine.gov.dmr/files/inline-files/LobByCntyMoZone.pdf,2026-09-22T20:16:42+00:00,evidence/maine_dmr_landings/pdf.pdf,3bff08eeef50efc9788ffaa1e4198548c6edc5ed6ab0e8fdcacc082738928280,DMR file as of 2/6/2026.
dmr_maine_lobster_landings_value_usd,"Maine DMR: lobster landings, ex-vessel value USD (statewide, by month)",2007-05,9335086.0,USD,maine_dmr_landings,OFFICIAL STATISTIC (annual publication of monthly pounds and value),https://www.maine.gov/dmr/sites/maine.gov.dmr/files/inline-files/LobByCntyMoZone.pdf,2026-09-22T20:16:42+00:00,evidence/maine_dmr_landings/pdf.pdf,3bff08eeef50efc9788ffaa1e4198548c6edc5ed6ab0e8fdcacc082738928280,DMR file as of 2/6/2026.
dmr_maine_lobster_landings_value_usd,"Maine DMR: lobster landings, ex-vessel value USD (statewide, by month)",2007-06,11555531.0,USD,maine_dmr_landings,OFFICIAL STATISTIC (annual publication of monthly pounds and value),https://www.maine.gov/dmr/sites/maine.gov.dmr/files/inline-files/LobByCntyMoZone.pdf,2026-09-22T20:16:42+00:00,evidence/maine_dmr_landings/pdf.pdf,3bff08eeef50efc9788ffaa1e4198548c6edc5ed6ab0e8fdcacc082738928280,DMR file as of 2/6/2026.
dmr_maine_lobster_landings_value_usd,"Maine DMR: lobster landings, ex-vessel value USD (statewide, by month)",2007-07,36638726.0,USD,maine_dmr_landings,OFFICIAL STATISTIC (annual publication of monthly pounds and value),https://www.maine.gov/dmr/sites/maine.gov.dmr/files/inline-files/LobByCntyMoZone.pdf,2026-09-22T20:16:42+00:00,evidence/maine_dmr_landings/pdf.pdf,3bff08eeef50efc9788ffaa1e4198548c6edc5ed6ab0e8fdcacc082738928280,DMR file as of 2/6/2026.
dmr_maine_lobster_landings_value_usd,"Maine DMR: lobster landings, ex-vessel value USD (statewide, by month)",2007-08,63773787.0,USD,maine_dmr_landings,OFFICIAL STATISTIC (annual publication of monthly pounds and value),https://www.maine.gov/dmr/sites/maine.gov.dmr/files/inline-files/LobByCntyMoZone.pdf,2026-09-22T20:16:42+00:00,evidence/maine_dmr_landings/pdf.pdf,3bff08eeef50efc9788ffaa1e4198548c6edc5ed6ab0e8fdcacc082738928280,DMR file as of 2/6/2026.
dmr_maine_lobster_landings_value_usd,"Maine DMR: lobster landings, ex-vessel value USD (statewide, by month)",2007-09,47885224.0,USD,maine_dmr_landings,OFFICIAL STATISTIC (annual publication of monthly pounds and value),https://www.maine.gov/dmr/sites/maine.gov.dmr/files/inline-files/LobByCntyMoZone.pdf,2026-09-22T20:16:42+00:00,evidence/maine_dmr_landings/pdf.pdf,3bff08eeef50efc9788ffaa1e4198548c6edc5ed6ab0e8fdcacc082738928280,DMR file as of 2/6/2026.
dmr_maine_lobster_landings_value_usd,"Maine DMR: lobster landings, ex-vessel value USD (statewide, by month)",2007-10,54403607.0,USD,maine_dmr_landings,OFFICIAL STATISTIC (annual publication of monthly pounds and value),https://www.maine.gov/dmr/sites/maine.gov.dmr/files/inline-files/LobByCntyMoZone.pdf,2026-09-22T20:16:42+00:00,evidence/maine_dmr_landings/pdf.pdf,3bff08eeef50efc9788ffaa1e4198548c6edc5ed6ab0e8fdcacc082738928280,DMR file as of 2/6/2026.
dmr_maine_lobster_landings_value_usd,"Maine DMR: lobster landings, ex-vessel value USD (statewide, by month)",2007-11,30622582.0,USD,maine_dmr_landings,OFFICIAL STATISTIC (annual publication of monthly pounds and value),https://www.maine.gov/dmr/sites/maine.gov.dmr/files/inline-files/LobByCntyMoZone.pdf,2026-09-22T20:16:42+00:00,evidence/maine_dmr_landings/pdf.pdf,3bff08eeef50efc9788ffaa1e4198548c6edc5ed6ab0e8fdcacc082738928280,DMR file as of 2/6/2026.
dmr_maine_lobster_landings_value_usd,"Maine DMR: lobster landings, ex-vessel value USD (statewide, by month)",2007-12,17177844.0,USD,maine_dmr_landings,OFFICIAL STATISTIC (annual publication of monthly pounds and value),https://www.maine.gov/dmr/sites/maine.gov.dmr/files/inline-files/LobByCntyMoZone.pdf,2026-09-22T20:16:42+00:00,evidence/maine_dmr_landings/pdf.pdf,3bff08eeef50efc9788ffaa1e4198548c6edc5ed6ab0e8fdcacc082738928280,DMR file as of 2/6/2026.
dmr_maine_lobster_landings_value_usd,"Maine DMR: lobster landings, ex-vessel value USD (statewide, by month)",2008-01,6263649.0,USD,maine_dmr_landings,OFFICIAL STATISTIC (annual publication of monthly pounds and value),https://www.maine.gov/dmr/sites/maine.gov.dmr/files/inline-files/LobByCntyMoZone.pdf,2026-09-22T20:16:42+00:00,evidence/maine_dmr_landings/pdf.pdf,3bff08eeef50efc9788ffaa1e4198548c6edc5ed6ab0e8fdcacc082738928280,DMR file as of 2/6/2026.
dmr_maine_lobster_landings_value_usd,"Maine DMR: lobster landings, ex-vessel value USD (statewide, by month)",2008-02,3685226.0,USD,maine_dmr_landings,OFFICIAL STATISTIC (annual publication of monthly pounds and value),https://www.maine.gov/dmr/sites/maine.gov.dmr/files/inline-files/LobByCntyMoZone.pdf,2026-09-22T20:16:42+00:00,evidence/maine_dmr_landings/pdf.pdf,3bff08eeef50efc9788ffaa1e4198548c6edc5ed6ab0e8fdcacc082738928280,DMR file as of 2/6/2026.
dmr_maine_lobster_landings_value_usd,"Maine DMR: lobster landings, ex-vessel value USD (statewide, by month)",2008-03,2946121.0,USD,maine_dmr_landings,OFFICIAL STATISTIC (annual publication of monthly pounds and value),https://www.maine.gov/dmr/sites/maine.gov.dmr/files/inline-files/LobByCntyMoZone.pdf,2026-09-22T20:16:42+00:00,evidence/maine_dmr_landings/pdf.pdf,3bff08eeef50efc9788ffaa1e4198548c6edc5ed6ab0e8fdcacc082738928280,DMR file as of 2/6/2026.
dmr_maine_lobster_landings_value_usd,"Maine DMR: lobster landings, ex-vessel value USD (statewide, by month)",2008-04,5161347.0,USD,maine_dmr_landings,OFFICIAL STATISTIC (annual publication of monthly pounds and value),https://www.maine.gov/dmr/sites/maine.gov.dmr/files/inline-files/LobByCntyMoZone.pdf,2026-09-22T20:16:42+00:00,evidence/maine_dmr_landings/pdf.pdf,3bff08eeef50efc9788ffaa1e4198548c6edc5ed6ab0e8fdcacc082738928280,DMR file as of 2/6/2026.
dmr_maine_lobster_landings_value_usd,"Maine DMR: lobster landings, ex-vessel value USD (statewide, by month)",2008-05,11643458.0,USD,maine_dmr_landings,OFFICIAL STATISTIC (annual publication of monthly pounds and value),https://www.maine.gov/dmr/sites/maine.gov.dmr/files/inline-files/LobByCntyMoZone.pdf,2026-09-22T20:16:42+00:00,evidence/maine_dmr_landings/pdf.pdf,3bff08eeef50efc9788ffaa1e4198548c6edc5ed6ab0e8fdcacc082738928280,DMR file as of 2/6/2026.
dmr_maine_lobster_landings_value_usd,"Maine DMR: lobster landings, ex-vessel value USD (statewide, by month)",2008-06,11195230.0,USD,maine_dmr_landings,OFFICIAL STATISTIC (annual publication of monthly pounds and value),https://www.maine.gov/dmr/sites/maine.gov.dmr/files/inline-files/LobByCntyMoZone.pdf,2026-09-22T20:16:42+00:00,evidence/maine_dmr_landings/pdf.pdf,3bff08eeef50efc9788ffaa1e4198548c6edc5ed6ab0e8fdcacc082738928280,DMR file as of 2/6/2026.
dmr_maine_lobster_landings_value_usd,"Maine DMR: lobster landings, ex-vessel value USD (statewide, by month)",2008-07,37330116.0,USD,maine_dmr_landings,OFFICIAL STATISTIC (annual publication of monthly pounds and value),https://www.maine.gov/dmr/sites/maine.gov.dmr/files/inline-files/LobByCntyMoZone.pdf,2026-09-22T20:16:42+00:00,evidence/maine_dmr_landings/pdf.pdf,3bff08eeef50efc9788ffaa1e4198548c6edc5ed6ab0e8fdcacc082738928280,DMR file as of 2/6/2026.
dmr_maine_lobster_landings_value_usd,"Maine DMR: lobster landings, ex-vessel value USD (statewide, by month)",2008-08,53434921.0,USD,maine_dmr_landings,OFFICIAL STATISTIC (annual publication of monthly pounds and value),https://www.maine.gov/dmr/sites/maine.gov.dmr/files/inline-files/LobByCntyMoZone.pdf,2026-09-22T20:16:42+00:00,evidence/maine_dmr_landings/pdf.pdf,3bff08eeef50efc9788ffaa1e4198548c6edc5ed6ab0e8fdcacc082738928280,DMR file as of 2/6/2026.
dmr_maine_lobster_landings_value_usd,"Maine DMR: lobster landings, ex-vessel value USD (statewide, by month)",2008-09,50302474.0,USD,maine_dmr_landings,OFFICIAL STATISTIC (annual publication of monthly pounds and value),https://www.maine.gov/dmr/sites/maine.gov.dmr/files/inline-files/LobByCntyMoZone.pdf,2026-09-22T20:16:42+00:00,evidence/maine_dmr_landings/pdf.pdf,3bff08eeef50efc9788ffaa1e4198548c6edc5ed6ab0e8fdcacc082738928280,DMR file as of 2/6/2026.
dmr_maine_lobster_landings_value_usd,"Maine DMR: lobster landings, ex-vessel value USD (statewide, by month)",2008-10,36240533.0,USD,maine_dmr_landings,OFFICIAL STATISTIC (annual publication of monthly pounds and value),https://www.maine.gov/dmr/sites/maine.gov.dmr/files/inline-files/LobByCntyMoZone.pdf,2026-09-22T20:16:42+00:00,evidence/maine_dmr_landings/pdf.pdf,3bff08eeef50efc9788ffaa1e4198548c6edc5ed6ab0e8fdcacc082738928280,DMR file as of 2/6/2026.
dmr_maine_lobster_landings_value_usd,"Maine DMR: lobster landings, ex-vessel value USD (statewide, by month)",2008-11,20179785.0,USD,maine_dmr_landings,OFFICIAL STATISTIC (annual publication of monthly pounds and value),https://www.maine.gov/dmr/sites/maine.gov.dmr/files/inline-files/LobByCntyMoZone.pdf,2026-09-22T20:16:42+00:00,evidence/maine_dmr_landings/pdf.pdf,3bff08eeef50efc9788ffaa1e4198548c6edc5ed6ab0e8fdcacc082738928280,DMR file as of 2/6/2026.
dmr_maine_lobster_landings_value_usd,"Maine DMR: lobster landings, ex-vessel value USD (statewide, by month)",2008-12,6767165.0,USD,maine_dmr_landings,OFFICIAL STATISTIC (annual publication of monthly pounds and value),https://www.maine.gov/dmr/sites/maine.gov.dmr/files/inline-files/LobByCntyMoZone.pdf,2026-09-22T20:16:42+00:00,evidence/maine_dmr_landings/pdf.pdf,3bff08eeef50efc9788ffaa1e4198548c6edc5ed6ab0e8fdcacc082738928280,DMR file as of 2/6/2026.
dmr_maine_lobster_landings_value_usd,"Maine DMR: lobster landings, ex-vessel value USD (statewide, by month)",2009-01,5897609.0,USD,maine_dmr_landings,OFFICIAL STATISTIC (annual publication of monthly pounds and value),https://www.maine.gov/dmr/sites/maine.gov.dmr/files/inline-files/LobByCntyMoZone.pdf,2026-09-22T20:16:42+00:00,evidence/maine_dmr_landings/pdf.pdf,3bff08eeef50efc9788ffaa1e4198548c6edc5ed6ab0e8fdcacc082738928280,DMR file as of 2/6/2026.
dmr_maine_lobster_landings_value_usd,"Maine DMR: lobster landings, ex-vessel value USD (statewide, by month)",2009-02,2107996.0,USD,maine_dmr_landings,OFFICIAL STATISTIC (annual publication of monthly pounds and value),https://www.maine.gov/dmr/sites/maine.gov.dmr/files/inline-files/LobByCntyMoZone.pdf,2026-09-22T20:16:42+00:00,evidence/maine_dmr_landings/pdf.pdf,3bff08eeef50efc9788ffaa1e4198548c6edc5ed6ab0e8fdcacc082738928280,DMR file as of 2/6/2026.
dmr_maine_lobster_landings_value_usd,"Maine DMR: lobster landings, ex-vessel value USD (statewide, by month)",2009-03,2224857.0,USD,maine_dmr_landings,OFFICIAL STATISTIC (annual publication of monthly pounds and value),https://www.maine.gov/dmr/sites/maine.gov.dmr/files/inline-files/LobByCntyMoZone.pdf,2026-09-22T20:16:42+00:00,evidence/maine_dmr_landings/pdf.pdf,3bff08eeef50efc9788ffaa1e4198548c6edc5ed6ab0e8fdcacc082738928280,DMR file as of 2/6/2026.
dmr_maine_lobster_landings_value_usd,"Maine DMR: lobster landings, ex-vessel value USD (statewide, by month)",2009-04,3711814.0,USD,maine_dmr_landings,OFFICIAL STATISTIC (annual publication of monthly pounds and value),https://www.maine.gov/dmr/sites/maine.gov.dmr/files/inline-files/LobByCntyMoZone.pdf,2026-09-22T20:16:42+00:00,evidence/maine_dmr_landings/pdf.pdf,3bff08eeef50efc9788ffaa1e4198548c6edc5ed6ab0e8fdcacc082738928280,DMR file as of 2/6/2026.
dmr_maine_lobster_landings_value_usd,"Maine DMR: lobster landings, ex-vessel value USD (statewide, by month)",2009-05,7800036.0,USD,maine_dmr_landings,OFFICIAL STATISTIC (annual publication of monthly pounds and value),https://www.maine.gov/dmr/sites/maine.gov.dmr/files/inline-files/LobByCntyMoZone.pdf,2026-09-22T20:16:42+00:00,evidence/maine_dmr_landings/pdf.pdf,3bff08eeef50efc9788ffaa1e4198548c6edc5ed6ab0e8fdcacc082738928280,DMR file as of 2/6/2026.
dmr_maine_lobster_landings_value_usd,"Maine DMR: lobster landings, ex-vessel value USD (statewide, by month)",2009-06,9101050.0,USD,maine_dmr_landings,OFFICIAL STATISTIC (annual publication of monthly pounds and value),https://www.maine.gov/dmr/sites/maine.gov.dmr/files/inline-files/LobByCntyMoZone.pdf,2026-09-22T20:16:42+00:00,evidence/maine_dmr_landings/pdf.pdf,3bff08eeef50efc9788ffaa1e4198548c6edc5ed6ab0e8fdcacc082738928280,DMR file as of 2/6/2026.
dmr_maine_lobster_landings_value_usd,"Maine DMR: lobster landings, ex-vessel value USD (statewide, by month)",2009-07,29307438.0,USD,maine_dmr_landings,OFFICIAL STATISTIC (annual publication of monthly pounds and value),https://www.maine.gov/dmr/sites/maine.gov.dmr/files/inline-files/LobByCntyMoZone.pdf,2026-09-22T20:16:42+00:00,evidence/maine_dmr_landings/pdf.pdf,3bff08eeef50efc9788ffaa1e4198548c6edc5ed6ab0e8fdcacc082738928280,DMR file as of 2/6/2026.
dmr_maine_lobster_landings_value_usd,"Maine DMR: lobster landings, ex-vessel value USD (statewide, by month)",2009-08,44527403.0,USD,maine_dmr_landings,OFFICIAL STATISTIC (annual publication of monthly pounds and value),https://www.maine.gov/dmr/sites/maine.gov.dmr/files/inline-files/LobByCntyMoZone.pdf,2026-09-22T20:16:42+00:00,evidence/maine_dmr_landings/pdf.pdf,3bff08eeef50efc9788ffaa1e4198548c6edc5ed6ab0e8fdcacc082738928280,DMR file as of 2/6/2026.
dmr_maine_lobster_landings_value_usd,"Maine DMR: lobster landings, ex-vessel value USD (statewide, by month)",2009-09,44469355.0,USD,maine_dmr_landings,OFFICIAL STATISTIC (annual publication of monthly pounds and value),https://www.maine.gov/dmr/sites/maine.gov.dmr/files/inline-files/LobByCntyMoZone.pdf,2026-09-22T20:16:42+00:00,evidence/maine_dmr_landings/pdf.pdf,3bff08eeef50efc9788ffaa1e4198548c6edc5ed6ab0e8fdcacc082738928280,DMR file as of 2/6/2026.
dmr_maine_lobster_landings_value_usd,"Maine DMR: lobster landings, ex-vessel value USD (statewide, by month)",2009-10,42661794.0,USD,maine_dmr_landings,OFFICIAL STATISTIC (annual publication of monthly pounds and value),https://www.maine.gov/dmr/sites/maine.gov.dmr/files/inline-files/LobByCntyMoZone.pdf,2026-09-22T20:16:42+00:00,evidence/maine_dmr_landings/pdf.pdf,3bff08eeef50efc9788ffaa1e4198548c6edc5ed6ab0e8fdcacc082738928280,DMR file as of 2/6/2026.
dmr_maine_lobster_landings_value_usd,"Maine DMR: lobster landings, ex-vessel value USD (statewide, by month)",2009-11,31100673.0,USD,maine_dmr_landings,OFFICIAL STATISTIC (annual publication of monthly pounds and value),https://www.maine.gov/dmr/sites/maine.gov.dmr/files/inline-files/LobByCntyMoZone.pdf,2026-09-22T20:16:42+00:00,evidence/maine_dmr_landings/pdf.pdf,3bff08eeef50efc9788ffaa1e4198548c6edc5ed6ab0e8fdcacc082738928280,DMR file as of 2/6/2026.
dmr_maine_lobster_landings_value_usd,"Maine DMR: lobster landings, ex-vessel value USD (statewide, by month)",2009-12,14626865.0,USD,maine_dmr_landings,OFFICIAL STATISTIC (annual publication of monthly pounds and value),https://www.maine.gov/dmr/sites/maine.gov.dmr/files/inline-files/LobByCntyMoZone.pdf,2026-09-22T20:16:42+00:00,evidence/maine_dmr_landings/pdf.pdf,3bff08eeef50efc9788ffaa1e4198548c6edc5ed6ab0e8fdcacc082738928280,DMR file as of 2/6/2026.
dmr_maine_lobster_landings_value_usd,"Maine DMR: lobster landings, ex-vessel value USD (statewide, by month)",2010-01,4784279.0,USD,maine_dmr_landings,OFFICIAL STATISTIC (annual publication of monthly pounds and value),https://www.maine.gov/dmr/sites/maine.gov.dmr/files/inline-files/LobByCntyMoZone.pdf,2026-09-22T20:16:42+00:00,evidence/maine_dmr_landings/pdf.pdf,3bff08eeef50efc9788ffaa1e4198548c6edc5ed6ab0e8fdcacc082738928280,DMR file as of 2/6/2026.
dmr_maine_lobster_landings_value_usd,"Maine DMR: lobster landings, ex-vessel value USD (statewide, by month)",2010-02,1629824.0,USD,maine_dmr_landings,OFFICIAL STATISTIC (annual publication of monthly pounds and value),https://www.maine.gov/dmr/sites/maine.gov.dmr/files/inline-files/LobByCntyMoZone.pdf,2026-09-22T20:16:42+00:00,evidence/maine_dmr_landings/pdf.pdf,3bff08eeef50efc9788ffaa1e4198548c6edc5ed6ab0e8fdcacc082738928280,DMR file as of 2/6/2026.
dmr_maine_lobster_landings_value_usd,"Maine DMR: lobster landings, ex-vessel value USD (statewide, by month)",2010-03,1729399.0,USD,maine_dmr_landings,OFFICIAL STATISTIC (annual publication of monthly pounds and value),https://www.maine.gov/dmr/sites/maine.gov.dmr/files/inline-files/LobByCntyMoZone.pdf,2026-09-22T20:16:42+00:00,evidence/maine_dmr_landings/pdf.pdf,3bff08eeef50efc9788ffaa1e4198548c6edc5ed6ab0e8fdcacc082738928280,DMR file as of 2/6/2026.
dmr_maine_lobster_landings_value_usd,"Maine DMR: lobster landings, ex-vessel value USD (statewide, by month)",2010-04,4783064.0,USD,maine_dmr_landings,OFFICIAL STATISTIC (annual publication of monthly pounds and value),https://www.maine.gov/dmr/sites/maine.gov.dmr/files/inline-files/LobByCntyMoZone.pdf,2026-09-22T20:16:42+00:00,evidence/maine_dmr_landings/pdf.pdf,3bff08eeef50efc9788ffaa1e4198548c6edc5ed6ab0e8fdcacc082738928280,DMR file as of 2/6/2026.
dmr_maine_lobster_landings_value_usd,"Maine DMR: lobster landings, ex-vessel value USD (statewide, by month)",2010-05,9814060.0,USD,maine_dmr_landings,OFFICIAL STATISTIC (annual publication of monthly pounds and value),https://www.maine.gov/dmr/sites/maine.gov.dmr/files/inline-files/LobByCntyMoZone.pdf,2026-09-22T20:16:42+00:00,evidence/maine_dmr_landings/pdf.pdf,3bff08eeef50efc9788ffaa1e4198548c6edc5ed6ab0e8fdcacc082738928280,DMR file as of 2/6/2026.
dmr_maine_lobster_landings_value_usd,"Maine DMR: lobster landings, ex-vessel value USD (statewide, by month)",2010-06,17832468.0,USD,maine_dmr_landings,OFFICIAL STATISTIC (annual publication of monthly pounds and value),https://www.maine.gov/dmr/sites/maine.gov.dmr/files/inline-files/LobByCntyMoZone.pdf,2026-09-22T20:16:42+00:00,evidence/maine_dmr_landings/pdf.pdf,3bff08eeef50efc9788ffaa1e4198548c6edc5ed6ab0e8fdcacc082738928280,DMR file as of 2/6/2026.
dmr_maine_lobster_landings_value_usd,"Maine DMR: lobster landings, ex-vessel value USD (statewide, by month)",2010-07,52669824.0,USD,maine_dmr_landings,OFFICIAL STATISTIC (annual publication of monthly pounds and value),https://www.maine.gov/dmr/sites/maine.gov.dmr/files/inline-files/LobByCntyMoZone.pdf,2026-09-22T20:16:42+00:00,evidence/maine_dmr_landings/pdf.pdf,3bff08eeef50efc9788ffaa1e4198548c6edc5ed6ab0e8fdcacc082738928280,DMR file as of 2/6/2026.
dmr_maine_lobster_landings_value_usd,"Maine DMR: lobster landings, ex-vessel value USD (statewide, by month)",2010-08,60316624.0,USD,maine_dmr_landings,OFFICIAL STATISTIC (annual publication of monthly pounds and value),https://www.maine.gov/dmr/sites/maine.gov.dmr/files/inline-files/LobByCntyMoZone.pdf,2026-09-22T20:16:42+00:00,evidence/maine_dmr_landings/pdf.pdf,3bff08eeef50efc9788ffaa1e4198548c6edc5ed6ab0e8fdcacc082738928280,DMR file as of 2/6/2026.
dmr_maine_lobster_landings_value_usd,"Maine DMR: lobster landings, ex-vessel value USD (statewide, by month)",2010-09,52159636.0,USD,maine_dmr_landings,OFFICIAL STATISTIC (annual publication of monthly pounds and value),https://www.maine.gov/dmr/sites/maine.gov.dmr/files/inline-files/LobByCntyMoZone.pdf,2026-09-22T20:16:42+00:00,evidence/maine_dmr_landings/pdf.pdf,3bff08eeef50efc9788ffaa1e4198548c6edc5ed6ab0e8fdcacc082738928280,DMR file as of 2/6/2026.
dmr_maine_lobster_landings_value_usd,"Maine DMR: lobster landings, ex-vessel value USD (statewide, by month)",2010-10,64434832.0,USD,maine_dmr_landings,OFFICIAL STATISTIC (annual publication of monthly pounds and value),https://www.maine.gov/dmr/sites/maine.gov.dmr/files/inline-files/LobByCntyMoZone.pdf,2026-09-22T20:16:42+00:00,evidence/maine_dmr_landings/pdf.pdf,3bff08eeef50efc9788ffaa1e4198548c6edc5ed6ab0e8fdcacc082738928280,DMR file as of 2/6/2026.
dmr_maine_lobster_landings_value_usd,"Maine DMR: lobster landings, ex-vessel value USD (statewide, by month)",2010-11,35987011.0,USD,maine_dmr_landings,OFFICIAL STATISTIC (annual publication of monthly pounds and value),https://www.maine.gov/dmr/sites/maine.gov.dmr/files/inline-files/LobByCntyMoZone.pdf,2026-09-22T20:16:42+00:00,evidence/maine_dmr_landings/pdf.pdf,3bff08eeef50efc9788ffaa1e4198548c6edc5ed6ab0e8fdcacc082738928280,DMR file as of 2/6/2026.
dmr_maine_lobster_landings_value_usd,"Maine DMR: lobster landings, ex-vessel value USD (statewide, by month)",2010-12,11911418.0,USD,maine_dmr_landings,OFFICIAL STATISTIC (annual publication of monthly pounds and value),https://www.maine.gov/dmr/sites/maine.gov.dmr/files/inline-files/LobByCntyMoZone.pdf,2026-09-22T20:16:42+00:00,evidence/maine_dmr_landings/pdf.pdf,3bff08eeef50efc9788ffaa1e4198548c6edc5ed6ab0e8fdcacc082738928280,DMR file as of 2/6/2026.
dmr_maine_lobster_landings_value_usd,"Maine DMR: lobster landings, ex-vessel value USD (statewide, by month)",2011-01,5452753.0,USD,maine_dmr_landings,OFFICIAL STATISTIC (annual publication of monthly pounds and value),https://www.maine.gov/dmr/sites/maine.gov.dmr/files/inline-files/LobByCntyMoZone.pdf,2026-09-22T20:16:42+00:00,evidence/maine_dmr_landings/pdf.pdf,3bff08eeef50efc9788ffaa1e4198548c6edc5ed6ab0e8fdcacc082738928280,DMR file as of 2/6/2026.
dmr_maine_lobster_landings_value_usd,"Maine DMR: lobster landings, ex-vessel value USD (statewide, by month)",2011-02,1704196.0,USD,maine_dmr_landings,OFFICIAL STATISTIC (annual publication of monthly pounds and value),https://www.maine.gov/dmr/sites/maine.gov.dmr/files/inline-files/LobByCntyMoZone.pdf,2026-09-22T20:16:42+00:00,evidence/maine_dmr_landings/pdf.pdf,3bff08eeef50efc9788ffaa1e4198548c6edc5ed6ab0e8fdcacc082738928280,DMR file as of 2/6/2026.
dmr_maine_lobster_landings_value_usd,"Maine DMR: lobster landings, ex-vessel value USD (statewide, by month)",2011-03,2402282.0,USD,maine_dmr_landings,OFFICIAL STATISTIC (annual publication of monthly pounds and value),https://www.maine.gov/dmr/sites/maine.gov.dmr/files/inline-files/LobByCntyMoZone.pdf,2026-09-22T20:16:42+00:00,evidence/maine_dmr_landings/pdf.pdf,3bff08eeef50efc9788ffaa1e4198548c6edc5ed6ab0e8fdcacc082738928280,DMR file as of 2/6/2026.
dmr_maine_lobster_landings_value_usd,"Maine DMR: lobster landings, ex-vessel value USD (statewide, by month)",2011-04,4434046.0,USD,maine_dmr_landings,OFFICIAL STATISTIC (annual publication of monthly pounds and value),https://www.maine.gov/dmr/sites/maine.gov.dmr/files/inline-files/LobByCntyMoZone.pdf,2026-09-22T20:16:42+00:00,evidence/maine_dmr_landings/pdf.pdf,3bff08eeef50efc9788ffaa1e4198548c6edc5ed6ab0e8fdcacc082738928280,DMR file as of 2/6/2026.
dmr_maine_lobster_landings_value_usd,"Maine DMR: lobster landings, ex-vessel value USD (statewide, by month)",2011-05,11331958.0,USD,maine_dmr_landings,OFFICIAL STATISTIC (annual publication of monthly pounds and value),https://www.maine.gov/dmr/sites/maine.gov.dmr/files/inline-files/LobByCntyMoZone.pdf,2026-09-22T20:16:42+00:00,evidence/maine_dmr_landings/pdf.pdf,3bff08eeef50efc9788ffaa1e4198548c6edc5ed6ab0e8fdcacc082738928280,DMR file as of 2/6/2026.
dmr_maine_lobster_landings_value_usd,"Maine DMR: lobster landings, ex-vessel value USD (statewide, by month)",2011-06,18615897.0,USD,maine_dmr_landings,OFFICIAL STATISTIC (annual publication of monthly pounds and value),https://www.maine.gov/dmr/sites/maine.gov.dmr/files/inline-files/LobByCntyMoZone.pdf,2026-09-22T20:16:42+00:00,evidence/maine_dmr_landings/pdf.pdf,3bff08eeef50efc9788ffaa1e4198548c6edc5ed6ab0e8fdcacc082738928280,DMR file as of 2/6/2026.
dmr_maine_lobster_landings_value_usd,"Maine DMR: lobster landings, ex-vessel value USD (statewide, by month)",2011-07,61836806.0,USD,maine_dmr_landings,OFFICIAL STATISTIC (annual publication of monthly pounds and value),https://www.maine.gov/dmr/sites/maine.gov.dmr/files/inline-files/LobByCntyMoZone.pdf,2026-09-22T20:16:42+00:00,evidence/maine_dmr_landings/pdf.pdf,3bff08eeef50efc9788ffaa1e4198548c6edc5ed6ab0e8fdcacc082738928280,DMR file as of 2/6/2026.
dmr_maine_lobster_landings_value_usd,"Maine DMR: lobster landings, ex-vessel value USD (statewide, by month)",2011-08,78500978.0,USD,maine_dmr_landings,OFFICIAL STATISTIC (annual publication of monthly pounds and value),https://www.maine.gov/dmr/sites/maine.gov.dmr/files/inline-files/LobByCntyMoZone.pdf,2026-09-22T20:16:42+00:00,evidence/maine_dmr_landings/pdf.pdf,3bff08eeef50efc9788ffaa1e4198548c6edc5ed6ab0e8fdcacc082738928280,DMR file as of 2/6/2026.
dmr_maine_lobster_landings_value_usd,"Maine DMR: lobster landings, ex-vessel value USD (statewide, by month)",2011-09,58163004.0,USD,maine_dmr_landings,OFFICIAL STATISTIC (annual publication of monthly pounds and value),https://www.maine.gov/dmr/sites/maine.gov.dmr/files/inline-files/LobByCntyMoZone.pdf,2026-09-22T20:16:42+00:00,evidence/maine_dmr_landings/pdf.pdf,3bff08eeef50efc9788ffaa1e4198548c6edc5ed6ab0e8fdcacc082738928280,DMR file as of 2/6/2026.
dmr_maine_lobster_landings_value_usd,"Maine DMR: lobster landings, ex-vessel value USD (statewide, by month)",2011-10,52936595.0,USD,maine_dmr_landings,OFFICIAL STATISTIC (annual publication of monthly pounds and value),https://www.maine.gov/dmr/sites/maine.gov.dmr/files/inline-files/LobByCntyMoZone.pdf,2026-09-22T20:16:42+00:00,evidence/maine_dmr_landings/pdf.pdf,3bff08eeef50efc9788ffaa1e4198548c6edc5ed6ab0e8fdcacc082738928280,DMR file as of 2/6/2026.
dmr_maine_lobster_landings_value_usd,"Maine DMR: lobster landings, ex-vessel value USD (statewide, by month)",2011-11,27480365.0,USD,maine_dmr_landings,OFFICIAL STATISTIC (annual publication of monthly pounds and value),https://www.maine.gov/dmr/sites/maine.gov.dmr/files/inline-files/LobByCntyMoZone.pdf,2026-09-22T20:16:42+00:00,evidence/maine_dmr_landings/pdf.pdf,3bff08eeef50efc9788ffaa1e4198548c6edc5ed6ab0e8fdcacc082738928280,DMR file as of 2/6/2026.
dmr_maine_lobster_landings_value_usd,"Maine DMR: lobster landings, ex-vessel value USD (statewide, by month)",2011-12,11680856.0,USD,maine_dmr_landings,OFFICIAL STATISTIC (annual publication of monthly pounds and value),https://www.maine.gov/dmr/sites/maine.gov.dmr/files/inline-files/LobByCntyMoZone.pdf,2026-09-22T20:16:42+00:00,evidence/maine_dmr_landings/pdf.pdf,3bff08eeef50efc9788ffaa1e4198548c6edc5ed6ab0e8fdcacc082738928280,DMR file as of 2/6/2026.
dmr_maine_lobster_landings_value_usd,"Maine DMR: lobster landings, ex-vessel value USD (statewide, by month)",2012-01,5359503.0,USD,maine_dmr_landings,OFFICIAL STATISTIC (annual publication of monthly pounds and value),https://www.maine.gov/dmr/sites/maine.gov.dmr/files/inline-files/LobByCntyMoZone.pdf,2026-09-22T20:16:42+00:00,evidence/maine_dmr_landings/pdf.pdf,3bff08eeef50efc9788ffaa1e4198548c6edc5ed6ab0e8fdcacc082738928280,DMR file as of 2/6/2026.
dmr_maine_lobster_landings_value_usd,"Maine DMR: lobster landings, ex-vessel value USD (statewide, by month)",2012-02,3953093.0,USD,maine_dmr_landings,OFFICIAL STATISTIC (annual publication of monthly pounds and value),https://www.maine.gov/dmr/sites/maine.gov.dmr/files/inline-files/LobByCntyMoZone.pdf,2026-09-22T20:16:42+00:00,evidence/maine_dmr_landings/pdf.pdf,3bff08eeef50efc9788ffaa1e4198548c6edc5ed6ab0e8fdcacc082738928280,DMR file as of 2/6/2026.
dmr_maine_lobster_landings_value_usd,"Maine DMR: lobster landings, ex-vessel value USD (statewide, by month)",2012-03,3845687.0,USD,maine_dmr_landings,OFFICIAL STATISTIC (annual publication of monthly pounds and value),https://www.maine.gov/dmr/sites/maine.gov.dmr/files/inline-files/LobByCntyMoZone.pdf,2026-09-22T20:16:42+00:00,evidence/maine_dmr_landings/pdf.pdf,3bff08eeef50efc9788ffaa1e4198548c6edc5ed6ab0e8fdcacc082738928280,DMR file as of 2/6/2026.
dmr_maine_lobster_landings_value_usd,"Maine DMR: lobster landings, ex-vessel value USD (statewide, by month)",2012-04,6971769.0,USD,maine_dmr_landings,OFFICIAL STATISTIC (annual publication of monthly pounds and value),https://www.maine.gov/dmr/sites/maine.gov.dmr/files/inline-files/LobByCntyMoZone.pdf,2026-09-22T20:16:42+00:00,evidence/maine_dmr_landings/pdf.pdf,3bff08eeef50efc9788ffaa1e4198548c6edc5ed6ab0e8fdcacc082738928280,DMR file as of 2/6/2026.
dmr_maine_lobster_landings_value_usd,"Maine DMR: lobster landings, ex-vessel value USD (statewide, by month)",2012-05,13314834.0,USD,maine_dmr_landings,OFFICIAL STATISTIC (annual publication of monthly pounds and value),https://www.maine.gov/dmr/sites/maine.gov.dmr/files/inline-files/LobByCntyMoZone.pdf,2026-09-22T20:16:42+00:00,evidence/maine_dmr_landings/pdf.pdf,3bff08eeef50efc9788ffaa1e4198548c6edc5ed6ab0e8fdcacc082738928280,DMR file as of 2/6/2026.
dmr_maine_lobster_landings_value_usd,"Maine DMR: lobster landings, ex-vessel value USD (statewide, by month)",2012-06,29695807.0,USD,maine_dmr_landings,OFFICIAL STATISTIC (annual publication of monthly pounds and value),https://www.maine.gov/dmr/sites/maine.gov.dmr/files/inline-files/LobByCntyMoZone.pdf,2026-09-22T20:16:42+00:00,evidence/maine_dmr_landings/pdf.pdf,3bff08eeef50efc9788ffaa1e4198548c6edc5ed6ab0e8fdcacc082738928280,DMR file as of 2/6/2026.
dmr_maine_lobster_landings_value_usd,"Maine DMR: lobster landings, ex-vessel value USD (statewide, by month)",2012-07,56870485.0,USD,maine_dmr_landings,OFFICIAL STATISTIC (annual publication of monthly pounds and value),https://www.maine.gov/dmr/sites/maine.gov.dmr/files/inline-files/LobByCntyMoZone.pdf,2026-09-22T20:16:42+00:00,evidence/maine_dmr_landings/pdf.pdf,3bff08eeef50efc9788ffaa1e4198548c6edc5ed6ab0e8fdcacc082738928280,DMR file as of 2/6/2026.
dmr_maine_lobster_landings_value_usd,"Maine DMR: lobster landings, ex-vessel value USD (statewide, by month)",2012-08,56700975.0,USD,maine_dmr_landings,OFFICIAL STATISTIC (annual publication of monthly pounds and value),https://www.maine.gov/dmr/sites/maine.gov.dmr/files/inline-files/LobByCntyMoZone.pdf,2026-09-22T20:16:42+00:00,evidence/maine_dmr_landings/pdf.pdf,3bff08eeef50efc9788ffaa1e4198548c6edc5ed6ab0e8fdcacc082738928280,DMR file as of 2/6/2026.
dmr_maine_lobster_landings_value_usd,"Maine DMR: lobster landings, ex-vessel value USD (statewide, by month)",2012-09,62290672.0,USD,maine_dmr_landings,OFFICIAL STATISTIC (annual publication of monthly pounds and value),https://www.maine.gov/dmr/sites/maine.gov.dmr/files/inline-files/LobByCntyMoZone.pdf,2026-09-22T20:16:42+00:00,evidence/maine_dmr_landings/pdf.pdf,3bff08eeef50efc9788ffaa1e4198548c6edc5ed6ab0e8fdcacc082738928280,DMR file as of 2/6/2026.
dmr_maine_lobster_landings_value_usd,"Maine DMR: lobster landings, ex-vessel value USD (statewide, by month)",2012-10,54784153.0,USD,maine_dmr_landings,OFFICIAL STATISTIC (annual publication of monthly pounds and value),https://www.maine.gov/dmr/sites/maine.gov.dmr/files/inline-files/LobByCntyMoZone.pdf,2026-09-22T20:16:42+00:00,evidence/maine_dmr_landings/pdf.pdf,3bff08eeef50efc9788ffaa1e4198548c6edc5ed6ab0e8fdcacc082738928280,DMR file as of 2/6/2026.
dmr_maine_lobster_landings_value_usd,"Maine DMR: lobster landings, ex-vessel value USD (statewide, by month)",2012-11,36167120.0,USD,maine_dmr_landings,OFFICIAL STATISTIC (annual publication of monthly pounds and value),https://www.maine.gov/dmr/sites/maine.gov.dmr/files/inline-files/LobByCntyMoZone.pdf,2026-09-22T20:16:42+00:00,evidence/maine_dmr_landings/pdf.pdf,3bff08eeef50efc9788ffaa1e4198548c6edc5ed6ab0e8fdcacc082738928280,DMR file as of 2/6/2026.
dmr_maine_lobster_landings_value_usd,"Maine DMR: lobster landings, ex-vessel value USD (statewide, by month)",2012-12,12125422.0,USD,maine_dmr_landings,OFFICIAL STATISTIC (annual publication of monthly pounds and value),https://www.maine.gov/dmr/sites/maine.gov.dmr/files/inline-files/LobByCntyMoZone.pdf,2026-09-22T20:16:42+00:00,evidence/maine_dmr_landings/pdf.pdf,3bff08eeef50efc9788ffaa1e4198548c6edc5ed6ab0e8fdcacc082738928280,DMR file as of 2/6/2026.
dmr_maine_lobster_landings_value_usd,"Maine DMR: lobster landings, ex-vessel value USD (statewide, by month)",2013-01,5676376.0,USD,maine_dmr_landings,OFFICIAL STATISTIC (annual publication of monthly pounds and value),https://www.maine.gov/dmr/sites/maine.gov.dmr/files/inline-files/LobByCntyMoZone.pdf,2026-09-22T20:16:42+00:00,evidence/maine_dmr_landings/pdf.pdf,3bff08eeef50efc9788ffaa1e4198548c6edc5ed6ab0e8fdcacc082738928280,DMR file as of 2/6/2026.
dmr_maine_lobster_landings_value_usd,"Maine DMR: lobster landings, ex-vessel value USD (statewide, by month)",2013-02,2789199.0,USD,maine_dmr_landings,OFFICIAL STATISTIC (annual publication of monthly pounds and value),https://www.maine.gov/dmr/sites/maine.gov.dmr/files/inline-files/LobByCntyMoZone.pdf,2026-09-22T20:16:42+00:00,evidence/maine_dmr_landings/pdf.pdf,3bff08eeef50efc9788ffaa1e4198548c6edc5ed6ab0e8fdcacc082738928280,DMR file as of 2/6/2026.
dmr_maine_lobster_landings_value_usd,"Maine DMR: lobster landings, ex-vessel value USD (statewide, by month)",2013-03,5214834.0,USD,maine_dmr_landings,OFFICIAL STATISTIC (annual publication of monthly pounds and value),https://www.maine.gov/dmr/sites/maine.gov.dmr/files/inline-files/LobByCntyMoZone.pdf,2026-09-22T20:16:42+00:00,evidence/maine_dmr_landings/pdf.pdf,3bff08eeef50efc9788ffaa1e4198548c6edc5ed6ab0e8fdcacc082738928280,DMR file as of 2/6/2026.
dmr_maine_lobster_landings_value_usd,"Maine DMR: lobster landings, ex-vessel value USD (statewide, by month)",2013-04,9030134.0,USD,maine_dmr_landings,OFFICIAL STATISTIC (annual publication of monthly pounds and value),https://www.maine.gov/dmr/sites/maine.gov.dmr/files/inline-files/LobByCntyMoZone.pdf,2026-09-22T20:16:42+00:00,evidence/maine_dmr_landings/pdf.pdf,3bff08eeef50efc9788ffaa1e4198548c6edc5ed6ab0e8fdcacc082738928280,DMR file as of 2/6/2026.
dmr_maine_lobster_landings_value_usd,"Maine DMR: lobster landings, ex-vessel value USD (statewide, by month)",2013-05,12583657.0,USD,maine_dmr_landings,OFFICIAL STATISTIC (annual publication of monthly pounds and value),https://www.maine.gov/dmr/sites/maine.gov.dmr/files/inline-files/LobByCntyMoZone.pdf,2026-09-22T20:16:42+00:00,evidence/maine_dmr_landings/pdf.pdf,3bff08eeef50efc9788ffaa1e4198548c6edc5ed6ab0e8fdcacc082738928280,DMR file as of 2/6/2026.
dmr_maine_lobster_landings_value_usd,"Maine DMR: lobster landings, ex-vessel value USD (statewide, by month)",2013-06,15162052.0,USD,maine_dmr_landings,OFFICIAL STATISTIC (annual publication of monthly pounds and value),https://www.maine.gov/dmr/sites/maine.gov.dmr/files/inline-files/LobByCntyMoZone.pdf,2026-09-22T20:16:42+00:00,evidence/maine_dmr_landings/pdf.pdf,3bff08eeef50efc9788ffaa1e4198548c6edc5ed6ab0e8fdcacc082738928280,DMR file as of 2/6/2026.
dmr_maine_lobster_landings_value_usd,"Maine DMR: lobster landings, ex-vessel value USD (statewide, by month)",2013-07,59594909.0,USD,maine_dmr_landings,OFFICIAL STATISTIC (annual publication of monthly pounds and value),https://www.maine.gov/dmr/sites/maine.gov.dmr/files/inline-files/LobByCntyMoZone.pdf,2026-09-22T20:16:42+00:00,evidence/maine_dmr_landings/pdf.pdf,3bff08eeef50efc9788ffaa1e4198548c6edc5ed6ab0e8fdcacc082738928280,DMR file as of 2/6/2026.
dmr_maine_lobster_landings_value_usd,"Maine DMR: lobster landings, ex-vessel value USD (statewide, by month)",2013-08,74153593.0,USD,maine_dmr_landings,OFFICIAL STATISTIC (annual publication of monthly pounds and value),https://www.maine.gov/dmr/sites/maine.gov.dmr/files/inline-files/LobByCntyMoZone.pdf,2026-09-22T20:16:42+00:00,evidence/maine_dmr_landings/pdf.pdf,3bff08eeef50efc9788ffaa1e4198548c6edc5ed6ab0e8fdcacc082738928280,DMR file as of 2/6/2026.
dmr_maine_lobster_landings_value_usd,"Maine DMR: lobster landings, ex-vessel value USD (statewide, by month)",2013-09,61858103.0,USD,maine_dmr_landings,OFFICIAL STATISTIC (annual publication of monthly pounds and value),https://www.maine.gov/dmr/sites/maine.gov.dmr/files/inline-files/LobByCntyMoZone.pdf,2026-09-22T20:16:42+00:00,evidence/maine_dmr_landings/pdf.pdf,3bff08eeef50efc9788ffaa1e4198548c6edc5ed6ab0e8fdcacc082738928280,DMR file as of 2/6/2026.
dmr_maine_lobster_landings_value_usd,"Maine DMR: lobster landings, ex-vessel value USD (statewide, by month)",2013-10,72359656.0,USD,maine_dmr_landings,OFFICIAL STATISTIC (annual publication of monthly pounds and value),https://www.maine.gov/dmr/sites/maine.gov.dmr/files/inline-files/LobByCntyMoZone.pdf,2026-09-22T20:16:42+00:00,evidence/maine_dmr_landings/pdf.pdf,3bff08eeef50efc9788ffaa1e4198548c6edc5ed6ab0e8fdcacc082738928280,DMR file as of 2/6/2026.
dmr_maine_lobster_landings_value_usd,"Maine DMR: lobster landings, ex-vessel value USD (statewide, by month)",2013-11,34261696.0,USD,maine_dmr_landings,OFFICIAL STATISTIC (annual publication of monthly pounds and value),https://www.maine.gov/dmr/sites/maine.gov.dmr/files/inline-files/LobByCntyMoZone.pdf,2026-09-22T20:16:42+00:00,evidence/maine_dmr_landings/pdf.pdf,3bff08eeef50efc9788ffaa1e4198548c6edc5ed6ab0e8fdcacc082738928280,DMR file as of 2/6/2026.
dmr_maine_lobster_landings_value_usd,"Maine DMR: lobster landings, ex-vessel value USD (statewide, by month)",2013-12,17699774.0,USD,maine_dmr_landings,OFFICIAL STATISTIC (annual publication of monthly pounds and value),https://www.maine.gov/dmr/sites/maine.gov.dmr/files/inline-files/LobByCntyMoZone.pdf,2026-09-22T20:16:42+00:00,evidence/maine_dmr_landings/pdf.pdf,3bff08eeef50efc9788ffaa1e4198548c6edc5ed6ab0e8fdcacc082738928280,DMR file as of 2/6/2026.
dmr_maine_lobster_landings_value_usd,"Maine DMR: lobster landings, ex-vessel value USD (statewide, by month)",2014-01,6742062.0,USD,maine_dmr_landings,OFFICIAL STATISTIC (annual publication of monthly pounds and value),https://www.maine.gov/dmr/sites/maine.gov.dmr/files/inline-files/LobByCntyMoZone.pdf,2026-09-22T20:16:42+00:00,evidence/maine_dmr_landings/pdf.pdf,3bff08eeef50efc9788ffaa1e4198548c6edc5ed6ab0e8fdcacc082738928280,DMR file as of 2/6/2026.
dmr_maine_lobster_landings_value_usd,"Maine DMR: lobster landings, ex-vessel value USD (statewide, by month)",2014-02,5462681.0,USD,maine_dmr_landings,OFFICIAL STATISTIC (annual publication of monthly pounds and value),https://www.maine.gov/dmr/sites/maine.gov.dmr/files/inline-files/LobByCntyMoZone.pdf,2026-09-22T20:16:42+00:00,evidence/maine_dmr_landings/pdf.pdf,3bff08eeef50efc9788ffaa1e4198548c6edc5ed6ab0e8fdcacc082738928280,DMR file as of 2/6/2026.
dmr_maine_lobster_landings_value_usd,"Maine DMR: lobster landings, ex-vessel value USD (statewide, by month)",2014-03,4859209.0,USD,maine_dmr_landings,OFFICIAL STATISTIC (annual publication of monthly pounds and value),https://www.maine.gov/dmr/sites/maine.gov.dmr/files/inline-files/LobByCntyMoZone.pdf,2026-09-22T20:16:42+00:00,evidence/maine_dmr_landings/pdf.pdf,3bff08eeef50efc9788ffaa1e4198548c6edc5ed6ab0e8fdcacc082738928280,DMR file as of 2/6/2026.
dmr_maine_lobster_landings_value_usd,"Maine DMR: lobster landings, ex-vessel value USD (statewide, by month)",2014-04,8624292.0,USD,maine_dmr_landings,OFFICIAL STATISTIC (annual publication of monthly pounds and value),https://www.maine.gov/dmr/sites/maine.gov.dmr/files/inline-files/LobByCntyMoZone.pdf,2026-09-22T20:16:42+00:00,evidence/maine_dmr_landings/pdf.pdf,3bff08eeef50efc9788ffaa1e4198548c6edc5ed6ab0e8fdcacc082738928280,DMR file as of 2/6/2026.
dmr_maine_lobster_landings_value_usd,"Maine DMR: lobster landings, ex-vessel value USD (statewide, by month)",2014-05,14370727.0,USD,maine_dmr_landings,OFFICIAL STATISTIC (annual publication of monthly pounds and value),https://www.maine.gov/dmr/sites/maine.gov.dmr/files/inline-files/LobByCntyMoZone.pdf,2026-09-22T20:16:42+00:00,evidence/maine_dmr_landings/pdf.pdf,3bff08eeef50efc9788ffaa1e4198548c6edc5ed6ab0e8fdcacc082738928280,DMR file as of 2/6/2026.
dmr_maine_lobster_landings_value_usd,"Maine DMR: lobster landings, ex-vessel value USD (statewide, by month)",2014-06,14004655.0,USD,maine_dmr_landings,OFFICIAL STATISTIC (annual publication of monthly pounds and value),https://www.maine.gov/dmr/sites/maine.gov.dmr/files/inline-files/LobByCntyMoZone.pdf,2026-09-22T20:16:42+00:00,evidence/maine_dmr_landings/pdf.pdf,3bff08eeef50efc9788ffaa1e4198548c6edc5ed6ab0e8fdcacc082738928280,DMR file as of 2/6/2026.
dmr_maine_lobster_landings_value_usd,"Maine DMR: lobster landings, ex-vessel value USD (statewide, by month)",2014-07,44683945.0,USD,maine_dmr_landings,OFFICIAL STATISTIC (annual publication of monthly pounds and value),https://www.maine.gov/dmr/sites/maine.gov.dmr/files/inline-files/LobByCntyMoZone.pdf,2026-09-22T20:16:42+00:00,evidence/maine_dmr_landings/pdf.pdf,3bff08eeef50efc9788ffaa1e4198548c6edc5ed6ab0e8fdcacc082738928280,DMR file as of 2/6/2026.
dmr_maine_lobster_landings_value_usd,"Maine DMR: lobster landings, ex-vessel value USD (statewide, by month)",2014-08,94482012.0,USD,maine_dmr_landings,OFFICIAL STATISTIC (annual publication of monthly pounds and value),https://www.maine.gov/dmr/sites/maine.gov.dmr/files/inline-files/LobByCntyMoZone.pdf,2026-09-22T20:16:42+00:00,evidence/maine_dmr_landings/pdf.pdf,3bff08eeef50efc9788ffaa1e4198548c6edc5ed6ab0e8fdcacc082738928280,DMR file as of 2/6/2026.
dmr_maine_lobster_landings_value_usd,"Maine DMR: lobster landings, ex-vessel value USD (statewide, by month)",2014-09,97038623.0,USD,maine_dmr_landings,OFFICIAL STATISTIC (annual publication of monthly pounds and value),https://www.maine.gov/dmr/sites/maine.gov.dmr/files/inline-files/LobByCntyMoZone.pdf,2026-09-22T20:16:42+00:00,evidence/maine_dmr_landings/pdf.pdf,3bff08eeef50efc9788ffaa1e4198548c6edc5ed6ab0e8fdcacc082738928280,DMR file as of 2/6/2026.
dmr_maine_lobster_landings_value_usd,"Maine DMR: lobster landings, ex-vessel value USD (statewide, by month)",2014-10,105173309.0,USD,maine_dmr_landings,OFFICIAL STATISTIC (annual publication of monthly pounds and value),https://www.maine.gov/dmr/sites/maine.gov.dmr/files/inline-files/LobByCntyMoZone.pdf,2026-09-22T20:16:42+00:00,evidence/maine_dmr_landings/pdf.pdf,3bff08eeef50efc9788ffaa1e4198548c6edc5ed6ab0e8fdcacc082738928280,DMR file as of 2/6/2026.
dmr_maine_lobster_landings_value_usd,"Maine DMR: lobster landings, ex-vessel value USD (statewide, by month)",2014-11,41359388.0,USD,maine_dmr_landings,OFFICIAL STATISTIC (annual publication of monthly pounds and value),https://www.maine.gov/dmr/sites/maine.gov.dmr/files/inline-files/LobByCntyMoZone.pdf,2026-09-22T20:16:42+00:00,evidence/maine_dmr_landings/pdf.pdf,3bff08eeef50efc9788ffaa1e4198548c6edc5ed6ab0e8fdcacc082738928280,DMR file as of 2/6/2026.
dmr_maine_lobster_landings_value_usd,"Maine DMR: lobster landings, ex-vessel value USD (statewide, by month)",2014-12,22707484.0,USD,maine_dmr_landings,OFFICIAL STATISTIC (annual publication of monthly pounds and value),https://www.maine.gov/dmr/sites/maine.gov.dmr/files/inline-files/LobByCntyMoZone.pdf,2026-09-22T20:16:42+00:00,evidence/maine_dmr_landings/pdf.pdf,3bff08eeef50efc9788ffaa1e4198548c6edc5ed6ab0e8fdcacc082738928280,DMR file as of 2/6/2026.
dmr_maine_lobster_landings_value_usd,"Maine DMR: lobster landings, ex-vessel value USD (statewide, by month)",2015-01,6609791.0,USD,maine_dmr_landings,OFFICIAL STATISTIC (annual publication of monthly pounds and value),https://www.maine.gov/dmr/sites/maine.gov.dmr/files/inline-files/LobByCntyMoZone.pdf,2026-09-22T20:16:42+00:00,evidence/maine_dmr_landings/pdf.pdf,3bff08eeef50efc9788ffaa1e4198548c6edc5ed6ab0e8fdcacc082738928280,DMR file as of 2/6/2026.
dmr_maine_lobster_landings_value_usd,"Maine DMR: lobster landings, ex-vessel value USD (statewide, by month)",2015-02,2834734.0,USD,maine_dmr_landings,OFFICIAL STATISTIC (annual publication of monthly pounds and value),https://www.maine.gov/dmr/sites/maine.gov.dmr/files/inline-files/LobByCntyMoZone.pdf,2026-09-22T20:16:42+00:00,evidence/maine_dmr_landings/pdf.pdf,3bff08eeef50efc9788ffaa1e4198548c6edc5ed6ab0e8fdcacc082738928280,DMR file as of 2/6/2026.
dmr_maine_lobster_landings_value_usd,"Maine DMR: lobster landings, ex-vessel value USD (statewide, by month)",2015-03,7084674.0,USD,maine_dmr_landings,OFFICIAL STATISTIC (annual publication of monthly pounds and value),https://www.maine.gov/dmr/sites/maine.gov.dmr/files/inline-files/LobByCntyMoZone.pdf,2026-09-22T20:16:42+00:00,evidence/maine_dmr_landings/pdf.pdf,3bff08eeef50efc9788ffaa1e4198548c6edc5ed6ab0e8fdcacc082738928280,DMR file as of 2/6/2026.
dmr_maine_lobster_landings_value_usd,"Maine DMR: lobster landings, ex-vessel value USD (statewide, by month)",2015-04,10054886.0,USD,maine_dmr_landings,OFFICIAL STATISTIC (annual publication of monthly pounds and value),https://www.maine.gov/dmr/sites/maine.gov.dmr/files/inline-files/LobByCntyMoZone.pdf,2026-09-22T20:16:42+00:00,evidence/maine_dmr_landings/pdf.pdf,3bff08eeef50efc9788ffaa1e4198548c6edc5ed6ab0e8fdcacc082738928280,DMR file as of 2/6/2026.
dmr_maine_lobster_landings_value_usd,"Maine DMR: lobster landings, ex-vessel value USD (statewide, by month)",2015-05,14025961.0,USD,maine_dmr_landings,OFFICIAL STATISTIC (annual publication of monthly pounds and value),https://www.maine.gov/dmr/sites/maine.gov.dmr/files/inline-files/LobByCntyMoZone.pdf,2026-09-22T20:16:42+00:00,evidence/maine_dmr_landings/pdf.pdf,3bff08eeef50efc9788ffaa1e4198548c6edc5ed6ab0e8fdcacc082738928280,DMR file as of 2/6/2026.
dmr_maine_lobster_landings_value_usd,"Maine DMR: lobster landings, ex-vessel value USD (statewide, by month)",2015-06,18935758.0,USD,maine_dmr_landings,OFFICIAL STATISTIC (annual publication of monthly pounds and value),https://www.maine.gov/dmr/sites/maine.gov.dmr/files/inline-files/LobByCntyMoZone.pdf,2026-09-22T20:16:42+00:00,evidence/maine_dmr_landings/pdf.pdf,3bff08eeef50efc9788ffaa1e4198548c6edc5ed6ab0e8fdcacc082738928280,DMR file as of 2/6/2026.
dmr_maine_lobster_landings_value_usd,"Maine DMR: lobster landings, ex-vessel value USD (statewide, by month)",2015-07,58172425.0,USD,maine_dmr_landings,OFFICIAL STATISTIC (annual publication of monthly pounds and value),https://www.maine.gov/dmr/sites/maine.gov.dmr/files/inline-files/LobByCntyMoZone.pdf,2026-09-22T20:16:42+00:00,evidence/maine_dmr_landings/pdf.pdf,3bff08eeef50efc9788ffaa1e4198548c6edc5ed6ab0e8fdcacc082738928280,DMR file as of 2/6/2026.
dmr_maine_lobster_landings_value_usd,"Maine DMR: lobster landings, ex-vessel value USD (statewide, by month)",2015-08,108171291.0,USD,maine_dmr_landings,OFFICIAL STATISTIC (annual publication of monthly pounds and value),https://www.maine.gov/dmr/sites/maine.gov.dmr/files/inline-files/LobByCntyMoZone.pdf,2026-09-22T20:16:42+00:00,evidence/maine_dmr_landings/pdf.pdf,3bff08eeef50efc9788ffaa1e4198548c6edc5ed6ab0e8fdcacc082738928280,DMR file as of 2/6/2026.
dmr_maine_lobster_landings_value_usd,"Maine DMR: lobster landings, ex-vessel value USD (statewide, by month)",2015-09,95749186.0,USD,maine_dmr_landings,OFFICIAL STATISTIC (annual publication of monthly pounds and value),https://www.maine.gov/dmr/sites/maine.gov.dmr/files/inline-files/LobByCntyMoZone.pdf,2026-09-22T20:16:42+00:00,evidence/maine_dmr_landings/pdf.pdf,3bff08eeef50efc9788ffaa1e4198548c6edc5ed6ab0e8fdcacc082738928280,DMR file as of 2/6/2026.
dmr_maine_lobster_landings_value_usd,"Maine DMR: lobster landings, ex-vessel value USD (statewide, by month)",2015-10,88420357.0,USD,maine_dmr_landings,OFFICIAL STATISTIC (annual publication of monthly pounds and value),https://www.maine.gov/dmr/sites/maine.gov.dmr/files/inline-files/LobByCntyMoZone.pdf,2026-09-22T20:16:42+00:00,evidence/maine_dmr_landings/pdf.pdf,3bff08eeef50efc9788ffaa1e4198548c6edc5ed6ab0e8fdcacc082738928280,DMR file as of 2/6/2026.
dmr_maine_lobster_landings_value_usd,"Maine DMR: lobster landings, ex-vessel value USD (statewide, by month)",2015-11,63099790.0,USD,maine_dmr_landings,OFFICIAL STATISTIC (annual publication of monthly pounds and value),https://www.maine.gov/dmr/sites/maine.gov.dmr/files/inline-files/LobByCntyMoZone.pdf,2026-09-22T20:16:42+00:00,evidence/maine_dmr_landings/pdf.pdf,3bff08eeef50efc9788ffaa1e4198548c6edc5ed6ab0e8fdcacc082738928280,DMR file as of 2/6/2026.
dmr_maine_lobster_landings_value_usd,"Maine DMR: lobster landings, ex-vessel value USD (statewide, by month)",2015-12,29291455.0,USD,maine_dmr_landings,OFFICIAL STATISTIC (annual publication of monthly pounds and value),https://www.maine.gov/dmr/sites/maine.gov.dmr/files/inline-files/LobByCntyMoZone.pdf,2026-09-22T20:16:42+00:00,evidence/maine_dmr_landings/pdf.pdf,3bff08eeef50efc9788ffaa1e4198548c6edc5ed6ab0e8fdcacc082738928280,DMR file as of 2/6/2026.
dmr_maine_lobster_landings_value_usd,"Maine DMR: lobster landings, ex-vessel value USD (statewide, by month)",2016-01,11312054.0,USD,maine_dmr_landings,OFFICIAL STATISTIC (annual publication of monthly pounds and value),https://www.maine.gov/dmr/sites/maine.gov.dmr/files/inline-files/LobByCntyMoZone.pdf,2026-09-22T20:16:42+00:00,evidence/maine_dmr_landings/pdf.pdf,3bff08eeef50efc9788ffaa1e4198548c6edc5ed6ab0e8fdcacc082738928280,DMR file as of 2/6/2026.
dmr_maine_lobster_landings_value_usd,"Maine DMR: lobster landings, ex-vessel value USD (statewide, by month)",2016-02,6609600.0,USD,maine_dmr_landings,OFFICIAL STATISTIC (annual publication of monthly pounds and value),https://www.maine.gov/dmr/sites/maine.gov.dmr/files/inline-files/LobByCntyMoZone.pdf,2026-09-22T20:16:42+00:00,evidence/maine_dmr_landings/pdf.pdf,3bff08eeef50efc9788ffaa1e4198548c6edc5ed6ab0e8fdcacc082738928280,DMR file as of 2/6/2026.
dmr_maine_lobster_landings_value_usd,"Maine DMR: lobster landings, ex-vessel value USD (statewide, by month)",2016-03,5293237.0,USD,maine_dmr_landings,OFFICIAL STATISTIC (annual publication of monthly pounds and value),https://www.maine.gov/dmr/sites/maine.gov.dmr/files/inline-files/LobByCntyMoZone.pdf,2026-09-22T20:16:42+00:00,evidence/maine_dmr_landings/pdf.pdf,3bff08eeef50efc9788ffaa1e4198548c6edc5ed6ab0e8fdcacc082738928280,DMR file as of 2/6/2026.
dmr_maine_lobster_landings_value_usd,"Maine DMR: lobster landings, ex-vessel value USD (statewide, by month)",2016-04,10941229.0,USD,maine_dmr_landings,OFFICIAL STATISTIC (annual publication of monthly pounds and value),https://www.maine.gov/dmr/sites/maine.gov.dmr/files/inline-files/LobByCntyMoZone.pdf,2026-09-22T20:16:42+00:00,evidence/maine_dmr_landings/pdf.pdf,3bff08eeef50efc9788ffaa1e4198548c6edc5ed6ab0e8fdcacc082738928280,DMR file as of 2/6/2026.
dmr_maine_lobster_landings_value_usd,"Maine DMR: lobster landings, ex-vessel value USD (statewide, by month)",2016-05,15968106.0,USD,maine_dmr_landings,OFFICIAL STATISTIC (annual publication of monthly pounds and value),https://www.maine.gov/dmr/sites/maine.gov.dmr/files/inline-files/LobByCntyMoZone.pdf,2026-09-22T20:16:42+00:00,evidence/maine_dmr_landings/pdf.pdf,3bff08eeef50efc9788ffaa1e4198548c6edc5ed6ab0e8fdcacc082738928280,DMR file as of 2/6/2026.
dmr_maine_lobster_landings_value_usd,"Maine DMR: lobster landings, ex-vessel value USD (statewide, by month)",2016-06,36913117.0,USD,maine_dmr_landings,OFFICIAL STATISTIC (annual publication of monthly pounds and value),https://www.maine.gov/dmr/sites/maine.gov.dmr/files/inline-files/LobByCntyMoZone.pdf,2026-09-22T20:16:42+00:00,evidence/maine_dmr_landings/pdf.pdf,3bff08eeef50efc9788ffaa1e4198548c6edc5ed6ab0e8fdcacc082738928280,DMR file as of 2/6/2026.
dmr_maine_lobster_landings_value_usd,"Maine DMR: lobster landings, ex-vessel value USD (statewide, by month)",2016-07,93666740.0,USD,maine_dmr_landings,OFFICIAL STATISTIC (annual publication of monthly pounds and value),https://www.maine.gov/dmr/sites/maine.gov.dmr/files/inline-files/LobByCntyMoZone.pdf,2026-09-22T20:16:42+00:00,evidence/maine_dmr_landings/pdf.pdf,3bff08eeef50efc9788ffaa1e4198548c6edc5ed6ab0e8fdcacc082738928280,DMR file as of 2/6/2026.
dmr_maine_lobster_landings_value_usd,"Maine DMR: lobster landings, ex-vessel value USD (statewide, by month)",2016-08,98773107.0,USD,maine_dmr_landings,OFFICIAL STATISTIC (annual publication of monthly pounds and value),https://www.maine.gov/dmr/sites/maine.gov.dmr/files/inline-files/LobByCntyMoZone.pdf,2026-09-22T20:16:42+00:00,evidence/maine_dmr_landings/pdf.pdf,3bff08eeef50efc9788ffaa1e4198548c6edc5ed6ab0e8fdcacc082738928280,DMR file as of 2/6/2026.
dmr_maine_lobster_landings_value_usd,"Maine DMR: lobster landings, ex-vessel value USD (statewide, by month)",2016-09,91206287.0,USD,maine_dmr_landings,OFFICIAL STATISTIC (annual publication of monthly pounds and value),https://www.maine.gov/dmr/sites/maine.gov.dmr/files/inline-files/LobByCntyMoZone.pdf,2026-09-22T20:16:42+00:00,evidence/maine_dmr_landings/pdf.pdf,3bff08eeef50efc9788ffaa1e4198548c6edc5ed6ab0e8fdcacc082738928280,DMR file as of 2/6/2026.
dmr_maine_lobster_landings_value_usd,"Maine DMR: lobster landings, ex-vessel value USD (statewide, by month)",2016-10,89148658.0,USD,maine_dmr_landings,OFFICIAL STATISTIC (annual publication of monthly pounds and value),https://www.maine.gov/dmr/sites/maine.gov.dmr/files/inline-files/LobByCntyMoZone.pdf,2026-09-22T20:16:42+00:00,evidence/maine_dmr_landings/pdf.pdf,3bff08eeef50efc9788ffaa1e4198548c6edc5ed6ab0e8fdcacc082738928280,DMR file as of 2/6/2026.
dmr_maine_lobster_landings_value_usd,"Maine DMR: lobster landings, ex-vessel value USD (statewide, by month)",2016-11,59411090.0,USD,maine_dmr_landings,OFFICIAL STATISTIC (annual publication of monthly pounds and value),https://www.maine.gov/dmr/sites/maine.gov.dmr/files/inline-files/LobByCntyMoZone.pdf,2026-09-22T20:16:42+00:00,evidence/maine_dmr_landings/pdf.pdf,3bff08eeef50efc9788ffaa1e4198548c6edc5ed6ab0e8fdcacc082738928280,DMR file as of 2/6/2026.
dmr_maine_lobster_landings_value_usd,"Maine DMR: lobster landings, ex-vessel value USD (statewide, by month)",2016-12,21428703.0,USD,maine_dmr_landings,OFFICIAL STATISTIC (annual publication of monthly pounds and value),https://www.maine.gov/dmr/sites/maine.gov.dmr/files/inline-files/LobByCntyMoZone.pdf,2026-09-22T20:16:42+00:00,evidence/maine_dmr_landings/pdf.pdf,3bff08eeef50efc9788ffaa1e4198548c6edc5ed6ab0e8fdcacc082738928280,DMR file as of 2/6/2026.
dmr_maine_lobster_landings_value_usd,"Maine DMR: lobster landings, ex-vessel value USD (statewide, by month)",2017-01,13956066.0,USD,maine_dmr_landings,OFFICIAL STATISTIC (annual publication of monthly pounds and value),https://www.maine.gov/dmr/sites/maine.gov.dmr/files/inline-files/LobByCntyMoZone.pdf,2026-09-22T20:16:42+00:00,evidence/maine_dmr_landings/pdf.pdf,3bff08eeef50efc9788ffaa1e4198548c6edc5ed6ab0e8fdcacc082738928280,DMR file as of 2/6/2026.
dmr_maine_lobster_landings_value_usd,"Maine DMR: lobster landings, ex-vessel value USD (statewide, by month)",2017-02,5020290.0,USD,maine_dmr_landings,OFFICIAL STATISTIC (annual publication of monthly pounds and value),https://www.maine.gov/dmr/sites/maine.gov.dmr/files/inline-files/LobByCntyMoZone.pdf,2026-09-22T20:16:42+00:00,evidence/maine_dmr_landings/pdf.pdf,3bff08eeef50efc9788ffaa1e4198548c6edc5ed6ab0e8fdcacc082738928280,DMR file as of 2/6/2026.
dmr_maine_lobster_landings_value_usd,"Maine DMR: lobster landings, ex-vessel value USD (statewide, by month)",2017-03,7023226.0,USD,maine_dmr_landings,OFFICIAL STATISTIC (annual publication of monthly pounds and value),https://www.maine.gov/dmr/sites/maine.gov.dmr/files/inline-files/LobByCntyMoZone.pdf,2026-09-22T20:16:42+00:00,evidence/maine_dmr_landings/pdf.pdf,3bff08eeef50efc9788ffaa1e4198548c6edc5ed6ab0e8fdcacc082738928280,DMR file as of 2/6/2026.
dmr_maine_lobster_landings_value_usd,"Maine DMR: lobster landings, ex-vessel value USD (statewide, by month)",2017-04,11071482.0,USD,maine_dmr_landings,OFFICIAL STATISTIC (annual publication of monthly pounds and value),https://www.maine.gov/dmr/sites/maine.gov.dmr/files/inline-files/LobByCntyMoZone.pdf,2026-09-22T20:16:42+00:00,evidence/maine_dmr_landings/pdf.pdf,3bff08eeef50efc9788ffaa1e4198548c6edc5ed6ab0e8fdcacc082738928280,DMR file as of 2/6/2026.
dmr_maine_lobster_landings_value_usd,"Maine DMR: lobster landings, ex-vessel value USD (statewide, by month)",2017-05,15139941.0,USD,maine_dmr_landings,OFFICIAL STATISTIC (annual publication of monthly pounds and value),https://www.maine.gov/dmr/sites/maine.gov.dmr/files/inline-files/LobByCntyMoZone.pdf,2026-09-22T20:16:42+00:00,evidence/maine_dmr_landings/pdf.pdf,3bff08eeef50efc9788ffaa1e4198548c6edc5ed6ab0e8fdcacc082738928280,DMR file as of 2/6/2026.
dmr_maine_lobster_landings_value_usd,"Maine DMR: lobster landings, ex-vessel value USD (statewide, by month)",2017-06,16016929.0,USD,maine_dmr_landings,OFFICIAL STATISTIC (annual publication of monthly pounds and value),https://www.maine.gov/dmr/sites/maine.gov.dmr/files/inline-files/LobByCntyMoZone.pdf,2026-09-22T20:16:42+00:00,evidence/maine_dmr_landings/pdf.pdf,3bff08eeef50efc9788ffaa1e4198548c6edc5ed6ab0e8fdcacc082738928280,DMR file as of 2/6/2026.
dmr_maine_lobster_landings_value_usd,"Maine DMR: lobster landings, ex-vessel value USD (statewide, by month)",2017-07,55813027.0,USD,maine_dmr_landings,OFFICIAL STATISTIC (annual publication of monthly pounds and value),https://www.maine.gov/dmr/sites/maine.gov.dmr/files/inline-files/LobByCntyMoZone.pdf,2026-09-22T20:16:42+00:00,evidence/maine_dmr_landings/pdf.pdf,3bff08eeef50efc9788ffaa1e4198548c6edc5ed6ab0e8fdcacc082738928280,DMR file as of 2/6/2026.
dmr_maine_lobster_landings_value_usd,"Maine DMR: lobster landings, ex-vessel value USD (statewide, by month)",2017-08,98980347.0,USD,maine_dmr_landings,OFFICIAL STATISTIC (annual publication of monthly pounds and value),https://www.maine.gov/dmr/sites/maine.gov.dmr/files/inline-files/LobByCntyMoZone.pdf,2026-09-22T20:16:42+00:00,evidence/maine_dmr_landings/pdf.pdf,3bff08eeef50efc9788ffaa1e4198548c6edc5ed6ab0e8fdcacc082738928280,DMR file as of 2/6/2026.
dmr_maine_lobster_landings_value_usd,"Maine DMR: lobster landings, ex-vessel value USD (statewide, by month)",2017-09,65779559.0,USD,maine_dmr_landings,OFFICIAL STATISTIC (annual publication of monthly pounds and value),https://www.maine.gov/dmr/sites/maine.gov.dmr/files/inline-files/LobByCntyMoZone.pdf,2026-09-22T20:16:42+00:00,evidence/maine_dmr_landings/pdf.pdf,3bff08eeef50efc9788ffaa1e4198548c6edc5ed6ab0e8fdcacc082738928280,DMR file as of 2/6/2026.
dmr_maine_lobster_landings_value_usd,"Maine DMR: lobster landings, ex-vessel value USD (statewide, by month)",2017-10,73390206.0,USD,maine_dmr_landings,OFFICIAL STATISTIC (annual publication of monthly pounds and value),https://www.maine.gov/dmr/sites/maine.gov.dmr/files/inline-files/LobByCntyMoZone.pdf,2026-09-22T20:16:42+00:00,evidence/maine_dmr_landings/pdf.pdf,3bff08eeef50efc9788ffaa1e4198548c6edc5ed6ab0e8fdcacc082738928280,DMR file as of 2/6/2026.
dmr_maine_lobster_landings_value_usd,"Maine DMR: lobster landings, ex-vessel value USD (statewide, by month)",2017-11,54690986.0,USD,maine_dmr_landings,OFFICIAL STATISTIC (annual publication of monthly pounds and value),https://www.maine.gov/dmr/sites/maine.gov.dmr/files/inline-files/LobByCntyMoZone.pdf,2026-09-22T20:16:42+00:00,evidence/maine_dmr_landings/pdf.pdf,3bff08eeef50efc9788ffaa1e4198548c6edc5ed6ab0e8fdcacc082738928280,DMR file as of 2/6/2026.
dmr_maine_lobster_landings_value_usd,"Maine DMR: lobster landings, ex-vessel value USD (statewide, by month)",2017-12,22094709.0,USD,maine_dmr_landings,OFFICIAL STATISTIC (annual publication of monthly pounds and value),https://www.maine.gov/dmr/sites/maine.gov.dmr/files/inline-files/LobByCntyMoZone.pdf,2026-09-22T20:16:42+00:00,evidence/maine_dmr_landings/pdf.pdf,3bff08eeef50efc9788ffaa1e4198548c6edc5ed6ab0e8fdcacc082738928280,DMR file as of 2/6/2026.
dmr_maine_lobster_landings_value_usd,"Maine DMR: lobster landings, ex-vessel value USD (statewide, by month)",2018-01,14165069.0,USD,maine_dmr_landings,OFFICIAL STATISTIC (annual publication of monthly pounds and value),https://www.maine.gov/dmr/sites/maine.gov.dmr/files/inline-files/LobByCntyMoZone.pdf,2026-09-22T20:16:42+00:00,evidence/maine_dmr_landings/pdf.pdf,3bff08eeef50efc9788ffaa1e4198548c6edc5ed6ab0e8fdcacc082738928280,DMR file as of 2/6/2026.
dmr_maine_lobster_landings_value_usd,"Maine DMR: lobster landings, ex-vessel value USD (statewide, by month)",2018-02,9585768.0,USD,maine_dmr_landings,OFFICIAL STATISTIC (annual publication of monthly pounds and value),https://www.maine.gov/dmr/sites/maine.gov.dmr/files/inline-files/LobByCntyMoZone.pdf,2026-09-22T20:16:42+00:00,evidence/maine_dmr_landings/pdf.pdf,3bff08eeef50efc9788ffaa1e4198548c6edc5ed6ab0e8fdcacc082738928280,DMR file as of 2/6/2026.
dmr_maine_lobster_landings_value_usd,"Maine DMR: lobster landings, ex-vessel value USD (statewide, by month)",2018-03,12201670.0,USD,maine_dmr_landings,OFFICIAL STATISTIC (annual publication of monthly pounds and value),https://www.maine.gov/dmr/sites/maine.gov.dmr/files/inline-files/LobByCntyMoZone.pdf,2026-09-22T20:16:42+00:00,evidence/maine_dmr_landings/pdf.pdf,3bff08eeef50efc9788ffaa1e4198548c6edc5ed6ab0e8fdcacc082738928280,DMR file as of 2/6/2026.
dmr_maine_lobster_landings_value_usd,"Maine DMR: lobster landings, ex-vessel value USD (statewide, by month)",2018-04,13191627.0,USD,maine_dmr_landings,OFFICIAL STATISTIC (annual publication of monthly pounds and value),https://www.maine.gov/dmr/sites/maine.gov.dmr/files/inline-files/LobByCntyMoZone.pdf,2026-09-22T20:16:42+00:00,evidence/maine_dmr_landings/pdf.pdf,3bff08eeef50efc9788ffaa1e4198548c6edc5ed6ab0e8fdcacc082738928280,DMR file as of 2/6/2026.
dmr_maine_lobster_landings_value_usd,"Maine DMR: lobster landings, ex-vessel value USD (statewide, by month)",2018-05,14191746.0,USD,maine_dmr_landings,OFFICIAL STATISTIC (annual publication of monthly pounds and value),https://www.maine.gov/dmr/sites/maine.gov.dmr/files/inline-files/LobByCntyMoZone.pdf,2026-09-22T20:16:42+00:00,evidence/maine_dmr_landings/pdf.pdf,3bff08eeef50efc9788ffaa1e4198548c6edc5ed6ab0e8fdcacc082738928280,DMR file as of 2/6/2026.
dmr_maine_lobster_landings_value_usd,"Maine DMR: lobster landings, ex-vessel value USD (statewide, by month)",2018-06,16183937.0,USD,maine_dmr_landings,OFFICIAL STATISTIC (annual publication of monthly pounds and value),https://www.maine.gov/dmr/sites/maine.gov.dmr/files/inline-files/LobByCntyMoZone.pdf,2026-09-22T20:16:42+00:00,evidence/maine_dmr_landings/pdf.pdf,3bff08eeef50efc9788ffaa1e4198548c6edc5ed6ab0e8fdcacc082738928280,DMR file as of 2/6/2026.
dmr_maine_lobster_landings_value_usd,"Maine DMR: lobster landings, ex-vessel value USD (statewide, by month)",2018-07,77819319.0,USD,maine_dmr_landings,OFFICIAL STATISTIC (annual publication of monthly pounds and value),https://www.maine.gov/dmr/sites/maine.gov.dmr/files/inline-files/LobByCntyMoZone.pdf,2026-09-22T20:16:42+00:00,evidence/maine_dmr_landings/pdf.pdf,3bff08eeef50efc9788ffaa1e4198548c6edc5ed6ab0e8fdcacc082738928280,DMR file as of 2/6/2026.
dmr_maine_lobster_landings_value_usd,"Maine DMR: lobster landings, ex-vessel value USD (statewide, by month)",2018-08,94618112.0,USD,maine_dmr_landings,OFFICIAL STATISTIC (annual publication of monthly pounds and value),https://www.maine.gov/dmr/sites/maine.gov.dmr/files/inline-files/LobByCntyMoZone.pdf,2026-09-22T20:16:42+00:00,evidence/maine_dmr_landings/pdf.pdf,3bff08eeef50efc9788ffaa1e4198548c6edc5ed6ab0e8fdcacc082738928280,DMR file as of 2/6/2026.
dmr_maine_lobster_landings_value_usd,"Maine DMR: lobster landings, ex-vessel value USD (statewide, by month)",2018-09,77144947.0,USD,maine_dmr_landings,OFFICIAL STATISTIC (annual publication of monthly pounds and value),https://www.maine.gov/dmr/sites/maine.gov.dmr/files/inline-files/LobByCntyMoZone.pdf,2026-09-22T20:16:42+00:00,evidence/maine_dmr_landings/pdf.pdf,3bff08eeef50efc9788ffaa1e4198548c6edc5ed6ab0e8fdcacc082738928280,DMR file as of 2/6/2026.
dmr_maine_lobster_landings_value_usd,"Maine DMR: lobster landings, ex-vessel value USD (statewide, by month)",2018-10,81251907.0,USD,maine_dmr_landings,OFFICIAL STATISTIC (annual publication of monthly pounds and value),https://www.maine.gov/dmr/sites/maine.gov.dmr/files/inline-files/LobByCntyMoZone.pdf,2026-09-22T20:16:42+00:00,evidence/maine_dmr_landings/pdf.pdf,3bff08eeef50efc9788ffaa1e4198548c6edc5ed6ab0e8fdcacc082738928280,DMR file as of 2/6/2026.
dmr_maine_lobster_landings_value_usd,"Maine DMR: lobster landings, ex-vessel value USD (statewide, by month)",2018-11,47792782.0,USD,maine_dmr_landings,OFFICIAL STATISTIC (annual publication of monthly pounds and value),https://www.maine.gov/dmr/sites/maine.gov.dmr/files/inline-files/LobByCntyMoZone.pdf,2026-09-22T20:16:42+00:00,evidence/maine_dmr_landings/pdf.pdf,3bff08eeef50efc9788ffaa1e4198548c6edc5ed6ab0e8fdcacc082738928280,DMR file as of 2/6/2026.
dmr_maine_lobster_landings_value_usd,"Maine DMR: lobster landings, ex-vessel value USD (statewide, by month)",2018-12,32449263.0,USD,maine_dmr_landings,OFFICIAL STATISTIC (annual publication of monthly pounds and value),https://www.maine.gov/dmr/sites/maine.gov.dmr/files/inline-files/LobByCntyMoZone.pdf,2026-09-22T20:16:42+00:00,evidence/maine_dmr_landings/pdf.pdf,3bff08eeef50efc9788ffaa1e4198548c6edc5ed6ab0e8fdcacc082738928280,DMR file as of 2/6/2026.
dmr_maine_lobster_landings_value_usd,"Maine DMR: lobster landings, ex-vessel value USD (statewide, by month)",2019-01,9447291.0,USD,maine_dmr_landings,OFFICIAL STATISTIC (annual publication of monthly pounds and value),https://www.maine.gov/dmr/sites/maine.gov.dmr/files/inline-files/LobByCntyMoZone.pdf,2026-09-22T20:16:42+00:00,evidence/maine_dmr_landings/pdf.pdf,3bff08eeef50efc9788ffaa1e4198548c6edc5ed6ab0e8fdcacc082738928280,DMR file as of 2/6/2026.
dmr_maine_lobster_landings_value_usd,"Maine DMR: lobster landings, ex-vessel value USD (statewide, by month)",2019-02,7710413.0,USD,maine_dmr_landings,OFFICIAL STATISTIC (annual publication of monthly pounds and value),https://www.maine.gov/dmr/sites/maine.gov.dmr/files/inline-files/LobByCntyMoZone.pdf,2026-09-22T20:16:42+00:00,evidence/maine_dmr_landings/pdf.pdf,3bff08eeef50efc9788ffaa1e4198548c6edc5ed6ab0e8fdcacc082738928280,DMR file as of 2/6/2026.
dmr_maine_lobster_landings_value_usd,"Maine DMR: lobster landings, ex-vessel value USD (statewide, by month)",2019-03,8263350.0,USD,maine_dmr_landings,OFFICIAL STATISTIC (annual publication of monthly pounds and value),https://www.maine.gov/dmr/sites/maine.gov.dmr/files/inline-files/LobByCntyMoZone.pdf,2026-09-22T20:16:42+00:00,evidence/maine_dmr_landings/pdf.pdf,3bff08eeef50efc9788ffaa1e4198548c6edc5ed6ab0e8fdcacc082738928280,DMR file as of 2/6/2026.
dmr_maine_lobster_landings_value_usd,"Maine DMR: lobster landings, ex-vessel value USD (statewide, by month)",2019-04,7242005.0,USD,maine_dmr_landings,OFFICIAL STATISTIC (annual publication of monthly pounds and value),https://www.maine.gov/dmr/sites/maine.gov.dmr/files/inline-files/LobByCntyMoZone.pdf,2026-09-22T20:16:42+00:00,evidence/maine_dmr_landings/pdf.pdf,3bff08eeef50efc9788ffaa1e4198548c6edc5ed6ab0e8fdcacc082738928280,DMR file as of 2/6/2026.
dmr_maine_lobster_landings_value_usd,"Maine DMR: lobster landings, ex-vessel value USD (statewide, by month)",2019-05,12830201.0,USD,maine_dmr_landings,OFFICIAL STATISTIC (annual publication of monthly pounds and value),https://www.maine.gov/dmr/sites/maine.gov.dmr/files/inline-files/LobByCntyMoZone.pdf,2026-09-22T20:16:42+00:00,evidence/maine_dmr_landings/pdf.pdf,3bff08eeef50efc9788ffaa1e4198548c6edc5ed6ab0e8fdcacc082738928280,DMR file as of 2/6/2026.
dmr_maine_lobster_landings_value_usd,"Maine DMR: lobster landings, ex-vessel value USD (statewide, by month)",2019-06,11983488.0,USD,maine_dmr_landings,OFFICIAL STATISTIC (annual publication of monthly pounds and value),https://www.maine.gov/dmr/sites/maine.gov.dmr/files/inline-files/LobByCntyMoZone.pdf,2026-09-22T20:16:42+00:00,evidence/maine_dmr_landings/pdf.pdf,3bff08eeef50efc9788ffaa1e4198548c6edc5ed6ab0e8fdcacc082738928280,DMR file as of 2/6/2026.
dmr_maine_lobster_landings_value_usd,"Maine DMR: lobster landings, ex-vessel value USD (statewide, by month)",2019-07,38674182.0,USD,maine_dmr_landings,OFFICIAL STATISTIC (annual publication of monthly pounds and value),https://www.maine.gov/dmr/sites/maine.gov.dmr/files/inline-files/LobByCntyMoZone.pdf,2026-09-22T20:16:42+00:00,evidence/maine_dmr_landings/pdf.pdf,3bff08eeef50efc9788ffaa1e4198548c6edc5ed6ab0e8fdcacc082738928280,DMR file as of 2/6/2026.
dmr_maine_lobster_landings_value_usd,"Maine DMR: lobster landings, ex-vessel value USD (statewide, by month)",2019-08,94645309.0,USD,maine_dmr_landings,OFFICIAL STATISTIC (annual publication of monthly pounds and value),https://www.maine.gov/dmr/sites/maine.gov.dmr/files/inline-files/LobByCntyMoZone.pdf,2026-09-22T20:16:42+00:00,evidence/maine_dmr_landings/pdf.pdf,3bff08eeef50efc9788ffaa1e4198548c6edc5ed6ab0e8fdcacc082738928280,DMR file as of 2/6/2026.
dmr_maine_lobster_landings_value_usd,"Maine DMR: lobster landings, ex-vessel value USD (statewide, by month)",2019-09,82546560.0,USD,maine_dmr_landings,OFFICIAL STATISTIC (annual publication of monthly pounds and value),https://www.maine.gov/dmr/sites/maine.gov.dmr/files/inline-files/LobByCntyMoZone.pdf,2026-09-22T20:16:42+00:00,evidence/maine_dmr_landings/pdf.pdf,3bff08eeef50efc9788ffaa1e4198548c6edc5ed6ab0e8fdcacc082738928280,DMR file as of 2/6/2026.
dmr_maine_lobster_landings_value_usd,"Maine DMR: lobster landings, ex-vessel value USD (statewide, by month)",2019-10,106205659.0,USD,maine_dmr_landings,OFFICIAL STATISTIC (annual publication of monthly pounds and value),https://www.maine.gov/dmr/sites/maine.gov.dmr/files/inline-files/LobByCntyMoZone.pdf,2026-09-22T20:16:42+00:00,evidence/maine_dmr_landings/pdf.pdf,3bff08eeef50efc9788ffaa1e4198548c6edc5ed6ab0e8fdcacc082738928280,DMR file as of 2/6/2026.
dmr_maine_lobster_landings_value_usd,"Maine DMR: lobster landings, ex-vessel value USD (statewide, by month)",2019-11,71954309.0,USD,maine_dmr_landings,OFFICIAL STATISTIC (annual publication of monthly pounds and value),https://www.maine.gov/dmr/sites/maine.gov.dmr/files/inline-files/LobByCntyMoZone.pdf,2026-09-22T20:16:42+00:00,evidence/maine_dmr_landings/pdf.pdf,3bff08eeef50efc9788ffaa1e4198548c6edc5ed6ab0e8fdcacc082738928280,DMR file as of 2/6/2026.
dmr_maine_lobster_landings_value_usd,"Maine DMR: lobster landings, ex-vessel value USD (statewide, by month)",2019-12,41623112.0,USD,maine_dmr_landings,OFFICIAL STATISTIC (annual publication of monthly pounds and value),https://www.maine.gov/dmr/sites/maine.gov.dmr/files/inline-files/LobByCntyMoZone.pdf,2026-09-22T20:16:42+00:00,evidence/maine_dmr_landings/pdf.pdf,3bff08eeef50efc9788ffaa1e4198548c6edc5ed6ab0e8fdcacc082738928280,DMR file as of 2/6/2026.
dmr_maine_lobster_landings_value_usd,"Maine DMR: lobster landings, ex-vessel value USD (statewide, by month)",2020-01,18492230.0,USD,maine_dmr_landings,OFFICIAL STATISTIC (annual publication of monthly pounds and value),https://www.maine.gov/dmr/sites/maine.gov.dmr/files/inline-files/LobByCntyMoZone.pdf,2026-09-22T20:16:42+00:00,evidence/maine_dmr_landings/pdf.pdf,3bff08eeef50efc9788ffaa1e4198548c6edc5ed6ab0e8fdcacc082738928280,DMR file as of 2/6/2026.
dmr_maine_lobster_landings_value_usd,"Maine DMR: lobster landings, ex-vessel value USD (statewide, by month)",2020-02,5578799.0,USD,maine_dmr_landings,OFFICIAL STATISTIC (annual publication of monthly pounds and value),https://www.maine.gov/dmr/sites/maine.gov.dmr/files/inline-files/LobByCntyMoZone.pdf,2026-09-22T20:16:42+00:00,evidence/maine_dmr_landings/pdf.pdf,3bff08eeef50efc9788ffaa1e4198548c6edc5ed6ab0e8fdcacc082738928280,DMR file as of 2/6/2026.
dmr_maine_lobster_landings_value_usd,"Maine DMR: lobster landings, ex-vessel value USD (statewide, by month)",2020-03,2722503.0,USD,maine_dmr_landings,OFFICIAL STATISTIC (annual publication of monthly pounds and value),https://www.maine.gov/dmr/sites/maine.gov.dmr/files/inline-files/LobByCntyMoZone.pdf,2026-09-22T20:16:42+00:00,evidence/maine_dmr_landings/pdf.pdf,3bff08eeef50efc9788ffaa1e4198548c6edc5ed6ab0e8fdcacc082738928280,DMR file as of 2/6/2026.
dmr_maine_lobster_landings_value_usd,"Maine DMR: lobster landings, ex-vessel value USD (statewide, by month)",2020-04,3783608.0,USD,maine_dmr_landings,OFFICIAL STATISTIC (annual publication of monthly pounds and value),https://www.maine.gov/dmr/sites/maine.gov.dmr/files/inline-files/LobByCntyMoZone.pdf,2026-09-22T20:16:42+00:00,evidence/maine_dmr_landings/pdf.pdf,3bff08eeef50efc9788ffaa1e4198548c6edc5ed6ab0e8fdcacc082738928280,DMR file as of 2/6/2026.
dmr_maine_lobster_landings_value_usd,"Maine DMR: lobster landings, ex-vessel value USD (statewide, by month)",2020-05,6532607.0,USD,maine_dmr_landings,OFFICIAL STATISTIC (annual publication of monthly pounds and value),https://www.maine.gov/dmr/sites/maine.gov.dmr/files/inline-files/LobByCntyMoZone.pdf,2026-09-22T20:16:42+00:00,evidence/maine_dmr_landings/pdf.pdf,3bff08eeef50efc9788ffaa1e4198548c6edc5ed6ab0e8fdcacc082738928280,DMR file as of 2/6/2026.
dmr_maine_lobster_landings_value_usd,"Maine DMR: lobster landings, ex-vessel value USD (statewide, by month)",2020-06,9517121.0,USD,maine_dmr_landings,OFFICIAL STATISTIC (annual publication of monthly pounds and value),https://www.maine.gov/dmr/sites/maine.gov.dmr/files/inline-files/LobByCntyMoZone.pdf,2026-09-22T20:16:42+00:00,evidence/maine_dmr_landings/pdf.pdf,3bff08eeef50efc9788ffaa1e4198548c6edc5ed6ab0e8fdcacc082738928280,DMR file as of 2/6/2026.
dmr_maine_lobster_landings_value_usd,"Maine DMR: lobster landings, ex-vessel value USD (statewide, by month)",2020-07,53194628.0,USD,maine_dmr_landings,OFFICIAL STATISTIC (annual publication of monthly pounds and value),https://www.maine.gov/dmr/sites/maine.gov.dmr/files/inline-files/LobByCntyMoZone.pdf,2026-09-22T20:16:42+00:00,evidence/maine_dmr_landings/pdf.pdf,3bff08eeef50efc9788ffaa1e4198548c6edc5ed6ab0e8fdcacc082738928280,DMR file as of 2/6/2026.
dmr_maine_lobster_landings_value_usd,"Maine DMR: lobster landings, ex-vessel value USD (statewide, by month)",2020-08,59625732.0,USD,maine_dmr_landings,OFFICIAL STATISTIC (annual publication of monthly pounds and value),https://www.maine.gov/dmr/sites/maine.gov.dmr/files/inline-files/LobByCntyMoZone.pdf,2026-09-22T20:16:42+00:00,evidence/maine_dmr_landings/pdf.pdf,3bff08eeef50efc9788ffaa1e4198548c6edc5ed6ab0e8fdcacc082738928280,DMR file as of 2/6/2026.
dmr_maine_lobster_landings_value_usd,"Maine DMR: lobster landings, ex-vessel value USD (statewide, by month)",2020-09,66359187.0,USD,maine_dmr_landings,OFFICIAL STATISTIC (annual publication of monthly pounds and value),https://www.maine.gov/dmr/sites/maine.gov.dmr/files/inline-files/LobByCntyMoZone.pdf,2026-09-22T20:16:42+00:00,evidence/maine_dmr_landings/pdf.pdf,3bff08eeef50efc9788ffaa1e4198548c6edc5ed6ab0e8fdcacc082738928280,DMR file as of 2/6/2026.
dmr_maine_lobster_landings_value_usd,"Maine DMR: lobster landings, ex-vessel value USD (statewide, by month)",2020-10,97697554.0,USD,maine_dmr_landings,OFFICIAL STATISTIC (annual publication of monthly pounds and value),https://www.maine.gov/dmr/sites/maine.gov.dmr/files/inline-files/LobByCntyMoZone.pdf,2026-09-22T20:16:42+00:00,evidence/maine_dmr_landings/pdf.pdf,3bff08eeef50efc9788ffaa1e4198548c6edc5ed6ab0e8fdcacc082738928280,DMR file as of 2/6/2026.
dmr_maine_lobster_landings_value_usd,"Maine DMR: lobster landings, ex-vessel value USD (statewide, by month)",2020-11,61822592.0,USD,maine_dmr_landings,OFFICIAL STATISTIC (annual publication of monthly pounds and value),https://www.maine.gov/dmr/sites/maine.gov.dmr/files/inline-files/LobByCntyMoZone.pdf,2026-09-22T20:16:42+00:00,evidence/maine_dmr_landings/pdf.pdf,3bff08eeef50efc9788ffaa1e4198548c6edc5ed6ab0e8fdcacc082738928280,DMR file as of 2/6/2026.
dmr_maine_lobster_landings_value_usd,"Maine DMR: lobster landings, ex-vessel value USD (statewide, by month)",2020-12,27302669.0,USD,maine_dmr_landings,OFFICIAL STATISTIC (annual publication of monthly pounds and value),https://www.maine.gov/dmr/sites/maine.gov.dmr/files/inline-files/LobByCntyMoZone.pdf,2026-09-22T20:16:42+00:00,evidence/maine_dmr_landings/pdf.pdf,3bff08eeef50efc9788ffaa1e4198548c6edc5ed6ab0e8fdcacc082738928280,DMR file as of 2/6/2026.
dmr_maine_lobster_landings_value_usd,"Maine DMR: lobster landings, ex-vessel value USD (statewide, by month)",2021-01,19563509.0,USD,maine_dmr_landings,OFFICIAL STATISTIC (annual publication of monthly pounds and value),https://www.maine.gov/dmr/sites/maine.gov.dmr/files/inline-files/LobByCntyMoZone.pdf,2026-09-22T20:16:42+00:00,evidence/maine_dmr_landings/pdf.pdf,3bff08eeef50efc9788ffaa1e4198548c6edc5ed6ab0e8fdcacc082738928280,DMR file as of 2/6/2026.
dmr_maine_lobster_landings_value_usd,"Maine DMR: lobster landings, ex-vessel value USD (statewide, by month)",2021-02,8722982.0,USD,maine_dmr_landings,OFFICIAL STATISTIC (annual publication of monthly pounds and value),https://www.maine.gov/dmr/sites/maine.gov.dmr/files/inline-files/LobByCntyMoZone.pdf,2026-09-22T20:16:42+00:00,evidence/maine_dmr_landings/pdf.pdf,3bff08eeef50efc9788ffaa1e4198548c6edc5ed6ab0e8fdcacc082738928280,DMR file as of 2/6/2026.
dmr_maine_lobster_landings_value_usd,"Maine DMR: lobster landings, ex-vessel value USD (statewide, by month)",2021-03,10492443.0,USD,maine_dmr_landings,OFFICIAL STATISTIC (annual publication of monthly pounds and value),https://www.maine.gov/dmr/sites/maine.gov.dmr/files/inline-files/LobByCntyMoZone.pdf,2026-09-22T20:16:42+00:00,evidence/maine_dmr_landings/pdf.pdf,3bff08eeef50efc9788ffaa1e4198548c6edc5ed6ab0e8fdcacc082738928280,DMR file as of 2/6/2026.
dmr_maine_lobster_landings_value_usd,"Maine DMR: lobster landings, ex-vessel value USD (statewide, by month)",2021-04,12298683.0,USD,maine_dmr_landings,OFFICIAL STATISTIC (annual publication of monthly pounds and value),https://www.maine.gov/dmr/sites/maine.gov.dmr/files/inline-files/LobByCntyMoZone.pdf,2026-09-22T20:16:42+00:00,evidence/maine_dmr_landings/pdf.pdf,3bff08eeef50efc9788ffaa1e4198548c6edc5ed6ab0e8fdcacc082738928280,DMR file as of 2/6/2026.
dmr_maine_lobster_landings_value_usd,"Maine DMR: lobster landings, ex-vessel value USD (statewide, by month)",2021-05,15595031.0,USD,maine_dmr_landings,OFFICIAL STATISTIC (annual publication of monthly pounds and value),https://www.maine.gov/dmr/sites/maine.gov.dmr/files/inline-files/LobByCntyMoZone.pdf,2026-09-22T20:16:42+00:00,evidence/maine_dmr_landings/pdf.pdf,3bff08eeef50efc9788ffaa1e4198548c6edc5ed6ab0e8fdcacc082738928280,DMR file as of 2/6/2026.
dmr_maine_lobster_landings_value_usd,"Maine DMR: lobster landings, ex-vessel value USD (statewide, by month)",2021-06,37624818.0,USD,maine_dmr_landings,OFFICIAL STATISTIC (annual publication of monthly pounds and value),https://www.maine.gov/dmr/sites/maine.gov.dmr/files/inline-files/LobByCntyMoZone.pdf,2026-09-22T20:16:42+00:00,evidence/maine_dmr_landings/pdf.pdf,3bff08eeef50efc9788ffaa1e4198548c6edc5ed6ab0e8fdcacc082738928280,DMR file as of 2/6/2026.
dmr_maine_lobster_landings_value_usd,"Maine DMR: lobster landings, ex-vessel value USD (statewide, by month)",2021-07,133317171.0,USD,maine_dmr_landings,OFFICIAL STATISTIC (annual publication of monthly pounds and value),https://www.maine.gov/dmr/sites/maine.gov.dmr/files/inline-files/LobByCntyMoZone.pdf,2026-09-22T20:16:42+00:00,evidence/maine_dmr_landings/pdf.pdf,3bff08eeef50efc9788ffaa1e4198548c6edc5ed6ab0e8fdcacc082738928280,DMR file as of 2/6/2026.
dmr_maine_lobster_landings_value_usd,"Maine DMR: lobster landings, ex-vessel value USD (statewide, by month)",2021-08,122225069.0,USD,maine_dmr_landings,OFFICIAL STATISTIC (annual publication of monthly pounds and value),https://www.maine.gov/dmr/sites/maine.gov.dmr/files/inline-files/LobByCntyMoZone.pdf,2026-09-22T20:16:42+00:00,evidence/maine_dmr_landings/pdf.pdf,3bff08eeef50efc9788ffaa1e4198548c6edc5ed6ab0e8fdcacc082738928280,DMR file as of 2/6/2026.
dmr_maine_lobster_landings_value_usd,"Maine DMR: lobster landings, ex-vessel value USD (statewide, by month)",2021-09,126515652.0,USD,maine_dmr_landings,OFFICIAL STATISTIC (annual publication of monthly pounds and value),https://www.maine.gov/dmr/sites/maine.gov.dmr/files/inline-files/LobByCntyMoZone.pdf,2026-09-22T20:16:42+00:00,evidence/maine_dmr_landings/pdf.pdf,3bff08eeef50efc9788ffaa1e4198548c6edc5ed6ab0e8fdcacc082738928280,DMR file as of 2/6/2026.
dmr_maine_lobster_landings_value_usd,"Maine DMR: lobster landings, ex-vessel value USD (statewide, by month)",2021-10,128225824.0,USD,maine_dmr_landings,OFFICIAL STATISTIC (annual publication of monthly pounds and value),https://www.maine.gov/dmr/sites/maine.gov.dmr/files/inline-files/LobByCntyMoZone.pdf,2026-09-22T20:16:42+00:00,evidence/maine_dmr_landings/pdf.pdf,3bff08eeef50efc9788ffaa1e4198548c6edc5ed6ab0e8fdcacc082738928280,DMR file as of 2/6/2026.
dmr_maine_lobster_landings_value_usd,"Maine DMR: lobster landings, ex-vessel value USD (statewide, by month)",2021-11,91106790.0,USD,maine_dmr_landings,OFFICIAL STATISTIC (annual publication of monthly pounds and value),https://www.maine.gov/dmr/sites/maine.gov.dmr/files/inline-files/LobByCntyMoZone.pdf,2026-09-22T20:16:42+00:00,evidence/maine_dmr_landings/pdf.pdf,3bff08eeef50efc9788ffaa1e4198548c6edc5ed6ab0e8fdcacc082738928280,DMR file as of 2/6/2026.
dmr_maine_lobster_landings_value_usd,"Maine DMR: lobster landings, ex-vessel value USD (statewide, by month)",2021-12,37301048.0,USD,maine_dmr_landings,OFFICIAL STATISTIC (annual publication of monthly pounds and value),https://www.maine.gov/dmr/sites/maine.gov.dmr/files/inline-files/LobByCntyMoZone.pdf,2026-09-22T20:16:42+00:00,evidence/maine_dmr_landings/pdf.pdf,3bff08eeef50efc9788ffaa1e4198548c6edc5ed6ab0e8fdcacc082738928280,DMR file as of 2/6/2026.
dmr_maine_lobster_landings_value_usd,"Maine DMR: lobster landings, ex-vessel value USD (statewide, by month)",2022-01,7483941.0,USD,maine_dmr_landings,OFFICIAL STATISTIC (annual publication of monthly pounds and value),https://www.maine.gov/dmr/sites/maine.gov.dmr/files/inline-files/LobByCntyMoZone.pdf,2026-09-22T20:16:42+00:00,evidence/maine_dmr_landings/pdf.pdf,3bff08eeef50efc9788ffaa1e4198548c6edc5ed6ab0e8fdcacc082738928280,DMR file as of 2/6/2026.
dmr_maine_lobster_landings_value_usd,"Maine DMR: lobster landings, ex-vessel value USD (statewide, by month)",2022-02,4060248.0,USD,maine_dmr_landings,OFFICIAL STATISTIC (annual publication of monthly pounds and value),https://www.maine.gov/dmr/sites/maine.gov.dmr/files/inline-files/LobByCntyMoZone.pdf,2026-09-22T20:16:42+00:00,evidence/maine_dmr_landings/pdf.pdf,3bff08eeef50efc9788ffaa1e4198548c6edc5ed6ab0e8fdcacc082738928280,DMR file as of 2/6/2026.
dmr_maine_lobster_landings_value_usd,"Maine DMR: lobster landings, ex-vessel value USD (statewide, by month)",2022-03,9741843.0,USD,maine_dmr_landings,OFFICIAL STATISTIC (annual publication of monthly pounds and value),https://www.maine.gov/dmr/sites/maine.gov.dmr/files/inline-files/LobByCntyMoZone.pdf,2026-09-22T20:16:42+00:00,evidence/maine_dmr_landings/pdf.pdf,3bff08eeef50efc9788ffaa1e4198548c6edc5ed6ab0e8fdcacc082738928280,DMR file as of 2/6/2026.
dmr_maine_lobster_landings_value_usd,"Maine DMR: lobster landings, ex-vessel value USD (statewide, by month)",2022-04,9454536.0,USD,maine_dmr_landings,OFFICIAL STATISTIC (annual publication of monthly pounds and value),https://www.maine.gov/dmr/sites/maine.gov.dmr/files/inline-files/LobByCntyMoZone.pdf,2026-09-22T20:16:42+00:00,evidence/maine_dmr_landings/pdf.pdf,3bff08eeef50efc9788ffaa1e4198548c6edc5ed6ab0e8fdcacc082738928280,DMR file as of 2/6/2026.
dmr_maine_lobster_landings_value_usd,"Maine DMR: lobster landings, ex-vessel value USD (statewide, by month)",2022-05,16393761.0,USD,maine_dmr_landings,OFFICIAL STATISTIC (annual publication of monthly pounds and value),https://www.maine.gov/dmr/sites/maine.gov.dmr/files/inline-files/LobByCntyMoZone.pdf,2026-09-22T20:16:42+00:00,evidence/maine_dmr_landings/pdf.pdf,3bff08eeef50efc9788ffaa1e4198548c6edc5ed6ab0e8fdcacc082738928280,DMR file as of 2/6/2026.
dmr_maine_lobster_landings_value_usd,"Maine DMR: lobster landings, ex-vessel value USD (statewide, by month)",2022-06,25579433.0,USD,maine_dmr_landings,OFFICIAL STATISTIC (annual publication of monthly pounds and value),https://www.maine.gov/dmr/sites/maine.gov.dmr/files/inline-files/LobByCntyMoZone.pdf,2026-09-22T20:16:42+00:00,evidence/maine_dmr_landings/pdf.pdf,3bff08eeef50efc9788ffaa1e4198548c6edc5ed6ab0e8fdcacc082738928280,DMR file as of 2/6/2026.
dmr_maine_lobster_landings_value_usd,"Maine DMR: lobster landings, ex-vessel value USD (statewide, by month)",2022-07,69935988.0,USD,maine_dmr_landings,OFFICIAL STATISTIC (annual publication of monthly pounds and value),https://www.maine.gov/dmr/sites/maine.gov.dmr/files/inline-files/LobByCntyMoZone.pdf,2026-09-22T20:16:42+00:00,evidence/maine_dmr_landings/pdf.pdf,3bff08eeef50efc9788ffaa1e4198548c6edc5ed6ab0e8fdcacc082738928280,DMR file as of 2/6/2026.
dmr_maine_lobster_landings_value_usd,"Maine DMR: lobster landings, ex-vessel value USD (statewide, by month)",2022-08,67105670.0,USD,maine_dmr_landings,OFFICIAL STATISTIC (annual publication of monthly pounds and value),https://www.maine.gov/dmr/sites/maine.gov.dmr/files/inline-files/LobByCntyMoZone.pdf,2026-09-22T20:16:42+00:00,evidence/maine_dmr_landings/pdf.pdf,3bff08eeef50efc9788ffaa1e4198548c6edc5ed6ab0e8fdcacc082738928280,DMR file as of 2/6/2026.
dmr_maine_lobster_landings_value_usd,"Maine DMR: lobster landings, ex-vessel value USD (statewide, by month)",2022-09,60258200.0,USD,maine_dmr_landings,OFFICIAL STATISTIC (annual publication of monthly pounds and value),https://www.maine.gov/dmr/sites/maine.gov.dmr/files/inline-files/LobByCntyMoZone.pdf,2026-09-22T20:16:42+00:00,evidence/maine_dmr_landings/pdf.pdf,3bff08eeef50efc9788ffaa1e4198548c6edc5ed6ab0e8fdcacc082738928280,DMR file as of 2/6/2026.
dmr_maine_lobster_landings_value_usd,"Maine DMR: lobster landings, ex-vessel value USD (statewide, by month)",2022-10,60570898.0,USD,maine_dmr_landings,OFFICIAL STATISTIC (annual publication of monthly pounds and value),https://www.maine.gov/dmr/sites/maine.gov.dmr/files/inline-files/LobByCntyMoZone.pdf,2026-09-22T20:16:42+00:00,evidence/maine_dmr_landings/pdf.pdf,3bff08eeef50efc9788ffaa1e4198548c6edc5ed6ab0e8fdcacc082738928280,DMR file as of 2/6/2026.
dmr_maine_lobster_landings_value_usd,"Maine DMR: lobster landings, ex-vessel value USD (statewide, by month)",2022-11,41560561.0,USD,maine_dmr_landings,OFFICIAL STATISTIC (annual publication of monthly pounds and value),https://www.maine.gov/dmr/sites/maine.gov.dmr/files/inline-files/LobByCntyMoZone.pdf,2026-09-22T20:16:42+00:00,evidence/maine_dmr_landings/pdf.pdf,3bff08eeef50efc9788ffaa1e4198548c6edc5ed6ab0e8fdcacc082738928280,DMR file as of 2/6/2026.
dmr_maine_lobster_landings_value_usd,"Maine DMR: lobster landings, ex-vessel value USD (statewide, by month)",2022-12,21132198.0,USD,maine_dmr_landings,OFFICIAL STATISTIC (annual publication of monthly pounds and value),https://www.maine.gov/dmr/sites/maine.gov.dmr/files/inline-files/LobByCntyMoZone.pdf,2026-09-22T20:16:42+00:00,evidence/maine_dmr_landings/pdf.pdf,3bff08eeef50efc9788ffaa1e4198548c6edc5ed6ab0e8fdcacc082738928280,DMR file as of 2/6/2026.
dmr_maine_lobster_landings_value_usd,"Maine DMR: lobster landings, ex-vessel value USD (statewide, by month)",2023-01,10016235.0,USD,maine_dmr_landings,OFFICIAL STATISTIC (annual publication of monthly pounds and value),https://www.maine.gov/dmr/sites/maine.gov.dmr/files/inline-files/LobByCntyMoZone.pdf,2026-09-22T20:16:42+00:00,evidence/maine_dmr_landings/pdf.pdf,3bff08eeef50efc9788ffaa1e4198548c6edc5ed6ab0e8fdcacc082738928280,DMR file as of 2/6/2026.
dmr_maine_lobster_landings_value_usd,"Maine DMR: lobster landings, ex-vessel value USD (statewide, by month)",2023-02,8332196.0,USD,maine_dmr_landings,OFFICIAL STATISTIC (annual publication of monthly pounds and value),https://www.maine.gov/dmr/sites/maine.gov.dmr/files/inline-files/LobByCntyMoZone.pdf,2026-09-22T20:16:42+00:00,evidence/maine_dmr_landings/pdf.pdf,3bff08eeef50efc9788ffaa1e4198548c6edc5ed6ab0e8fdcacc082738928280,DMR file as of 2/6/2026.
dmr_maine_lobster_landings_value_usd,"Maine DMR: lobster landings, ex-vessel value USD (statewide, by month)",2023-03,7327206.0,USD,maine_dmr_landings,OFFICIAL STATISTIC (annual publication of monthly pounds and value),https://www.maine.gov/dmr/sites/maine.gov.dmr/files/inline-files/LobByCntyMoZone.pdf,2026-09-22T20:16:42+00:00,evidence/maine_dmr_landings/pdf.pdf,3bff08eeef50efc9788ffaa1e4198548c6edc5ed6ab0e8fdcacc082738928280,DMR file as of 2/6/2026.
dmr_maine_lobster_landings_value_usd,"Maine DMR: lobster landings, ex-vessel value USD (statewide, by month)",2023-04,12811400.0,USD,maine_dmr_landings,OFFICIAL STATISTIC (annual publication of monthly pounds and value),https://www.maine.gov/dmr/sites/maine.gov.dmr/files/inline-files/LobByCntyMoZone.pdf,2026-09-22T20:16:42+00:00,evidence/maine_dmr_landings/pdf.pdf,3bff08eeef50efc9788ffaa1e4198548c6edc5ed6ab0e8fdcacc082738928280,DMR file as of 2/6/2026.
dmr_maine_lobster_landings_value_usd,"Maine DMR: lobster landings, ex-vessel value USD (statewide, by month)",2023-05,14491063.0,USD,maine_dmr_landings,OFFICIAL STATISTIC (annual publication of monthly pounds and value),https://www.maine.gov/dmr/sites/maine.gov.dmr/files/inline-files/LobByCntyMoZone.pdf,2026-09-22T20:16:42+00:00,evidence/maine_dmr_landings/pdf.pdf,3bff08eeef50efc9788ffaa1e4198548c6edc5ed6ab0e8fdcacc082738928280,DMR file as of 2/6/2026.
dmr_maine_lobster_landings_value_usd,"Maine DMR: lobster landings, ex-vessel value USD (statewide, by month)",2023-06,26180907.0,USD,maine_dmr_landings,OFFICIAL STATISTIC (annual publication of monthly pounds and value),https://www.maine.gov/dmr/sites/maine.gov.dmr/files/inline-files/LobByCntyMoZone.pdf,2026-09-22T20:16:42+00:00,evidence/maine_dmr_landings/pdf.pdf,3bff08eeef50efc9788ffaa1e4198548c6edc5ed6ab0e8fdcacc082738928280,DMR file as of 2/6/2026.
dmr_maine_lobster_landings_value_usd,"Maine DMR: lobster landings, ex-vessel value USD (statewide, by month)",2023-07,81552042.0,USD,maine_dmr_landings,OFFICIAL STATISTIC (annual publication of monthly pounds and value),https://www.maine.gov/dmr/sites/maine.gov.dmr/files/inline-files/LobByCntyMoZone.pdf,2026-09-22T20:16:42+00:00,evidence/maine_dmr_landings/pdf.pdf,3bff08eeef50efc9788ffaa1e4198548c6edc5ed6ab0e8fdcacc082738928280,DMR file as of 2/6/2026.
dmr_maine_lobster_landings_value_usd,"Maine DMR: lobster landings, ex-vessel value USD (statewide, by month)",2023-08,87525932.0,USD,maine_dmr_landings,OFFICIAL STATISTIC (annual publication of monthly pounds and value),https://www.maine.gov/dmr/sites/maine.gov.dmr/files/inline-files/LobByCntyMoZone.pdf,2026-09-22T20:16:42+00:00,evidence/maine_dmr_landings/pdf.pdf,3bff08eeef50efc9788ffaa1e4198548c6edc5ed6ab0e8fdcacc082738928280,DMR file as of 2/6/2026.
dmr_maine_lobster_landings_value_usd,"Maine DMR: lobster landings, ex-vessel value USD (statewide, by month)",2023-09,76029650.0,USD,maine_dmr_landings,OFFICIAL STATISTIC (annual publication of monthly pounds and value),https://www.maine.gov/dmr/sites/maine.gov.dmr/files/inline-files/LobByCntyMoZone.pdf,2026-09-22T20:16:42+00:00,evidence/maine_dmr_landings/pdf.pdf,3bff08eeef50efc9788ffaa1e4198548c6edc5ed6ab0e8fdcacc082738928280,DMR file as of 2/6/2026.
dmr_maine_lobster_landings_value_usd,"Maine DMR: lobster landings, ex-vessel value USD (statewide, by month)",2023-10,73773296.0,USD,maine_dmr_landings,OFFICIAL STATISTIC (annual publication of monthly pounds and value),https://www.maine.gov/dmr/sites/maine.gov.dmr/files/inline-files/LobByCntyMoZone.pdf,2026-09-22T20:16:42+00:00,evidence/maine_dmr_landings/pdf.pdf,3bff08eeef50efc9788ffaa1e4198548c6edc5ed6ab0e8fdcacc082738928280,DMR file as of 2/6/2026.
dmr_maine_lobster_landings_value_usd,"Maine DMR: lobster landings, ex-vessel value USD (statewide, by month)",2023-11,47678379.0,USD,maine_dmr_landings,OFFICIAL STATISTIC (annual publication of monthly pounds and value),https://www.maine.gov/dmr/sites/maine.gov.dmr/files/inline-files/LobByCntyMoZone.pdf,2026-09-22T20:16:42+00:00,evidence/maine_dmr_landings/pdf.pdf,3bff08eeef50efc9788ffaa1e4198548c6edc5ed6ab0e8fdcacc082738928280,DMR file as of 2/6/2026.
dmr_maine_lobster_landings_value_usd,"Maine DMR: lobster landings, ex-vessel value USD (statewide, by month)",2023-12,36343578.0,USD,maine_dmr_landings,OFFICIAL STATISTIC (annual publication of monthly pounds and value),https://www.maine.gov/dmr/sites/maine.gov.dmr/files/inline-files/LobByCntyMoZone.pdf,2026-09-22T20:16:42+00:00,evidence/maine_dmr_landings/pdf.pdf,3bff08eeef50efc9788ffaa1e4198548c6edc5ed6ab0e8fdcacc082738928280,DMR file as of 2/6/2026.
dmr_maine_lobster_landings_value_usd,"Maine DMR: lobster landings, ex-vessel value USD (statewide, by month)",2024-01,17818981.0,USD,maine_dmr_landings,OFFICIAL STATISTIC (annual publication of monthly pounds and value),https://www.maine.gov/dmr/sites/maine.gov.dmr/files/inline-files/LobByCntyMoZone.pdf,2026-09-22T20:16:42+00:00,evidence/maine_dmr_landings/pdf.pdf,3bff08eeef50efc9788ffaa1e4198548c6edc5ed6ab0e8fdcacc082738928280,DMR file as of 2/6/2026.
dmr_maine_lobster_landings_value_usd,"Maine DMR: lobster landings, ex-vessel value USD (statewide, by month)",2024-02,11681870.0,USD,maine_dmr_landings,OFFICIAL STATISTIC (annual publication of monthly pounds and value),https://www.maine.gov/dmr/sites/maine.gov.dmr/files/inline-files/LobByCntyMoZone.pdf,2026-09-22T20:16:42+00:00,evidence/maine_dmr_landings/pdf.pdf,3bff08eeef50efc9788ffaa1e4198548c6edc5ed6ab0e8fdcacc082738928280,DMR file as of 2/6/2026.
dmr_maine_lobster_landings_value_usd,"Maine DMR: lobster landings, ex-vessel value USD (statewide, by month)",2024-03,13538490.0,USD,maine_dmr_landings,OFFICIAL STATISTIC (annual publication of monthly pounds and value),https://www.maine.gov/dmr/sites/maine.gov.dmr/files/inline-files/LobByCntyMoZone.pdf,2026-09-22T20:16:42+00:00,evidence/maine_dmr_landings/pdf.pdf,3bff08eeef50efc9788ffaa1e4198548c6edc5ed6ab0e8fdcacc082738928280,DMR file as of 2/6/2026.
dmr_maine_lobster_landings_value_usd,"Maine DMR: lobster landings, ex-vessel value USD (statewide, by month)",2024-04,10846700.0,USD,maine_dmr_landings,OFFICIAL STATISTIC (annual publication of monthly pounds and value),https://www.maine.gov/dmr/sites/maine.gov.dmr/files/inline-files/LobByCntyMoZone.pdf,2026-09-22T20:16:42+00:00,evidence/maine_dmr_landings/pdf.pdf,3bff08eeef50efc9788ffaa1e4198548c6edc5ed6ab0e8fdcacc082738928280,DMR file as of 2/6/2026.
dmr_maine_lobster_landings_value_usd,"Maine DMR: lobster landings, ex-vessel value USD (statewide, by month)",2024-05,14966932.0,USD,maine_dmr_landings,OFFICIAL STATISTIC (annual publication of monthly pounds and value),https://www.maine.gov/dmr/sites/maine.gov.dmr/files/inline-files/LobByCntyMoZone.pdf,2026-09-22T20:16:42+00:00,evidence/maine_dmr_landings/pdf.pdf,3bff08eeef50efc9788ffaa1e4198548c6edc5ed6ab0e8fdcacc082738928280,DMR file as of 2/6/2026.
dmr_maine_lobster_landings_value_usd,"Maine DMR: lobster landings, ex-vessel value USD (statewide, by month)",2024-06,17525034.0,USD,maine_dmr_landings,OFFICIAL STATISTIC (annual publication of monthly pounds and value),https://www.maine.gov/dmr/sites/maine.gov.dmr/files/inline-files/LobByCntyMoZone.pdf,2026-09-22T20:16:42+00:00,evidence/maine_dmr_landings/pdf.pdf,3bff08eeef50efc9788ffaa1e4198548c6edc5ed6ab0e8fdcacc082738928280,DMR file as of 2/6/2026.
dmr_maine_lobster_landings_value_usd,"Maine DMR: lobster landings, ex-vessel value USD (statewide, by month)",2024-07,62037406.0,USD,maine_dmr_landings,OFFICIAL STATISTIC (annual publication of monthly pounds and value),https://www.maine.gov/dmr/sites/maine.gov.dmr/files/inline-files/LobByCntyMoZone.pdf,2026-09-22T20:16:42+00:00,evidence/maine_dmr_landings/pdf.pdf,3bff08eeef50efc9788ffaa1e4198548c6edc5ed6ab0e8fdcacc082738928280,DMR file as of 2/6/2026.
dmr_maine_lobster_landings_value_usd,"Maine DMR: lobster landings, ex-vessel value USD (statewide, by month)",2024-08,93598953.0,USD,maine_dmr_landings,OFFICIAL STATISTIC (annual publication of monthly pounds and value),https://www.maine.gov/dmr/sites/maine.gov.dmr/files/inline-files/LobByCntyMoZone.pdf,2026-09-22T20:16:42+00:00,evidence/maine_dmr_landings/pdf.pdf,3bff08eeef50efc9788ffaa1e4198548c6edc5ed6ab0e8fdcacc082738928280,DMR file as of 2/6/2026.
dmr_maine_lobster_landings_value_usd,"Maine DMR: lobster landings, ex-vessel value USD (statewide, by month)",2024-09,88811457.0,USD,maine_dmr_landings,OFFICIAL STATISTIC (annual publication of monthly pounds and value),https://www.maine.gov/dmr/sites/maine.gov.dmr/files/inline-files/LobByCntyMoZone.pdf,2026-09-22T20:16:42+00:00,evidence/maine_dmr_landings/pdf.pdf,3bff08eeef50efc9788ffaa1e4198548c6edc5ed6ab0e8fdcacc082738928280,DMR file as of 2/6/2026.
dmr_maine_lobster_landings_value_usd,"Maine DMR: lobster landings, ex-vessel value USD (statewide, by month)",2024-10,100236630.0,USD,maine_dmr_landings,OFFICIAL STATISTIC (annual publication of monthly pounds and value),https://www.maine.gov/dmr/sites/maine.gov.dmr/files/inline-files/LobByCntyMoZone.pdf,2026-09-22T20:16:42+00:00,evidence/maine_dmr_landings/pdf.pdf,3bff08eeef50efc9788ffaa1e4198548c6edc5ed6ab0e8fdcacc082738928280,DMR file as of 2/6/2026.
dmr_maine_lobster_landings_value_usd,"Maine DMR: lobster landings, ex-vessel value USD (statewide, by month)",2024-11,63361765.0,USD,maine_dmr_landings,OFFICIAL STATISTIC (annual publication of monthly pounds and value),https://www.maine.gov/dmr/sites/maine.gov.dmr/files/inline-files/LobByCntyMoZone.pdf,2026-09-22T20:16:42+00:00,evidence/maine_dmr_landings/pdf.pdf,3bff08eeef50efc9788ffaa1e4198548c6edc5ed6ab0e8fdcacc082738928280,DMR file as of 2/6/2026.
dmr_maine_lobster_landings_value_usd,"Maine DMR: lobster landings, ex-vessel value USD (statewide, by month)",2024-12,42042484.0,USD,maine_dmr_landings,OFFICIAL STATISTIC (annual publication of monthly pounds and value),https://www.maine.gov/dmr/sites/maine.gov.dmr/files/inline-files/LobByCntyMoZone.pdf,2026-09-22T20:16:42+00:00,evidence/maine_dmr_landings/pdf.pdf,3bff08eeef50efc9788ffaa1e4198548c6edc5ed6ab0e8fdcacc082738928280,DMR file as of 2/6/2026.
dmr_maine_lobster_landings_value_usd,"Maine DMR: lobster landings, ex-vessel value USD (statewide, by month)",2025-01,15959056.0,USD,maine_dmr_landings,OFFICIAL STATISTIC (annual publication of monthly pounds and value),https://www.maine.gov/dmr/sites/maine.gov.dmr/files/inline-files/LobByCntyMoZone.pdf,2026-09-22T20:16:42+00:00,evidence/maine_dmr_landings/pdf.pdf,3bff08eeef50efc9788ffaa1e4198548c6edc5ed6ab0e8fdcacc082738928280,DMR file as of 2/6/2026. Preliminary.
dmr_maine_lobster_landings_value_usd,"Maine DMR: lobster landings, ex-vessel value USD (statewide, by month)",2025-02,9201592.0,USD,maine_dmr_landings,OFFICIAL STATISTIC (annual publication of monthly pounds and value),https://www.maine.gov/dmr/sites/maine.gov.dmr/files/inline-files/LobByCntyMoZone.pdf,2026-09-22T20:16:42+00:00,evidence/maine_dmr_landings/pdf.pdf,3bff08eeef50efc9788ffaa1e4198548c6edc5ed6ab0e8fdcacc082738928280,DMR file as of 2/6/2026. Preliminary.
dmr_maine_lobster_landings_value_usd,"Maine DMR: lobster landings, ex-vessel value USD (statewide, by month)",2025-03,9454793.0,USD,maine_dmr_landings,OFFICIAL STATISTIC (annual publication of monthly pounds and value),https://www.maine.gov/dmr/sites/maine.gov.dmr/files/inline-files/LobByCntyMoZone.pdf,2026-09-22T20:16:42+00:00,evidence/maine_dmr_landings/pdf.pdf,3bff08eeef50efc9788ffaa1e4198548c6edc5ed6ab0e8fdcacc082738928280,DMR file as of 2/6/2026. Preliminary.
dmr_maine_lobster_landings_value_usd,"Maine DMR: lobster landings, ex-vessel value USD (statewide, by month)",2025-04,9791842.0,USD,maine_dmr_landings,OFFICIAL STATISTIC (annual publication of monthly pounds and value),https://www.maine.gov/dmr/sites/maine.gov.dmr/files/inline-files/LobByCntyMoZone.pdf,2026-09-22T20:16:42+00:00,evidence/maine_dmr_landings/pdf.pdf,3bff08eeef50efc9788ffaa1e4198548c6edc5ed6ab0e8fdcacc082738928280,DMR file as of 2/6/2026. Preliminary.
dmr_maine_lobster_landings_value_usd,"Maine DMR: lobster landings, ex-vessel value USD (statewide, by month)",2025-05,12142512.0,USD,maine_dmr_landings,OFFICIAL STATISTIC (annual publication of monthly pounds and value),https://www.maine.gov/dmr/sites/maine.gov.dmr/files/inline-files/LobByCntyMoZone.pdf,2026-09-22T20:16:42+00:00,evidence/maine_dmr_landings/pdf.pdf,3bff08eeef50efc9788ffaa1e4198548c6edc5ed6ab0e8fdcacc082738928280,DMR file as of 2/6/2026. Preliminary.
dmr_maine_lobster_landings_value_usd,"Maine DMR: lobster landings, ex-vessel value USD (statewide, by month)",2025-06,18089000.0,USD,maine_dmr_landings,OFFICIAL STATISTIC (annual publication of monthly pounds and value),https://www.maine.gov/dmr/sites/maine.gov.dmr/files/inline-files/LobByCntyMoZone.pdf,2026-09-22T20:16:42+00:00,evidence/maine_dmr_landings/pdf.pdf,3bff08eeef50efc9788ffaa1e4198548c6edc5ed6ab0e8fdcacc082738928280,DMR file as of 2/6/2026. Preliminary.
dmr_maine_lobster_landings_value_usd,"Maine DMR: lobster landings, ex-vessel value USD (statewide, by month)",2025-07,51513063.0,USD,maine_dmr_landings,OFFICIAL STATISTIC (annual publication of monthly pounds and value),https://www.maine.gov/dmr/sites/maine.gov.dmr/files/inline-files/LobByCntyMoZone.pdf,2026-09-22T20:16:42+00:00,evidence/maine_dmr_landings/pdf.pdf,3bff08eeef50efc9788ffaa1e4198548c6edc5ed6ab0e8fdcacc082738928280,DMR file as of 2/6/2026. Preliminary.
dmr_maine_lobster_landings_value_usd,"Maine DMR: lobster landings, ex-vessel value USD (statewide, by month)",2025-08,84291327.0,USD,maine_dmr_landings,OFFICIAL STATISTIC (annual publication of monthly pounds and value),https://www.maine.gov/dmr/sites/maine.gov.dmr/files/inline-files/LobByCntyMoZone.pdf,2026-09-22T20:16:42+00:00,evidence/maine_dmr_landings/pdf.pdf,3bff08eeef50efc9788ffaa1e4198548c6edc5ed6ab0e8fdcacc082738928280,DMR file as of 2/6/2026. Preliminary.
dmr_maine_lobster_landings_value_usd,"Maine DMR: lobster landings, ex-vessel value USD (statewide, by month)",2025-09,86500254.0,USD,maine_dmr_landings,OFFICIAL STATISTIC (annual publication of monthly pounds and value),https://www.maine.gov/dmr/sites/maine.gov.dmr/files/inline-files/LobByCntyMoZone.pdf,2026-09-22T20:16:42+00:00,evidence/maine_dmr_landings/pdf.pdf,3bff08eeef50efc9788ffaa1e4198548c6edc5ed6ab0e8fdcacc082738928280,DMR file as of 2/6/2026. Preliminary.
dmr_maine_lobster_landings_value_usd,"Maine DMR: lobster landings, ex-vessel value USD (statewide, by month)",2025-10,85930219.0,USD,maine_dmr_landings,OFFICIAL STATISTIC (annual publication of monthly pounds and value),https://www.maine.gov/dmr/sites/maine.gov.dmr/files/inline-files/LobByCntyMoZone.pdf,2026-09-22T20:16:42+00:00,evidence/maine_dmr_landings/pdf.pdf,3bff08eeef50efc9788ffaa1e4198548c6edc5ed6ab0e8fdcacc082738928280,DMR file as of 2/6/2026. Preliminary.
dmr_maine_lobster_landings_value_usd,"Maine DMR: lobster landings, ex-vessel value USD (statewide, by month)",2025-11,54308315.0,USD,maine_dmr_landings,OFFICIAL STATISTIC (annual publication of monthly pounds and value),https://www.maine.gov/dmr/sites/maine.gov.dmr/files/inline-files/LobByCntyMoZone.pdf,2026-09-22T20:16:42+00:00,evidence/maine_dmr_landings/pdf.pdf,3bff08eeef50efc9788ffaa1e4198548c6edc5ed6ab0e8fdcacc082738928280,DMR file as of 2/6/2026. Preliminary.
dmr_maine_lobster_landings_value_usd,"Maine DMR: lobster landings, ex-vessel value USD (statewide, by month)",2025-12,24202432.0,USD,maine_dmr_landings,OFFICIAL STATISTIC (annual publication of monthly pounds and value),https://www.maine.gov/dmr/sites/maine.gov.dmr/files/inline-files/LobByCntyMoZone.pdf,2026-09-22T20:16:42+00:00,evidence/maine_dmr_landings/pdf.pdf,3bff08eeef50efc9788ffaa1e4198548c6edc5ed6ab0e8fdcacc082738928280,DMR file as of 2/6/2026. Preliminary.
ers_fpo|All food|20-year historical average,USDA ERS Food Price Outlook: All food — 20-year historical average,,3.0,Percent change,usda_ers_fpo,FOOD-COST INDICATOR (official forecast table),https://www.ers.usda.gov/media/6460/changes-in-consumer-price-indexes-2024-through-2027.csv?v=79349,2026-09-22T20:17:11+00:00,evidence/usda_ers_fpo/cpi_csv.csv,d3454be871109792d9f6ffe7d766e338a4f264c6febe8ab725b1c554e3a77985,attribute text verbatim
ers_fpo|All food|Annual 2024,USDA ERS Food Price Outlook: All food — Annual 2024,,2.3,Percent change,usda_ers_fpo,FOOD-COST INDICATOR (official forecast table),https://www.ers.usda.gov/media/6460/changes-in-consumer-price-indexes-2024-through-2027.csv?v=79349,2026-09-22T20:17:11+00:00,evidence/usda_ers_fpo/cpi_csv.csv,d3454be871109792d9f6ffe7d766e338a4f264c6febe8ab725b1c554e3a77985,attribute text verbatim
ers_fpo|All food|Annual 2025,USDA ERS Food Price Outlook: All food — Annual 2025,,2.9,Percent change,usda_ers_fpo,FOOD-COST INDICATOR (official forecast table),https://www.ers.usda.gov/media/6460/changes-in-consumer-price-indexes-2024-through-2027.csv?v=79349,2026-09-22T20:17:11+00:00,evidence/usda_ers_fpo/cpi_csv.csv,d3454be871109792d9f6ffe7d766e338a4f264c6febe8ab725b1c554e3a77985,attribute text verbatim
ers_fpo|All food|Lower bound of forecast interval 2026,USDA ERS Food Price Outlook: All food — Lower bound of forecast interval 2026,,2.4,Percent change,usda_ers_fpo,FOOD-COST INDICATOR (official forecast table),https://www.ers.usda.gov/media/6460/changes-in-consumer-price-indexes-2024-through-2027.csv?v=79349,2026-09-22T20:17:11+00:00,evidence/usda_ers_fpo/cpi_csv.csv,d3454be871109792d9f6ffe7d766e338a4f264c6febe8ab725b1c554e3a77985,attribute text verbatim
ers_fpo|All food|Lower bound of forecast interval 2027,USDA ERS Food Price Outlook: All food — Lower bound of forecast interval 2027,,-3.0,Percent change,usda_ers_fpo,FOOD-COST INDICATOR (official forecast table),https://www.ers.usda.gov/media/6460/changes-in-consumer-price-indexes-2024-through-2027.csv?v=79349,2026-09-22T20:17:11+00:00,evidence/usda_ers_fpo/cpi_csv.csv,d3454be871109792d9f6ffe7d766e338a4f264c6febe8ab725b1c554e3a77985,attribute text verbatim
ers_fpo|All food|Mid point of forecast interval 2026,USDA ERS Food Price Outlook: All food — Mid point of forecast interval 2026,,3.0,Percent change,usda_ers_fpo,FOOD-COST INDICATOR (official forecast table),https://www.ers.usda.gov/media/6460/changes-in-consumer-price-indexes-2024-through-2027.csv?v=79349,2026-09-22T20:17:11+00:00,evidence/usda_ers_fpo/cpi_csv.csv,d3454be871109792d9f6ffe7d766e338a4f264c6febe8ab725b1c554e3a77985,attribute text verbatim
ers_fpo|All food|Mid point of forecast interval 2027,USDA ERS Food Price Outlook: All food — Mid point of forecast interval 2027,,2.4,Percent change,usda_ers_fpo,FOOD-COST INDICATOR (official forecast table),https://www.ers.usda.gov/media/6460/changes-in-consumer-price-indexes-2024-through-2027.csv?v=79349,2026-09-22T20:17:11+00:00,evidence/usda_ers_fpo/cpi_csv.csv,d3454be871109792d9f6ffe7d766e338a4f264c6febe8ab725b1c554e3a77985,attribute text verbatim
ers_fpo|All food|Month-to-month June 2026 to July 2026,USDA ERS Food Price Outlook: All food — Month-to-month June 2026 to July 2026,,0.1,Percent change,usda_ers_fpo,FOOD-COST INDICATOR (official forecast table),https://www.ers.usda.gov/media/6460/changes-in-consumer-price-indexes-2024-through-2027.csv?v=79349,2026-09-22T20:17:11+00:00,evidence/usda_ers_fpo/cpi_csv.csv,d3454be871109792d9f6ffe7d766e338a4f264c6febe8ab725b1c554e3a77985,attribute text verbatim
ers_fpo|All food|Relative importance,USDA ERS Food Price Outlook: All food — Relative importance,,100.0,Percent,usda_ers_fpo,FOOD-COST INDICATOR (official forecast table),https://www.ers.usda.gov/media/6460/changes-in-consumer-price-indexes-2024-through-2027.csv?v=79349,2026-09-22T20:17:11+00:00,evidence/usda_ers_fpo/cpi_csv.csv,d3454be871109792d9f6ffe7d766e338a4f264c6febe8ab725b1c554e3a77985,attribute text verbatim
ers_fpo|All food|Upper bound of forecast interval 2026,USDA ERS Food Price Outlook: All food — Upper bound of forecast interval 2026,,3.5,Percent change,usda_ers_fpo,FOOD-COST INDICATOR (official forecast table),https://www.ers.usda.gov/media/6460/changes-in-consumer-price-indexes-2024-through-2027.csv?v=79349,2026-09-22T20:17:11+00:00,evidence/usda_ers_fpo/cpi_csv.csv,d3454be871109792d9f6ffe7d766e338a4f264c6febe8ab725b1c554e3a77985,attribute text verbatim
ers_fpo|All food|Upper bound of forecast interval 2027,USDA ERS Food Price Outlook: All food — Upper bound of forecast interval 2027,,8.1,Percent change,usda_ers_fpo,FOOD-COST INDICATOR (official forecast table),https://www.ers.usda.gov/media/6460/changes-in-consumer-price-indexes-2024-through-2027.csv?v=79349,2026-09-22T20:17:11+00:00,evidence/usda_ers_fpo/cpi_csv.csv,d3454be871109792d9f6ffe7d766e338a4f264c6febe8ab725b1c554e3a77985,attribute text verbatim
ers_fpo|All food|Year-over-year July 2025 to July 2026,USDA ERS Food Price Outlook: All food — Year-over-year July 2025 to July 2026,,3.0,Percent change,usda_ers_fpo,FOOD-COST INDICATOR (official forecast table),https://www.ers.usda.gov/media/6460/changes-in-consumer-price-indexes-2024-through-2027.csv?v=79349,2026-09-22T20:17:11+00:00,evidence/usda_ers_fpo/cpi_csv.csv,d3454be871109792d9f6ffe7d766e338a4f264c6febe8ab725b1c554e3a77985,attribute text verbatim
ers_fpo|All food|Year-to-date avg. 2026 to avg. 2025,USDA ERS Food Price Outlook: All food — Year-to-date avg. 2026 to avg. 2025,,2.4,Percent change,usda_ers_fpo,FOOD-COST INDICATOR (official forecast table),https://www.ers.usda.gov/media/6460/changes-in-consumer-price-indexes-2024-through-2027.csv?v=79349,2026-09-22T20:17:11+00:00,evidence/usda_ers_fpo/cpi_csv.csv,d3454be871109792d9f6ffe7d766e338a4f264c6febe8ab725b1c554e3a77985,attribute text verbatim
ers_fpo|Fish and seafood|20-year historical average,USDA ERS Food Price Outlook: Fish and seafood — 20-year historical average,,3.0,Percent change,usda_ers_fpo,FOOD-COST INDICATOR (official forecast table),https://www.ers.usda.gov/media/6460/changes-in-consumer-price-indexes-2024-through-2027.csv?v=79349,2026-09-22T20:17:11+00:00,evidence/usda_ers_fpo/cpi_csv.csv,d3454be871109792d9f6ffe7d766e338a4f264c6febe8ab725b1c554e3a77985,attribute text verbatim
ers_fpo|Fish and seafood|Annual 2024,USDA ERS Food Price Outlook: Fish and seafood — Annual 2024,,-1.9,Percent change,usda_ers_fpo,FOOD-COST INDICATOR (official forecast table),https://www.ers.usda.gov/media/6460/changes-in-consumer-price-indexes-2024-through-2027.csv?v=79349,2026-09-22T20:17:11+00:00,evidence/usda_ers_fpo/cpi_csv.csv,d3454be871109792d9f6ffe7d766e338a4f264c6febe8ab725b1c554e3a77985,attribute text verbatim
ers_fpo|Fish and seafood|Annual 2025,USDA ERS Food Price Outlook: Fish and seafood — Annual 2025,,2.0,Percent change,usda_ers_fpo,FOOD-COST INDICATOR (official forecast table),https://www.ers.usda.gov/media/6460/changes-in-consumer-price-indexes-2024-through-2027.csv?v=79349,2026-09-22T20:17:11+00:00,evidence/usda_ers_fpo/cpi_csv.csv,d3454be871109792d9f6ffe7d766e338a4f264c6febe8ab725b1c554e3a77985,attribute text verbatim
ers_fpo|Fish and seafood|Lower bound of forecast interval 2026,USDA ERS Food Price Outlook: Fish and seafood — Lower bound of forecast interval 2026,,4.7,Percent change,usda_ers_fpo,FOOD-COST INDICATOR (official forecast table),https://www.ers.usda.gov/media/6460/changes-in-consumer-price-indexes-2024-through-2027.csv?v=79349,2026-09-22T20:17:11+00:00,evidence/usda_ers_fpo/cpi_csv.csv,d3454be871109792d9f6ffe7d766e338a4f264c6febe8ab725b1c554e3a77985,attribute text verbatim
ers_fpo|Fish and seafood|Lower bound of forecast interval 2027,USDA ERS Food Price Outlook: Fish and seafood — Lower bound of forecast interval 2027,,-4.2,Percent change,usda_ers_fpo,FOOD-COST INDICATOR (official forecast table),https://www.ers.usda.gov/media/6460/changes-in-consumer-price-indexes-2024-through-2027.csv?v=79349,2026-09-22T20:17:11+00:00,evidence/usda_ers_fpo/cpi_csv.csv,d3454be871109792d9f6ffe7d766e338a4f264c6febe8ab725b1c554e3a77985,attribute text verbatim
ers_fpo|Fish and seafood|Mid point of forecast interval 2026,USDA ERS Food Price Outlook: Fish and seafood — Mid point of forecast interval 2026,,5.9,Percent change,usda_ers_fpo,FOOD-COST INDICATOR (official forecast table),https://www.ers.usda.gov/media/6460/changes-in-consumer-price-indexes-2024-through-2027.csv?v=79349,2026-09-22T20:17:11+00:00,evidence/usda_ers_fpo/cpi_csv.csv,d3454be871109792d9f6ffe7d766e338a4f264c6febe8ab725b1c554e3a77985,attribute text verbatim
ers_fpo|Fish and seafood|Mid point of forecast interval 2027,USDA ERS Food Price Outlook: Fish and seafood — Mid point of forecast interval 2027,,1.2,Percent change,usda_ers_fpo,FOOD-COST INDICATOR (official forecast table),https://www.ers.usda.gov/media/6460/changes-in-consumer-price-indexes-2024-through-2027.csv?v=79349,2026-09-22T20:17:11+00:00,evidence/usda_ers_fpo/cpi_csv.csv,d3454be871109792d9f6ffe7d766e338a4f264c6febe8ab725b1c554e3a77985,attribute text verbatim
ers_fpo|Fish and seafood|Month-to-month June 2026 to July 2026,USDA ERS Food Price Outlook: Fish and seafood — Month-to-month June 2026 to July 2026,,0.4,Percent change,usda_ers_fpo,FOOD-COST INDICATOR (official forecast table),https://www.ers.usda.gov/media/6460/changes-in-consumer-price-indexes-2024-through-2027.csv?v=79349,2026-09-22T20:17:11+00:00,evidence/usda_ers_fpo/cpi_csv.csv,d3454be871109792d9f6ffe7d766e338a4f264c6febe8ab725b1c554e3a77985,attribute text verbatim
ers_fpo|Fish and seafood|Relative importance,USDA ERS Food Price Outlook: Fish and seafood — Relative importance,,2.3,Percent,usda_ers_fpo,FOOD-COST INDICATOR (official forecast table),https://www.ers.usda.gov/media/6460/changes-in-consumer-price-indexes-2024-through-2027.csv?v=79349,2026-09-22T20:17:11+00:00,evidence/usda_ers_fpo/cpi_csv.csv,d3454be871109792d9f6ffe7d766e338a4f264c6febe8ab725b1c554e3a77985,attribute text verbatim
ers_fpo|Fish and seafood|Upper bound of forecast interval 2026,USDA ERS Food Price Outlook: Fish and seafood — Upper bound of forecast interval 2026,,7.1,Percent change,usda_ers_fpo,FOOD-COST INDICATOR (official forecast table),https://www.ers.usda.gov/media/6460/changes-in-consumer-price-indexes-2024-through-2027.csv?v=79349,2026-09-22T20:17:11+00:00,evidence/usda_ers_fpo/cpi_csv.csv,d3454be871109792d9f6ffe7d766e338a4f264c6febe8ab725b1c554e3a77985,attribute text verbatim
ers_fpo|Fish and seafood|Upper bound of forecast interval 2027,USDA ERS Food Price Outlook: Fish and seafood — Upper bound of forecast interval 2027,,7.0,Percent change,usda_ers_fpo,FOOD-COST INDICATOR (official forecast table),https://www.ers.usda.gov/media/6460/changes-in-consumer-price-indexes-2024-through-2027.csv?v=79349,2026-09-22T20:17:11+00:00,evidence/usda_ers_fpo/cpi_csv.csv,d3454be871109792d9f6ffe7d766e338a4f264c6febe8ab725b1c554e3a77985,attribute text verbatim
ers_fpo|Fish and seafood|Year-over-year July 2025 to July 2026,USDA ERS Food Price Outlook: Fish and seafood — Year-over-year July 2025 to July 2026,,7.0,Percent change,usda_ers_fpo,FOOD-COST INDICATOR (official forecast table),https://www.ers.usda.gov/media/6460/changes-in-consumer-price-indexes-2024-through-2027.csv?v=79349,2026-09-22T20:17:11+00:00,evidence/usda_ers_fpo/cpi_csv.csv,d3454be871109792d9f6ffe7d766e338a4f264c6febe8ab725b1c554e3a77985,attribute text verbatim
ers_fpo|Fish and seafood|Year-to-date avg. 2026 to avg. 2025,USDA ERS Food Price Outlook: Fish and seafood — Year-to-date avg. 2026 to avg. 2025,,5.1,Percent change,usda_ers_fpo,FOOD-COST INDICATOR (official forecast table),https://www.ers.usda.gov/media/6460/changes-in-consumer-price-indexes-2024-through-2027.csv?v=79349,2026-09-22T20:17:11+00:00,evidence/usda_ers_fpo/cpi_csv.csv,d3454be871109792d9f6ffe7d766e338a4f264c6febe8ab725b1c554e3a77985,attribute text verbatim
ers_fpo|Food at home|20-year historical average,USDA ERS Food Price Outlook: Food at home — 20-year historical average,,2.6,Percent change,usda_ers_fpo,FOOD-COST INDICATOR (official forecast table),https://www.ers.usda.gov/media/6460/changes-in-consumer-price-indexes-2024-through-2027.csv?v=79349,2026-09-22T20:17:11+00:00,evidence/usda_ers_fpo/cpi_csv.csv,d3454be871109792d9f6ffe7d766e338a4f264c6febe8ab725b1c554e3a77985,attribute text verbatim
ers_fpo|Food at home|Annual 2024,USDA ERS Food Price Outlook: Food at home — Annual 2024,,1.2,Percent change,usda_ers_fpo,FOOD-COST INDICATOR (official forecast table),https://www.ers.usda.gov/media/6460/changes-in-consumer-price-indexes-2024-through-2027.csv?v=79349,2026-09-22T20:17:11+00:00,evidence/usda_ers_fpo/cpi_csv.csv,d3454be871109792d9f6ffe7d766e338a4f264c6febe8ab725b1c554e3a77985,attribute text verbatim
ers_fpo|Food at home|Annual 2025,USDA ERS Food Price Outlook: Food at home — Annual 2025,,2.3,Percent change,usda_ers_fpo,FOOD-COST INDICATOR (official forecast table),https://www.ers.usda.gov/media/6460/changes-in-consumer-price-indexes-2024-through-2027.csv?v=79349,2026-09-22T20:17:11+00:00,evidence/usda_ers_fpo/cpi_csv.csv,d3454be871109792d9f6ffe7d766e338a4f264c6febe8ab725b1c554e3a77985,attribute text verbatim
ers_fpo|Food at home|Lower bound of forecast interval 2026,USDA ERS Food Price Outlook: Food at home — Lower bound of forecast interval 2026,,1.7,Percent change,usda_ers_fpo,FOOD-COST INDICATOR (official forecast table),https://www.ers.usda.gov/media/6460/changes-in-consumer-price-indexes-2024-through-2027.csv?v=79349,2026-09-22T20:17:11+00:00,evidence/usda_ers_fpo/cpi_csv.csv,d3454be871109792d9f6ffe7d766e338a4f264c6febe8ab725b1c554e3a77985,attribute text verbatim
ers_fpo|Food at home|Lower bound of forecast interval 2027,USDA ERS Food Price Outlook: Food at home — Lower bound of forecast interval 2027,,-5.7,Percent change,usda_ers_fpo,FOOD-COST INDICATOR (official forecast table),https://www.ers.usda.gov/media/6460/changes-in-consumer-price-indexes-2024-through-2027.csv?v=79349,2026-09-22T20:17:11+00:00,evidence/usda_ers_fpo/cpi_csv.csv,d3454be871109792d9f6ffe7d766e338a4f264c6febe8ab725b1c554e3a77985,attribute text verbatim
ers_fpo|Food at home|Mid point of forecast interval 2026,USDA ERS Food Price Outlook: Food at home — Mid point of forecast interval 2026,,2.5,Percent change,usda_ers_fpo,FOOD-COST INDICATOR (official forecast table),https://www.ers.usda.gov/media/6460/changes-in-consumer-price-indexes-2024-through-2027.csv?v=79349,2026-09-22T20:17:11+00:00,evidence/usda_ers_fpo/cpi_csv.csv,d3454be871109792d9f6ffe7d766e338a4f264c6febe8ab725b1c554e3a77985,attribute text verbatim
ers_fpo|Food at home|Mid point of forecast interval 2027,USDA ERS Food Price Outlook: Food at home — Mid point of forecast interval 2027,,2.1,Percent change,usda_ers_fpo,FOOD-COST INDICATOR (official forecast table),https://www.ers.usda.gov/media/6460/changes-in-consumer-price-indexes-2024-through-2027.csv?v=79349,2026-09-22T20:17:11+00:00,evidence/usda_ers_fpo/cpi_csv.csv,d3454be871109792d9f6ffe7d766e338a4f264c6febe8ab725b1c554e3a77985,attribute text verbatim
ers_fpo|Food at home|Month-to-month June 2026 to July 2026,USDA ERS Food Price Outlook: Food at home — Month-to-month June 2026 to July 2026,,0.0,Percent change,usda_ers_fpo,FOOD-COST INDICATOR (official forecast table),https://www.ers.usda.gov/media/6460/changes-in-consumer-price-indexes-2024-through-2027.csv?v=79349,2026-09-22T20:17:11+00:00,evidence/usda_ers_fpo/cpi_csv.csv,d3454be871109792d9f6ffe7d766e338a4f264c6febe8ab725b1c554e3a77985,attribute text verbatim
ers_fpo|Food at home|Relative importance,USDA ERS Food Price Outlook: Food at home — Relative importance,,60.9,Percent,usda_ers_fpo,FOOD-COST INDICATOR (official forecast table),https://www.ers.usda.gov/media/6460/changes-in-consumer-price-indexes-2024-through-2027.csv?v=79349,2026-09-22T20:17:11+00:00,evidence/usda_ers_fpo/cpi_csv.csv,d3454be871109792d9f6ffe7d766e338a4f264c6febe8ab725b1c554e3a77985,attribute text verbatim
ers_fpo|Food at home|Upper bound of forecast interval 2026,USDA ERS Food Price Outlook: Food at home — Upper bound of forecast interval 2026,,3.3,Percent change,usda_ers_fpo,FOOD-COST INDICATOR (official forecast table),https://www.ers.usda.gov/media/6460/changes-in-consumer-price-indexes-2024-through-2027.csv?v=79349,2026-09-22T20:17:11+00:00,evidence/usda_ers_fpo/cpi_csv.csv,d3454be871109792d9f6ffe7d766e338a4f264c6febe8ab725b1c554e3a77985,attribute text verbatim
ers_fpo|Food at home|Upper bound of forecast interval 2027,USDA ERS Food Price Outlook: Food at home — Upper bound of forecast interval 2027,,10.5,Percent change,usda_ers_fpo,FOOD-COST INDICATOR (official forecast table),https://www.ers.usda.gov/media/6460/changes-in-consumer-price-indexes-2024-through-2027.csv?v=79349,2026-09-22T20:17:11+00:00,evidence/usda_ers_fpo/cpi_csv.csv,d3454be871109792d9f6ffe7d766e338a4f264c6febe8ab725b1c554e3a77985,attribute text verbatim
ers_fpo|Food at home|Year-over-year July 2025 to July 2026,USDA ERS Food Price Outlook: Food at home — Year-over-year July 2025 to July 2026,,2.7,Percent change,usda_ers_fpo,FOOD-COST INDICATOR (official forecast table),https://www.ers.usda.gov/media/6460/changes-in-consumer-price-indexes-2024-through-2027.csv?v=79349,2026-09-22T20:17:11+00:00,evidence/usda_ers_fpo/cpi_csv.csv,d3454be871109792d9f6ffe7d766e338a4f264c6febe8ab725b1c554e3a77985,attribute text verbatim
ers_fpo|Food at home|Year-to-date avg. 2026 to avg. 2025,USDA ERS Food Price Outlook: Food at home — Year-to-date avg. 2026 to avg. 2025,,2.1,Percent change,usda_ers_fpo,FOOD-COST INDICATOR (official forecast table),https://www.ers.usda.gov/media/6460/changes-in-consumer-price-indexes-2024-through-2027.csv?v=79349,2026-09-22T20:17:11+00:00,evidence/usda_ers_fpo/cpi_csv.csv,d3454be871109792d9f6ffe7d766e338a4f264c6febe8ab725b1c554e3a77985,attribute text verbatim
ers_fpo|Food away from home|20-year historical average,USDA ERS Food Price Outlook: Food away from home — 20-year historical average,,3.5,Percent change,usda_ers_fpo,FOOD-COST INDICATOR (official forecast table),https://www.ers.usda.gov/media/6460/changes-in-consumer-price-indexes-2024-through-2027.csv?v=79349,2026-09-22T20:17:11+00:00,evidence/usda_ers_fpo/cpi_csv.csv,d3454be871109792d9f6ffe7d766e338a4f264c6febe8ab725b1c554e3a77985,attribute text verbatim
ers_fpo|Food away from home|Annual 2024,USDA ERS Food Price Outlook: Food away from home — Annual 2024,,4.1,Percent change,usda_ers_fpo,FOOD-COST INDICATOR (official forecast table),https://www.ers.usda.gov/media/6460/changes-in-consumer-price-indexes-2024-through-2027.csv?v=79349,2026-09-22T20:17:11+00:00,evidence/usda_ers_fpo/cpi_csv.csv,d3454be871109792d9f6ffe7d766e338a4f264c6febe8ab725b1c554e3a77985,attribute text verbatim
ers_fpo|Food away from home|Annual 2025,USDA ERS Food Price Outlook: Food away from home — Annual 2025,,3.8,Percent change,usda_ers_fpo,FOOD-COST INDICATOR (official forecast table),https://www.ers.usda.gov/media/6460/changes-in-consumer-price-indexes-2024-through-2027.csv?v=79349,2026-09-22T20:17:11+00:00,evidence/usda_ers_fpo/cpi_csv.csv,d3454be871109792d9f6ffe7d766e338a4f264c6febe8ab725b1c554e3a77985,attribute text verbatim
ers_fpo|Food away from home|Lower bound of forecast interval 2026,USDA ERS Food Price Outlook: Food away from home — Lower bound of forecast interval 2026,,3.2,Percent change,usda_ers_fpo,FOOD-COST INDICATOR (official forecast table),https://www.ers.usda.gov/media/6460/changes-in-consumer-price-indexes-2024-through-2027.csv?v=79349,2026-09-22T20:17:11+00:00,evidence/usda_ers_fpo/cpi_csv.csv,d3454be871109792d9f6ffe7d766e338a4f264c6febe8ab725b1c554e3a77985,attribute text verbatim
ers_fpo|Food away from home|Lower bound of forecast interval 2027,USDA ERS Food Price Outlook: Food away from home — Lower bound of forecast interval 2027,,0.0,Percent change,usda_ers_fpo,FOOD-COST INDICATOR (official forecast table),https://www.ers.usda.gov/media/6460/changes-in-consumer-price-indexes-2024-through-2027.csv?v=79349,2026-09-22T20:17:11+00:00,evidence/usda_ers_fpo/cpi_csv.csv,d3454be871109792d9f6ffe7d766e338a4f264c6febe8ab725b1c554e3a77985,attribute text verbatim
ers_fpo|Food away from home|Mid point of forecast interval 2026,USDA ERS Food Price Outlook: Food away from home — Mid point of forecast interval 2026,,3.6,Percent change,usda_ers_fpo,FOOD-COST INDICATOR (official forecast table),https://www.ers.usda.gov/media/6460/changes-in-consumer-price-indexes-2024-through-2027.csv?v=79349,2026-09-22T20:17:11+00:00,evidence/usda_ers_fpo/cpi_csv.csv,d3454be871109792d9f6ffe7d766e338a4f264c6febe8ab725b1c554e3a77985,attribute text verbatim
ers_fpo|Food away from home|Mid point of forecast interval 2027,USDA ERS Food Price Outlook: Food away from home — Mid point of forecast interval 2027,,2.7,Percent change,usda_ers_fpo,FOOD-COST INDICATOR (official forecast table),https://www.ers.usda.gov/media/6460/changes-in-consumer-price-indexes-2024-through-2027.csv?v=79349,2026-09-22T20:17:11+00:00,evidence/usda_ers_fpo/cpi_csv.csv,d3454be871109792d9f6ffe7d766e338a4f264c6febe8ab725b1c554e3a77985,attribute text verbatim
ers_fpo|Food away from home|Month-to-month June 2026 to July 2026,USDA ERS Food Price Outlook: Food away from home — Month-to-month June 2026 to July 2026,,0.3,Percent change,usda_ers_fpo,FOOD-COST INDICATOR (official forecast table),https://www.ers.usda.gov/media/6460/changes-in-consumer-price-indexes-2024-through-2027.csv?v=79349,2026-09-22T20:17:11+00:00,evidence/usda_ers_fpo/cpi_csv.csv,d3454be871109792d9f6ffe7d766e338a4f264c6febe8ab725b1c554e3a77985,attribute text verbatim
ers_fpo|Food away from home|Relative importance,USDA ERS Food Price Outlook: Food away from home — Relative importance,,39.1,Percent,usda_ers_fpo,FOOD-COST INDICATOR (official forecast table),https://www.ers.usda.gov/media/6460/changes-in-consumer-price-indexes-2024-through-2027.csv?v=79349,2026-09-22T20:17:11+00:00,evidence/usda_ers_fpo/cpi_csv.csv,d3454be871109792d9f6ffe7d766e338a4f264c6febe8ab725b1c554e3a77985,attribute text verbatim
ers_fpo|Food away from home|Upper bound of forecast interval 2026,USDA ERS Food Price Outlook: Food away from home — Upper bound of forecast interval 2026,,3.9,Percent change,usda_ers_fpo,FOOD-COST INDICATOR (official forecast table),https://www.ers.usda.gov/media/6460/changes-in-consumer-price-indexes-2024-through-2027.csv?v=79349,2026-09-22T20:17:11+00:00,evidence/usda_ers_fpo/cpi_csv.csv,d3454be871109792d9f6ffe7d766e338a4f264c6febe8ab725b1c554e3a77985,attribute text verbatim
ers_fpo|Food away from home|Upper bound of forecast interval 2027,USDA ERS Food Price Outlook: Food away from home — Upper bound of forecast interval 2027,,5.5,Percent change,usda_ers_fpo,FOOD-COST INDICATOR (official forecast table),https://www.ers.usda.gov/media/6460/changes-in-consumer-price-indexes-2024-through-2027.csv?v=79349,2026-09-22T20:17:11+00:00,evidence/usda_ers_fpo/cpi_csv.csv,d3454be871109792d9f6ffe7d766e338a4f264c6febe8ab725b1c554e3a77985,attribute text verbatim
ers_fpo|Food away from home|Year-over-year July 2025 to July 2026,USDA ERS Food Price Outlook: Food away from home — Year-over-year July 2025 to July 2026,,3.4,Percent change,usda_ers_fpo,FOOD-COST INDICATOR (official forecast table),https://www.ers.usda.gov/media/6460/changes-in-consumer-price-indexes-2024-through-2027.csv?v=79349,2026-09-22T20:17:11+00:00,evidence/usda_ers_fpo/cpi_csv.csv,d3454be871109792d9f6ffe7d766e338a4f264c6febe8ab725b1c554e3a77985,attribute text verbatim
ers_fpo|Food away from home|Year-to-date avg. 2026 to avg. 2025,USDA ERS Food Price Outlook: Food away from home — Year-to-date avg. 2026 to avg. 2025,,2.9,Percent change,usda_ers_fpo,FOOD-COST INDICATOR (official forecast table),https://www.ers.usda.gov/media/6460/changes-in-consumer-price-indexes-2024-through-2027.csv?v=79349,2026-09-22T20:17:11+00:00,evidence/usda_ers_fpo/cpi_csv.csv,d3454be871109792d9f6ffe7d766e338a4f264c6febe8ab725b1c554e3a77985,attribute text verbatim
foss_imp_live_homarus_portland_me_kilos,"NOAA FOSS imports, live lobster Homarus spp., PORTLAND_ME: kilos",2025-01,1545369.0,kg,noaa_foss_trade,OFFICIAL STATISTIC (monthly import value; not a retail price),"https://apps-st.fisheries.noaa.gov/ods/foss/trade_data/?q={""hts_number"":""0306320010"",""source"":""IMP"",""year"":""2025""}&limit=2000",2026-09-22T20:16:44+00:00,evidence/noaa_foss_trade/trade_2025.json,290f02a2d3a1644a644616f12613c17f0c1d40915fd92b11191fdc1c1d0050e2,1 rows summed.
foss_imp_live_homarus_portland_me_kilos,"NOAA FOSS imports, live lobster Homarus spp., PORTLAND_ME: kilos",2025-02,1056168.0,kg,noaa_foss_trade,OFFICIAL STATISTIC (monthly import value; not a retail price),"https://apps-st.fisheries.noaa.gov/ods/foss/trade_data/?q={""hts_number"":""0306320010"",""source"":""IMP"",""year"":""2025""}&limit=2000",2026-09-22T20:16:44+00:00,evidence/noaa_foss_trade/trade_2025.json,290f02a2d3a1644a644616f12613c17f0c1d40915fd92b11191fdc1c1d0050e2,1 rows summed.
foss_imp_live_homarus_portland_me_kilos,"NOAA FOSS imports, live lobster Homarus spp., PORTLAND_ME: kilos",2025-03,819136.0,kg,noaa_foss_trade,OFFICIAL STATISTIC (monthly import value; not a retail price),"https://apps-st.fisheries.noaa.gov/ods/foss/trade_data/?q={""hts_number"":""0306320010"",""source"":""IMP"",""year"":""2025""}&limit=2000",2026-09-22T20:16:44+00:00,evidence/noaa_foss_trade/trade_2025.json,290f02a2d3a1644a644616f12613c17f0c1d40915fd92b11191fdc1c1d0050e2,1 rows summed.
foss_imp_live_homarus_portland_me_kilos,"NOAA FOSS imports, live lobster Homarus spp., PORTLAND_ME: kilos",2025-04,1076665.0,kg,noaa_foss_trade,OFFICIAL STATISTIC (monthly import value; not a retail price),"https://apps-st.fisheries.noaa.gov/ods/foss/trade_data/?q={""hts_number"":""0306320010"",""source"":""IMP"",""year"":""2025""}&limit=2000",2026-09-22T20:16:44+00:00,evidence/noaa_foss_trade/trade_2025.json,290f02a2d3a1644a644616f12613c17f0c1d40915fd92b11191fdc1c1d0050e2,1 rows summed.
foss_imp_live_homarus_portland_me_kilos,"NOAA FOSS imports, live lobster Homarus spp., PORTLAND_ME: kilos",2025-05,4174803.0,kg,noaa_foss_trade,OFFICIAL STATISTIC (monthly import value; not a retail price),"https://apps-st.fisheries.noaa.gov/ods/foss/trade_data/?q={""hts_number"":""0306320010"",""source"":""IMP"",""year"":""2025""}&limit=2000",2026-09-22T20:16:44+00:00,evidence/noaa_foss_trade/trade_2025.json,290f02a2d3a1644a644616f12613c17f0c1d40915fd92b11191fdc1c1d0050e2,1 rows summed.
foss_imp_live_homarus_portland_me_kilos,"NOAA FOSS imports, live lobster Homarus spp., PORTLAND_ME: kilos",2025-06,4936264.0,kg,noaa_foss_trade,OFFICIAL STATISTIC (monthly import value; not a retail price),"https://apps-st.fisheries.noaa.gov/ods/foss/trade_data/?q={""hts_number"":""0306320010"",""source"":""IMP"",""year"":""2025""}&limit=2000",2026-09-22T20:16:44+00:00,evidence/noaa_foss_trade/trade_2025.json,290f02a2d3a1644a644616f12613c17f0c1d40915fd92b11191fdc1c1d0050e2,1 rows summed.
foss_imp_live_homarus_portland_me_kilos,"NOAA FOSS imports, live lobster Homarus spp., PORTLAND_ME: kilos",2025-07,1848515.0,kg,noaa_foss_trade,OFFICIAL STATISTIC (monthly import value; not a retail price),"https://apps-st.fisheries.noaa.gov/ods/foss/trade_data/?q={""hts_number"":""0306320010"",""source"":""IMP"",""year"":""2025""}&limit=2000",2026-09-22T20:16:44+00:00,evidence/noaa_foss_trade/trade_2025.json,290f02a2d3a1644a644616f12613c17f0c1d40915fd92b11191fdc1c1d0050e2,1 rows summed.
foss_imp_live_homarus_portland_me_kilos,"NOAA FOSS imports, live lobster Homarus spp., PORTLAND_ME: kilos",2025-08,924011.0,kg,noaa_foss_trade,OFFICIAL STATISTIC (monthly import value; not a retail price),"https://apps-st.fisheries.noaa.gov/ods/foss/trade_data/?q={""hts_number"":""0306320010"",""source"":""IMP"",""year"":""2025""}&limit=2000",2026-09-22T20:16:44+00:00,evidence/noaa_foss_trade/trade_2025.json,290f02a2d3a1644a644616f12613c17f0c1d40915fd92b11191fdc1c1d0050e2,1 rows summed.
foss_imp_live_homarus_portland_me_kilos,"NOAA FOSS imports, live lobster Homarus spp., PORTLAND_ME: kilos",2025-09,686796.0,kg,noaa_foss_trade,OFFICIAL STATISTIC (monthly import value; not a retail price),"https://apps-st.fisheries.noaa.gov/ods/foss/trade_data/?q={""hts_number"":""0306320010"",""source"":""IMP"",""year"":""2025""}&limit=2000",2026-09-22T20:16:44+00:00,evidence/noaa_foss_trade/trade_2025.json,290f02a2d3a1644a644616f12613c17f0c1d40915fd92b11191fdc1c1d0050e2,1 rows summed.
foss_imp_live_homarus_portland_me_kilos,"NOAA FOSS imports, live lobster Homarus spp., PORTLAND_ME: kilos",2025-10,606917.0,kg,noaa_foss_trade,OFFICIAL STATISTIC (monthly import value; not a retail price),"https://apps-st.fisheries.noaa.gov/ods/foss/trade_data/?q={""hts_number"":""0306320010"",""source"":""IMP"",""year"":""2025""}&limit=2000",2026-09-22T20:16:44+00:00,evidence/noaa_foss_trade/trade_2025.json,290f02a2d3a1644a644616f12613c17f0c1d40915fd92b11191fdc1c1d0050e2,1 rows summed.
foss_imp_live_homarus_portland_me_kilos,"NOAA FOSS imports, live lobster Homarus spp., PORTLAND_ME: kilos",2025-11,1583339.0,kg,noaa_foss_trade,OFFICIAL STATISTIC (monthly import value; not a retail price),"https://apps-st.fisheries.noaa.gov/ods/foss/trade_data/?q={""hts_number"":""0306320010"",""source"":""IMP"",""year"":""2025""}&limit=2000",2026-09-22T20:16:44+00:00,evidence/noaa_foss_trade/trade_2025.json,290f02a2d3a1644a644616f12613c17f0c1d40915fd92b11191fdc1c1d0050e2,1 rows summed.
foss_imp_live_homarus_portland_me_kilos,"NOAA FOSS imports, live lobster Homarus spp., PORTLAND_ME: kilos",2025-12,3743453.0,kg,noaa_foss_trade,OFFICIAL STATISTIC (monthly import value; not a retail price),"https://apps-st.fisheries.noaa.gov/ods/foss/trade_data/?q={""hts_number"":""0306320010"",""source"":""IMP"",""year"":""2025""}&limit=2000",2026-09-22T20:16:44+00:00,evidence/noaa_foss_trade/trade_2025.json,290f02a2d3a1644a644616f12613c17f0c1d40915fd92b11191fdc1c1d0050e2,1 rows summed.
foss_imp_live_homarus_portland_me_kilos,"NOAA FOSS imports, live lobster Homarus spp., PORTLAND_ME: kilos",2026-01,2159094.0,kg,noaa_foss_trade,OFFICIAL STATISTIC (monthly import value; not a retail price),"https://apps-st.fisheries.noaa.gov/ods/foss/trade_data/?q={""hts_number"":""0306320010"",""source"":""IMP"",""year"":""2026""}&limit=2000",2026-09-22T20:16:44+00:00,evidence/noaa_foss_trade/trade_2026.json,ae601ac17fbdb9b709693bcda6af3f68e6214e3b914d20485fd55c46c1db23f9,1 rows summed.
foss_imp_live_homarus_portland_me_kilos,"NOAA FOSS imports, live lobster Homarus spp., PORTLAND_ME: kilos",2026-02,2366727.0,kg,noaa_foss_trade,OFFICIAL STATISTIC (monthly import value; not a retail price),"https://apps-st.fisheries.noaa.gov/ods/foss/trade_data/?q={""hts_number"":""0306320010"",""source"":""IMP"",""year"":""2026""}&limit=2000",2026-09-22T20:16:44+00:00,evidence/noaa_foss_trade/trade_2026.json,ae601ac17fbdb9b709693bcda6af3f68e6214e3b914d20485fd55c46c1db23f9,1 rows summed.
foss_imp_live_homarus_portland_me_kilos,"NOAA FOSS imports, live lobster Homarus spp., PORTLAND_ME: kilos",2026-03,813995.0,kg,noaa_foss_trade,OFFICIAL STATISTIC (monthly import value; not a retail price),"https://apps-st.fisheries.noaa.gov/ods/foss/trade_data/?q={""hts_number"":""0306320010"",""source"":""IMP"",""year"":""2026""}&limit=2000",2026-09-22T20:16:44+00:00,evidence/noaa_foss_trade/trade_2026.json,ae601ac17fbdb9b709693bcda6af3f68e6214e3b914d20485fd55c46c1db23f9,1 rows summed.
foss_imp_live_homarus_portland_me_kilos,"NOAA FOSS imports, live lobster Homarus spp., PORTLAND_ME: kilos",2026-04,892845.0,kg,noaa_foss_trade,OFFICIAL STATISTIC (monthly import value; not a retail price),"https://apps-st.fisheries.noaa.gov/ods/foss/trade_data/?q={""hts_number"":""0306320010"",""source"":""IMP"",""year"":""2026""}&limit=2000",2026-09-22T20:16:44+00:00,evidence/noaa_foss_trade/trade_2026.json,ae601ac17fbdb9b709693bcda6af3f68e6214e3b914d20485fd55c46c1db23f9,1 rows summed.
foss_imp_live_homarus_portland_me_kilos,"NOAA FOSS imports, live lobster Homarus spp., PORTLAND_ME: kilos",2026-05,3359985.0,kg,noaa_foss_trade,OFFICIAL STATISTIC (monthly import value; not a retail price),"https://apps-st.fisheries.noaa.gov/ods/foss/trade_data/?q={""hts_number"":""0306320010"",""source"":""IMP"",""year"":""2026""}&limit=2000",2026-09-22T20:16:44+00:00,evidence/noaa_foss_trade/trade_2026.json,ae601ac17fbdb9b709693bcda6af3f68e6214e3b914d20485fd55c46c1db23f9,1 rows summed.
foss_imp_live_homarus_portland_me_kilos,"NOAA FOSS imports, live lobster Homarus spp., PORTLAND_ME: kilos",2026-06,3216309.0,kg,noaa_foss_trade,OFFICIAL STATISTIC (monthly import value; not a retail price),"https://apps-st.fisheries.noaa.gov/ods/foss/trade_data/?q={""hts_number"":""0306320010"",""source"":""IMP"",""year"":""2026""}&limit=2000",2026-09-22T20:16:44+00:00,evidence/noaa_foss_trade/trade_2026.json,ae601ac17fbdb9b709693bcda6af3f68e6214e3b914d20485fd55c46c1db23f9,1 rows summed.
foss_imp_live_homarus_portland_me_kilos,"NOAA FOSS imports, live lobster Homarus spp., PORTLAND_ME: kilos",2026-07,805900.0,kg,noaa_foss_trade,OFFICIAL STATISTIC (monthly import value; not a retail price),"https://apps-st.fisheries.noaa.gov/ods/foss/trade_data/?q={""hts_number"":""0306320010"",""source"":""IMP"",""year"":""2026""}&limit=2000",2026-09-22T20:16:44+00:00,evidence/noaa_foss_trade/trade_2026.json,ae601ac17fbdb9b709693bcda6af3f68e6214e3b914d20485fd55c46c1db23f9,1 rows summed.
foss_imp_live_homarus_portland_me_usd_per_lb,"NOAA FOSS imports, live lobster Homarus spp. (HTS 0306320010), PORTLAND_ME: implicit unit value USD/lb",2025-01,10.7984,USD per lb,noaa_foss_trade,OFFICIAL STATISTIC (monthly import value; not a retail price),"https://apps-st.fisheries.noaa.gov/ods/foss/trade_data/?q={""hts_number"":""0306320010"",""source"":""IMP"",""year"":""2025""}&limit=2000",2026-09-22T20:16:44+00:00,evidence/noaa_foss_trade/trade_2025.json,290f02a2d3a1644a644616f12613c17f0c1d40915fd92b11191fdc1c1d0050e2,val 36789804 USD / kilos 1545369 / 2.20462262 lb per kg; 1 rows summed.
foss_imp_live_homarus_portland_me_usd_per_lb,"NOAA FOSS imports, live lobster Homarus spp. (HTS 0306320010), PORTLAND_ME: implicit unit value USD/lb",2025-02,11.1302,USD per lb,noaa_foss_trade,OFFICIAL STATISTIC (monthly import value; not a retail price),"https://apps-st.fisheries.noaa.gov/ods/foss/trade_data/?q={""hts_number"":""0306320010"",""source"":""IMP"",""year"":""2025""}&limit=2000",2026-09-22T20:16:44+00:00,evidence/noaa_foss_trade/trade_2025.json,290f02a2d3a1644a644616f12613c17f0c1d40915fd92b11191fdc1c1d0050e2,val 25916237 USD / kilos 1056168 / 2.20462262 lb per kg; 1 rows summed.
foss_imp_live_homarus_portland_me_usd_per_lb,"NOAA FOSS imports, live lobster Homarus spp. (HTS 0306320010), PORTLAND_ME: implicit unit value USD/lb",2025-03,11.6617,USD per lb,noaa_foss_trade,OFFICIAL STATISTIC (monthly import value; not a retail price),"https://apps-st.fisheries.noaa.gov/ods/foss/trade_data/?q={""hts_number"":""0306320010"",""source"":""IMP"",""year"":""2025""}&limit=2000",2026-09-22T20:16:44+00:00,evidence/noaa_foss_trade/trade_2025.json,290f02a2d3a1644a644616f12613c17f0c1d40915fd92b11191fdc1c1d0050e2,val 21059676 USD / kilos 819136 / 2.20462262 lb per kg; 1 rows summed.
foss_imp_live_homarus_portland_me_usd_per_lb,"NOAA FOSS imports, live lobster Homarus spp. (HTS 0306320010), PORTLAND_ME: implicit unit value USD/lb",2025-04,9.6832,USD per lb,noaa_foss_trade,OFFICIAL STATISTIC (monthly import value; not a retail price),"https://apps-st.fisheries.noaa.gov/ods/foss/trade_data/?q={""hts_number"":""0306320010"",""source"":""IMP"",""year"":""2025""}&limit=2000",2026-09-22T20:16:44+00:00,evidence/noaa_foss_trade/trade_2025.json,290f02a2d3a1644a644616f12613c17f0c1d40915fd92b11191fdc1c1d0050e2,val 22984431 USD / kilos 1076665 / 2.20462262 lb per kg; 1 rows summed.
foss_imp_live_homarus_portland_me_usd_per_lb,"NOAA FOSS imports, live lobster Homarus spp. (HTS 0306320010), PORTLAND_ME: implicit unit value USD/lb",2025-05,6.5766,USD per lb,noaa_foss_trade,OFFICIAL STATISTIC (monthly import value; not a retail price),"https://apps-st.fisheries.noaa.gov/ods/foss/trade_data/?q={""hts_number"":""0306320010"",""source"":""IMP"",""year"":""2025""}&limit=2000",2026-09-22T20:16:44+00:00,evidence/noaa_foss_trade/trade_2025.json,290f02a2d3a1644a644616f12613c17f0c1d40915fd92b11191fdc1c1d0050e2,val 60529867 USD / kilos 4174803 / 2.20462262 lb per kg; 1 rows summed.
foss_imp_live_homarus_portland_me_usd_per_lb,"NOAA FOSS imports, live lobster Homarus spp. (HTS 0306320010), PORTLAND_ME: implicit unit value USD/lb",2025-06,6.7329,USD per lb,noaa_foss_trade,OFFICIAL STATISTIC (monthly import value; not a retail price),"https://apps-st.fisheries.noaa.gov/ods/foss/trade_data/?q={""hts_number"":""0306320010"",""source"":""IMP"",""year"":""2025""}&limit=2000",2026-09-22T20:16:44+00:00,evidence/noaa_foss_trade/trade_2025.json,290f02a2d3a1644a644616f12613c17f0c1d40915fd92b11191fdc1c1d0050e2,val 73271015 USD / kilos 4936264 / 2.20462262 lb per kg; 1 rows summed.
foss_imp_live_homarus_portland_me_usd_per_lb,"NOAA FOSS imports, live lobster Homarus spp. (HTS 0306320010), PORTLAND_ME: implicit unit value USD/lb",2025-07,8.3015,USD per lb,noaa_foss_trade,OFFICIAL STATISTIC (monthly import value; not a retail price),"https://apps-st.fisheries.noaa.gov/ods/foss/trade_data/?q={""hts_number"":""0306320010"",""source"":""IMP"",""year"":""2025""}&limit=2000",2026-09-22T20:16:44+00:00,evidence/noaa_foss_trade/trade_2025.json,290f02a2d3a1644a644616f12613c17f0c1d40915fd92b11191fdc1c1d0050e2,val 33830945 USD / kilos 1848515 / 2.20462262 lb per kg; 1 rows summed.
foss_imp_live_homarus_portland_me_usd_per_lb,"NOAA FOSS imports, live lobster Homarus spp. (HTS 0306320010), PORTLAND_ME: implicit unit value USD/lb",2025-08,8.995,USD per lb,noaa_foss_trade,OFFICIAL STATISTIC (monthly import value; not a retail price),"https://apps-st.fisheries.noaa.gov/ods/foss/trade_data/?q={""hts_number"":""0306320010"",""source"":""IMP"",""year"":""2025""}&limit=2000",2026-09-22T20:16:44+00:00,evidence/noaa_foss_trade/trade_2025.json,290f02a2d3a1644a644616f12613c17f0c1d40915fd92b11191fdc1c1d0050e2,val 18323653 USD / kilos 924011 / 2.20462262 lb per kg; 1 rows summed.
foss_imp_live_homarus_portland_me_usd_per_lb,"NOAA FOSS imports, live lobster Homarus spp. (HTS 0306320010), PORTLAND_ME: implicit unit value USD/lb",2025-09,9.258,USD per lb,noaa_foss_trade,OFFICIAL STATISTIC (monthly import value; not a retail price),"https://apps-st.fisheries.noaa.gov/ods/foss/trade_data/?q={""hts_number"":""0306320010"",""source"":""IMP"",""year"":""2025""}&limit=2000",2026-09-22T20:16:44+00:00,evidence/noaa_foss_trade/trade_2025.json,290f02a2d3a1644a644616f12613c17f0c1d40915fd92b11191fdc1c1d0050e2,val 14017745 USD / kilos 686796 / 2.20462262 lb per kg; 1 rows summed.
foss_imp_live_homarus_portland_me_usd_per_lb,"NOAA FOSS imports, live lobster Homarus spp. (HTS 0306320010), PORTLAND_ME: implicit unit value USD/lb",2025-10,9.7302,USD per lb,noaa_foss_trade,OFFICIAL STATISTIC (monthly import value; not a retail price),"https://apps-st.fisheries.noaa.gov/ods/foss/trade_data/?q={""hts_number"":""0306320010"",""source"":""IMP"",""year"":""2025""}&limit=2000",2026-09-22T20:16:44+00:00,evidence/noaa_foss_trade/trade_2025.json,290f02a2d3a1644a644616f12613c17f0c1d40915fd92b11191fdc1c1d0050e2,val 13019236 USD / kilos 606917 / 2.20462262 lb per kg; 1 rows summed.
foss_imp_live_homarus_portland_me_usd_per_lb,"NOAA FOSS imports, live lobster Homarus spp. (HTS 0306320010), PORTLAND_ME: implicit unit value USD/lb",2025-11,8.7132,USD per lb,noaa_foss_trade,OFFICIAL STATISTIC (monthly import value; not a retail price),"https://apps-st.fisheries.noaa.gov/ods/foss/trade_data/?q={""hts_number"":""0306320010"",""source"":""IMP"",""year"":""2025""}&limit=2000",2026-09-22T20:16:44+00:00,evidence/noaa_foss_trade/trade_2025.json,290f02a2d3a1644a644616f12613c17f0c1d40915fd92b11191fdc1c1d0050e2,val 30414735 USD / kilos 1583339 / 2.20462262 lb per kg; 1 rows summed.
foss_imp_live_homarus_portland_me_usd_per_lb,"NOAA FOSS imports, live lobster Homarus spp. (HTS 0306320010), PORTLAND_ME: implicit unit value USD/lb",2025-12,8.0627,USD per lb,noaa_foss_trade,OFFICIAL STATISTIC (monthly import value; not a retail price),"https://apps-st.fisheries.noaa.gov/ods/foss/trade_data/?q={""hts_number"":""0306320010"",""source"":""IMP"",""year"":""2025""}&limit=2000",2026-09-22T20:16:44+00:00,evidence/noaa_foss_trade/trade_2025.json,290f02a2d3a1644a644616f12613c17f0c1d40915fd92b11191fdc1c1d0050e2,val 66540674 USD / kilos 3743453 / 2.20462262 lb per kg; 1 rows summed.
foss_imp_live_homarus_portland_me_usd_per_lb,"NOAA FOSS imports, live lobster Homarus spp. (HTS 0306320010), PORTLAND_ME: implicit unit value USD/lb",2026-01,10.3061,USD per lb,noaa_foss_trade,OFFICIAL STATISTIC (monthly import value; not a retail price),"https://apps-st.fisheries.noaa.gov/ods/foss/trade_data/?q={""hts_number"":""0306320010"",""source"":""IMP"",""year"":""2026""}&limit=2000",2026-09-22T20:16:44+00:00,evidence/noaa_foss_trade/trade_2026.json,ae601ac17fbdb9b709693bcda6af3f68e6214e3b914d20485fd55c46c1db23f9,val 49056691 USD / kilos 2159094 / 2.20462262 lb per kg; 1 rows summed.
foss_imp_live_homarus_portland_me_usd_per_lb,"NOAA FOSS imports, live lobster Homarus spp. (HTS 0306320010), PORTLAND_ME: implicit unit value USD/lb",2026-02,12.1249,USD per lb,noaa_foss_trade,OFFICIAL STATISTIC (monthly import value; not a retail price),"https://apps-st.fisheries.noaa.gov/ods/foss/trade_data/?q={""hts_number"":""0306320010"",""source"":""IMP"",""year"":""2026""}&limit=2000",2026-09-22T20:16:44+00:00,evidence/noaa_foss_trade/trade_2026.json,ae601ac17fbdb9b709693bcda6af3f68e6214e3b914d20485fd55c46c1db23f9,val 63264528 USD / kilos 2366727 / 2.20462262 lb per kg; 1 rows summed.
foss_imp_live_homarus_portland_me_usd_per_lb,"NOAA FOSS imports, live lobster Homarus spp. (HTS 0306320010), PORTLAND_ME: implicit unit value USD/lb",2026-03,12.5881,USD per lb,noaa_foss_trade,OFFICIAL STATISTIC (monthly import value; not a retail price),"https://apps-st.fisheries.noaa.gov/ods/foss/trade_data/?q={""hts_number"":""0306320010"",""source"":""IMP"",""year"":""2026""}&limit=2000",2026-09-22T20:16:44+00:00,evidence/noaa_foss_trade/trade_2026.json,ae601ac17fbdb9b709693bcda6af3f68e6214e3b914d20485fd55c46c1db23f9,val 22589962 USD / kilos 813995 / 2.20462262 lb per kg; 1 rows summed.
foss_imp_live_homarus_portland_me_usd_per_lb,"NOAA FOSS imports, live lobster Homarus spp. (HTS 0306320010), PORTLAND_ME: implicit unit value USD/lb",2026-04,10.2114,USD per lb,noaa_foss_trade,OFFICIAL STATISTIC (monthly import value; not a retail price),"https://apps-st.fisheries.noaa.gov/ods/foss/trade_data/?q={""hts_number"":""0306320010"",""source"":""IMP"",""year"":""2026""}&limit=2000",2026-09-22T20:16:44+00:00,evidence/noaa_foss_trade/trade_2026.json,ae601ac17fbdb9b709693bcda6af3f68e6214e3b914d20485fd55c46c1db23f9,val 20099958 USD / kilos 892845 / 2.20462262 lb per kg; 1 rows summed.
foss_imp_live_homarus_portland_me_usd_per_lb,"NOAA FOSS imports, live lobster Homarus spp. (HTS 0306320010), PORTLAND_ME: implicit unit value USD/lb",2026-05,7.2866,USD per lb,noaa_foss_trade,OFFICIAL STATISTIC (monthly import value; not a retail price),"https://apps-st.fisheries.noaa.gov/ods/foss/trade_data/?q={""hts_number"":""0306320010"",""source"":""IMP"",""year"":""2026""}&limit=2000",2026-09-22T20:16:44+00:00,evidence/noaa_foss_trade/trade_2026.json,ae601ac17fbdb9b709693bcda6af3f68e6214e3b914d20485fd55c46c1db23f9,val 53975605 USD / kilos 3359985 / 2.20462262 lb per kg; 1 rows summed.
foss_imp_live_homarus_portland_me_usd_per_lb,"NOAA FOSS imports, live lobster Homarus spp. (HTS 0306320010), PORTLAND_ME: implicit unit value USD/lb",2026-06,7.245,USD per lb,noaa_foss_trade,OFFICIAL STATISTIC (monthly import value; not a retail price),"https://apps-st.fisheries.noaa.gov/ods/foss/trade_data/?q={""hts_number"":""0306320010"",""source"":""IMP"",""year"":""2026""}&limit=2000",2026-09-22T20:16:44+00:00,evidence/noaa_foss_trade/trade_2026.json,ae601ac17fbdb9b709693bcda6af3f68e6214e3b914d20485fd55c46c1db23f9,val 51372290 USD / kilos 3216309 / 2.20462262 lb per kg; 1 rows summed.
foss_imp_live_homarus_portland_me_usd_per_lb,"NOAA FOSS imports, live lobster Homarus spp. (HTS 0306320010), PORTLAND_ME: implicit unit value USD/lb",2026-07,8.4058,USD per lb,noaa_foss_trade,OFFICIAL STATISTIC (monthly import value; not a retail price),"https://apps-st.fisheries.noaa.gov/ods/foss/trade_data/?q={""hts_number"":""0306320010"",""source"":""IMP"",""year"":""2026""}&limit=2000",2026-09-22T20:16:44+00:00,evidence/noaa_foss_trade/trade_2026.json,ae601ac17fbdb9b709693bcda6af3f68e6214e3b914d20485fd55c46c1db23f9,val 14934629 USD / kilos 805900 / 2.20462262 lb per kg; 1 rows summed.
foss_imp_live_homarus_us_all_districts_kilos,"NOAA FOSS imports, live lobster Homarus spp., US_ALL_DISTRICTS: kilos",2025-01,1548610.0,kg,noaa_foss_trade,OFFICIAL STATISTIC (monthly import value; not a retail price),"https://apps-st.fisheries.noaa.gov/ods/foss/trade_data/?q={""hts_number"":""0306320010"",""source"":""IMP"",""year"":""2025""}&limit=2000",2026-09-22T20:16:44+00:00,evidence/noaa_foss_trade/trade_2025.json,290f02a2d3a1644a644616f12613c17f0c1d40915fd92b11191fdc1c1d0050e2,6 rows summed.
foss_imp_live_homarus_us_all_districts_kilos,"NOAA FOSS imports, live lobster Homarus spp., US_ALL_DISTRICTS: kilos",2025-02,1060512.0,kg,noaa_foss_trade,OFFICIAL STATISTIC (monthly import value; not a retail price),"https://apps-st.fisheries.noaa.gov/ods/foss/trade_data/?q={""hts_number"":""0306320010"",""source"":""IMP"",""year"":""2025""}&limit=2000",2026-09-22T20:16:44+00:00,evidence/noaa_foss_trade/trade_2025.json,290f02a2d3a1644a644616f12613c17f0c1d40915fd92b11191fdc1c1d0050e2,8 rows summed.
foss_imp_live_homarus_us_all_districts_kilos,"NOAA FOSS imports, live lobster Homarus spp., US_ALL_DISTRICTS: kilos",2025-03,821473.0,kg,noaa_foss_trade,OFFICIAL STATISTIC (monthly import value; not a retail price),"https://apps-st.fisheries.noaa.gov/ods/foss/trade_data/?q={""hts_number"":""0306320010"",""source"":""IMP"",""year"":""2025""}&limit=2000",2026-09-22T20:16:44+00:00,evidence/noaa_foss_trade/trade_2025.json,290f02a2d3a1644a644616f12613c17f0c1d40915fd92b11191fdc1c1d0050e2,3 rows summed.
foss_imp_live_homarus_us_all_districts_kilos,"NOAA FOSS imports, live lobster Homarus spp., US_ALL_DISTRICTS: kilos",2025-04,1078086.0,kg,noaa_foss_trade,OFFICIAL STATISTIC (monthly import value; not a retail price),"https://apps-st.fisheries.noaa.gov/ods/foss/trade_data/?q={""hts_number"":""0306320010"",""source"":""IMP"",""year"":""2025""}&limit=2000",2026-09-22T20:16:44+00:00,evidence/noaa_foss_trade/trade_2025.json,290f02a2d3a1644a644616f12613c17f0c1d40915fd92b11191fdc1c1d0050e2,4 rows summed.
foss_imp_live_homarus_us_all_districts_kilos,"NOAA FOSS imports, live lobster Homarus spp., US_ALL_DISTRICTS: kilos",2025-05,4179557.0,kg,noaa_foss_trade,OFFICIAL STATISTIC (monthly import value; not a retail price),"https://apps-st.fisheries.noaa.gov/ods/foss/trade_data/?q={""hts_number"":""0306320010"",""source"":""IMP"",""year"":""2025""}&limit=2000",2026-09-22T20:16:44+00:00,evidence/noaa_foss_trade/trade_2025.json,290f02a2d3a1644a644616f12613c17f0c1d40915fd92b11191fdc1c1d0050e2,6 rows summed.
foss_imp_live_homarus_us_all_districts_kilos,"NOAA FOSS imports, live lobster Homarus spp., US_ALL_DISTRICTS: kilos",2025-06,4940697.0,kg,noaa_foss_trade,OFFICIAL STATISTIC (monthly import value; not a retail price),"https://apps-st.fisheries.noaa.gov/ods/foss/trade_data/?q={""hts_number"":""0306320010"",""source"":""IMP"",""year"":""2025""}&limit=2000",2026-09-22T20:16:44+00:00,evidence/noaa_foss_trade/trade_2025.json,290f02a2d3a1644a644616f12613c17f0c1d40915fd92b11191fdc1c1d0050e2,6 rows summed.
foss_imp_live_homarus_us_all_districts_kilos,"NOAA FOSS imports, live lobster Homarus spp., US_ALL_DISTRICTS: kilos",2025-07,1863937.0,kg,noaa_foss_trade,OFFICIAL STATISTIC (monthly import value; not a retail price),"https://apps-st.fisheries.noaa.gov/ods/foss/trade_data/?q={""hts_number"":""0306320010"",""source"":""IMP"",""year"":""2025""}&limit=2000",2026-09-22T20:16:44+00:00,evidence/noaa_foss_trade/trade_2025.json,290f02a2d3a1644a644616f12613c17f0c1d40915fd92b11191fdc1c1d0050e2,8 rows summed.
foss_imp_live_homarus_us_all_districts_kilos,"NOAA FOSS imports, live lobster Homarus spp., US_ALL_DISTRICTS: kilos",2025-08,928808.0,kg,noaa_foss_trade,OFFICIAL STATISTIC (monthly import value; not a retail price),"https://apps-st.fisheries.noaa.gov/ods/foss/trade_data/?q={""hts_number"":""0306320010"",""source"":""IMP"",""year"":""2025""}&limit=2000",2026-09-22T20:16:44+00:00,evidence/noaa_foss_trade/trade_2025.json,290f02a2d3a1644a644616f12613c17f0c1d40915fd92b11191fdc1c1d0050e2,5 rows summed.
foss_imp_live_homarus_us_all_districts_kilos,"NOAA FOSS imports, live lobster Homarus spp., US_ALL_DISTRICTS: kilos",2025-09,689869.0,kg,noaa_foss_trade,OFFICIAL STATISTIC (monthly import value; not a retail price),"https://apps-st.fisheries.noaa.gov/ods/foss/trade_data/?q={""hts_number"":""0306320010"",""source"":""IMP"",""year"":""2025""}&limit=2000",2026-09-22T20:16:44+00:00,evidence/noaa_foss_trade/trade_2025.json,290f02a2d3a1644a644616f12613c17f0c1d40915fd92b11191fdc1c1d0050e2,5 rows summed.
foss_imp_live_homarus_us_all_districts_kilos,"NOAA FOSS imports, live lobster Homarus spp., US_ALL_DISTRICTS: kilos",2025-10,608039.0,kg,noaa_foss_trade,OFFICIAL STATISTIC (monthly import value; not a retail price),"https://apps-st.fisheries.noaa.gov/ods/foss/trade_data/?q={""hts_number"":""0306320010"",""source"":""IMP"",""year"":""2025""}&limit=2000",2026-09-22T20:16:44+00:00,evidence/noaa_foss_trade/trade_2025.json,290f02a2d3a1644a644616f12613c17f0c1d40915fd92b11191fdc1c1d0050e2,4 rows summed.
foss_imp_live_homarus_us_all_districts_kilos,"NOAA FOSS imports, live lobster Homarus spp., US_ALL_DISTRICTS: kilos",2025-11,1584424.0,kg,noaa_foss_trade,OFFICIAL STATISTIC (monthly import value; not a retail price),"https://apps-st.fisheries.noaa.gov/ods/foss/trade_data/?q={""hts_number"":""0306320010"",""source"":""IMP"",""year"":""2025""}&limit=2000",2026-09-22T20:16:44+00:00,evidence/noaa_foss_trade/trade_2025.json,290f02a2d3a1644a644616f12613c17f0c1d40915fd92b11191fdc1c1d0050e2,3 rows summed.
foss_imp_live_homarus_us_all_districts_kilos,"NOAA FOSS imports, live lobster Homarus spp., US_ALL_DISTRICTS: kilos",2025-12,3744419.0,kg,noaa_foss_trade,OFFICIAL STATISTIC (monthly import value; not a retail price),"https://apps-st.fisheries.noaa.gov/ods/foss/trade_data/?q={""hts_number"":""0306320010"",""source"":""IMP"",""year"":""2025""}&limit=2000",2026-09-22T20:16:44+00:00,evidence/noaa_foss_trade/trade_2025.json,290f02a2d3a1644a644616f12613c17f0c1d40915fd92b11191fdc1c1d0050e2,3 rows summed.
foss_imp_live_homarus_us_all_districts_kilos,"NOAA FOSS imports, live lobster Homarus spp., US_ALL_DISTRICTS: kilos",2026-01,2159490.0,kg,noaa_foss_trade,OFFICIAL STATISTIC (monthly import value; not a retail price),"https://apps-st.fisheries.noaa.gov/ods/foss/trade_data/?q={""hts_number"":""0306320010"",""source"":""IMP"",""year"":""2026""}&limit=2000",2026-09-22T20:16:44+00:00,evidence/noaa_foss_trade/trade_2026.json,ae601ac17fbdb9b709693bcda6af3f68e6214e3b914d20485fd55c46c1db23f9,3 rows summed.
foss_imp_live_homarus_us_all_districts_kilos,"NOAA FOSS imports, live lobster Homarus spp., US_ALL_DISTRICTS: kilos",2026-02,2368734.0,kg,noaa_foss_trade,OFFICIAL STATISTIC (monthly import value; not a retail price),"https://apps-st.fisheries.noaa.gov/ods/foss/trade_data/?q={""hts_number"":""0306320010"",""source"":""IMP"",""year"":""2026""}&limit=2000",2026-09-22T20:16:44+00:00,evidence/noaa_foss_trade/trade_2026.json,ae601ac17fbdb9b709693bcda6af3f68e6214e3b914d20485fd55c46c1db23f9,4 rows summed.
foss_imp_live_homarus_us_all_districts_kilos,"NOAA FOSS imports, live lobster Homarus spp., US_ALL_DISTRICTS: kilos",2026-03,814647.0,kg,noaa_foss_trade,OFFICIAL STATISTIC (monthly import value; not a retail price),"https://apps-st.fisheries.noaa.gov/ods/foss/trade_data/?q={""hts_number"":""0306320010"",""source"":""IMP"",""year"":""2026""}&limit=2000",2026-09-22T20:16:44+00:00,evidence/noaa_foss_trade/trade_2026.json,ae601ac17fbdb9b709693bcda6af3f68e6214e3b914d20485fd55c46c1db23f9,3 rows summed.
foss_imp_live_homarus_us_all_districts_kilos,"NOAA FOSS imports, live lobster Homarus spp., US_ALL_DISTRICTS: kilos",2026-04,895181.0,kg,noaa_foss_trade,OFFICIAL STATISTIC (monthly import value; not a retail price),"https://apps-st.fisheries.noaa.gov/ods/foss/trade_data/?q={""hts_number"":""0306320010"",""source"":""IMP"",""year"":""2026""}&limit=2000",2026-09-22T20:16:44+00:00,evidence/noaa_foss_trade/trade_2026.json,ae601ac17fbdb9b709693bcda6af3f68e6214e3b914d20485fd55c46c1db23f9,5 rows summed.
foss_imp_live_homarus_us_all_districts_kilos,"NOAA FOSS imports, live lobster Homarus spp., US_ALL_DISTRICTS: kilos",2026-05,3363520.0,kg,noaa_foss_trade,OFFICIAL STATISTIC (monthly import value; not a retail price),"https://apps-st.fisheries.noaa.gov/ods/foss/trade_data/?q={""hts_number"":""0306320010"",""source"":""IMP"",""year"":""2026""}&limit=2000",2026-09-22T20:16:44+00:00,evidence/noaa_foss_trade/trade_2026.json,ae601ac17fbdb9b709693bcda6af3f68e6214e3b914d20485fd55c46c1db23f9,3 rows summed.
foss_imp_live_homarus_us_all_districts_kilos,"NOAA FOSS imports, live lobster Homarus spp., US_ALL_DISTRICTS: kilos",2026-06,3234855.0,kg,noaa_foss_trade,OFFICIAL STATISTIC (monthly import value; not a retail price),"https://apps-st.fisheries.noaa.gov/ods/foss/trade_data/?q={""hts_number"":""0306320010"",""source"":""IMP"",""year"":""2026""}&limit=2000",2026-09-22T20:16:44+00:00,evidence/noaa_foss_trade/trade_2026.json,ae601ac17fbdb9b709693bcda6af3f68e6214e3b914d20485fd55c46c1db23f9,6 rows summed.
foss_imp_live_homarus_us_all_districts_kilos,"NOAA FOSS imports, live lobster Homarus spp., US_ALL_DISTRICTS: kilos",2026-07,840777.0,kg,noaa_foss_trade,OFFICIAL STATISTIC (monthly import value; not a retail price),"https://apps-st.fisheries.noaa.gov/ods/foss/trade_data/?q={""hts_number"":""0306320010"",""source"":""IMP"",""year"":""2026""}&limit=2000",2026-09-22T20:16:44+00:00,evidence/noaa_foss_trade/trade_2026.json,ae601ac17fbdb9b709693bcda6af3f68e6214e3b914d20485fd55c46c1db23f9,7 rows summed.
foss_imp_live_homarus_us_all_districts_usd_per_lb,"NOAA FOSS imports, live lobster Homarus spp. (HTS 0306320010), US_ALL_DISTRICTS: implicit unit value USD/lb",2025-01,10.7973,USD per lb,noaa_foss_trade,OFFICIAL STATISTIC (monthly import value; not a retail price),"https://apps-st.fisheries.noaa.gov/ods/foss/trade_data/?q={""hts_number"":""0306320010"",""source"":""IMP"",""year"":""2025""}&limit=2000",2026-09-22T20:16:44+00:00,evidence/noaa_foss_trade/trade_2025.json,290f02a2d3a1644a644616f12613c17f0c1d40915fd92b11191fdc1c1d0050e2,val 36863201 USD / kilos 1548610 / 2.20462262 lb per kg; 6 rows summed.
foss_imp_live_homarus_us_all_districts_usd_per_lb,"NOAA FOSS imports, live lobster Homarus spp. (HTS 0306320010), US_ALL_DISTRICTS: implicit unit value USD/lb",2025-02,11.1327,USD per lb,noaa_foss_trade,OFFICIAL STATISTIC (monthly import value; not a retail price),"https://apps-st.fisheries.noaa.gov/ods/foss/trade_data/?q={""hts_number"":""0306320010"",""source"":""IMP"",""year"":""2025""}&limit=2000",2026-09-22T20:16:44+00:00,evidence/noaa_foss_trade/trade_2025.json,290f02a2d3a1644a644616f12613c17f0c1d40915fd92b11191fdc1c1d0050e2,val 26028634 USD / kilos 1060512 / 2.20462262 lb per kg; 8 rows summed.
foss_imp_live_homarus_us_all_districts_usd_per_lb,"NOAA FOSS imports, live lobster Homarus spp. (HTS 0306320010), US_ALL_DISTRICTS: implicit unit value USD/lb",2025-03,11.663,USD per lb,noaa_foss_trade,OFFICIAL STATISTIC (monthly import value; not a retail price),"https://apps-st.fisheries.noaa.gov/ods/foss/trade_data/?q={""hts_number"":""0306320010"",""source"":""IMP"",""year"":""2025""}&limit=2000",2026-09-22T20:16:44+00:00,evidence/noaa_foss_trade/trade_2025.json,290f02a2d3a1644a644616f12613c17f0c1d40915fd92b11191fdc1c1d0050e2,val 21122216 USD / kilos 821473 / 2.20462262 lb per kg; 3 rows summed.
foss_imp_live_homarus_us_all_districts_usd_per_lb,"NOAA FOSS imports, live lobster Homarus spp. (HTS 0306320010), US_ALL_DISTRICTS: implicit unit value USD/lb",2025-04,9.6872,USD per lb,noaa_foss_trade,OFFICIAL STATISTIC (monthly import value; not a retail price),"https://apps-st.fisheries.noaa.gov/ods/foss/trade_data/?q={""hts_number"":""0306320010"",""source"":""IMP"",""year"":""2025""}&limit=2000",2026-09-22T20:16:44+00:00,evidence/noaa_foss_trade/trade_2025.json,290f02a2d3a1644a644616f12613c17f0c1d40915fd92b11191fdc1c1d0050e2,val 23024227 USD / kilos 1078086 / 2.20462262 lb per kg; 4 rows summed.
foss_imp_live_homarus_us_all_districts_usd_per_lb,"NOAA FOSS imports, live lobster Homarus spp. (HTS 0306320010), US_ALL_DISTRICTS: implicit unit value USD/lb",2025-05,6.579,USD per lb,noaa_foss_trade,OFFICIAL STATISTIC (monthly import value; not a retail price),"https://apps-st.fisheries.noaa.gov/ods/foss/trade_data/?q={""hts_number"":""0306320010"",""source"":""IMP"",""year"":""2025""}&limit=2000",2026-09-22T20:16:44+00:00,evidence/noaa_foss_trade/trade_2025.json,290f02a2d3a1644a644616f12613c17f0c1d40915fd92b11191fdc1c1d0050e2,val 60620929 USD / kilos 4179557 / 2.20462262 lb per kg; 6 rows summed.
foss_imp_live_homarus_us_all_districts_usd_per_lb,"NOAA FOSS imports, live lobster Homarus spp. (HTS 0306320010), US_ALL_DISTRICTS: implicit unit value USD/lb",2025-06,6.7367,USD per lb,noaa_foss_trade,OFFICIAL STATISTIC (monthly import value; not a retail price),"https://apps-st.fisheries.noaa.gov/ods/foss/trade_data/?q={""hts_number"":""0306320010"",""source"":""IMP"",""year"":""2025""}&limit=2000",2026-09-22T20:16:44+00:00,evidence/noaa_foss_trade/trade_2025.json,290f02a2d3a1644a644616f12613c17f0c1d40915fd92b11191fdc1c1d0050e2,val 73378320 USD / kilos 4940697 / 2.20462262 lb per kg; 6 rows summed.
foss_imp_live_homarus_us_all_districts_usd_per_lb,"NOAA FOSS imports, live lobster Homarus spp. (HTS 0306320010), US_ALL_DISTRICTS: implicit unit value USD/lb",2025-07,8.3259,USD per lb,noaa_foss_trade,OFFICIAL STATISTIC (monthly import value; not a retail price),"https://apps-st.fisheries.noaa.gov/ods/foss/trade_data/?q={""hts_number"":""0306320010"",""source"":""IMP"",""year"":""2025""}&limit=2000",2026-09-22T20:16:44+00:00,evidence/noaa_foss_trade/trade_2025.json,290f02a2d3a1644a644616f12613c17f0c1d40915fd92b11191fdc1c1d0050e2,val 34213449 USD / kilos 1863937 / 2.20462262 lb per kg; 8 rows summed.
foss_imp_live_homarus_us_all_districts_usd_per_lb,"NOAA FOSS imports, live lobster Homarus spp. (HTS 0306320010), US_ALL_DISTRICTS: implicit unit value USD/lb",2025-08,9.0032,USD per lb,noaa_foss_trade,OFFICIAL STATISTIC (monthly import value; not a retail price),"https://apps-st.fisheries.noaa.gov/ods/foss/trade_data/?q={""hts_number"":""0306320010"",""source"":""IMP"",""year"":""2025""}&limit=2000",2026-09-22T20:16:44+00:00,evidence/noaa_foss_trade/trade_2025.json,290f02a2d3a1644a644616f12613c17f0c1d40915fd92b11191fdc1c1d0050e2,val 18435601 USD / kilos 928808 / 2.20462262 lb per kg; 5 rows summed.
foss_imp_live_homarus_us_all_districts_usd_per_lb,"NOAA FOSS imports, live lobster Homarus spp. (HTS 0306320010), US_ALL_DISTRICTS: implicit unit value USD/lb",2025-09,9.2742,USD per lb,noaa_foss_trade,OFFICIAL STATISTIC (monthly import value; not a retail price),"https://apps-st.fisheries.noaa.gov/ods/foss/trade_data/?q={""hts_number"":""0306320010"",""source"":""IMP"",""year"":""2025""}&limit=2000",2026-09-22T20:16:44+00:00,evidence/noaa_foss_trade/trade_2025.json,290f02a2d3a1644a644616f12613c17f0c1d40915fd92b11191fdc1c1d0050e2,val 14105080 USD / kilos 689869 / 2.20462262 lb per kg; 5 rows summed.
foss_imp_live_homarus_us_all_districts_usd_per_lb,"NOAA FOSS imports, live lobster Homarus spp. (HTS 0306320010), US_ALL_DISTRICTS: implicit unit value USD/lb",2025-10,9.737,USD per lb,noaa_foss_trade,OFFICIAL STATISTIC (monthly import value; not a retail price),"https://apps-st.fisheries.noaa.gov/ods/foss/trade_data/?q={""hts_number"":""0306320010"",""source"":""IMP"",""year"":""2025""}&limit=2000",2026-09-22T20:16:44+00:00,evidence/noaa_foss_trade/trade_2025.json,290f02a2d3a1644a644616f12613c17f0c1d40915fd92b11191fdc1c1d0050e2,val 13052440 USD / kilos 608039 / 2.20462262 lb per kg; 4 rows summed.
foss_imp_live_homarus_us_all_districts_usd_per_lb,"NOAA FOSS imports, live lobster Homarus spp. (HTS 0306320010), US_ALL_DISTRICTS: implicit unit value USD/lb",2025-11,8.7158,USD per lb,noaa_foss_trade,OFFICIAL STATISTIC (monthly import value; not a retail price),"https://apps-st.fisheries.noaa.gov/ods/foss/trade_data/?q={""hts_number"":""0306320010"",""source"":""IMP"",""year"":""2025""}&limit=2000",2026-09-22T20:16:44+00:00,evidence/noaa_foss_trade/trade_2025.json,290f02a2d3a1644a644616f12613c17f0c1d40915fd92b11191fdc1c1d0050e2,val 30444880 USD / kilos 1584424 / 2.20462262 lb per kg; 3 rows summed.
foss_imp_live_homarus_us_all_districts_usd_per_lb,"NOAA FOSS imports, live lobster Homarus spp. (HTS 0306320010), US_ALL_DISTRICTS: implicit unit value USD/lb",2025-12,8.0635,USD per lb,noaa_foss_trade,OFFICIAL STATISTIC (monthly import value; not a retail price),"https://apps-st.fisheries.noaa.gov/ods/foss/trade_data/?q={""hts_number"":""0306320010"",""source"":""IMP"",""year"":""2025""}&limit=2000",2026-09-22T20:16:44+00:00,evidence/noaa_foss_trade/trade_2025.json,290f02a2d3a1644a644616f12613c17f0c1d40915fd92b11191fdc1c1d0050e2,val 66564238 USD / kilos 3744419 / 2.20462262 lb per kg; 3 rows summed.
foss_imp_live_homarus_us_all_districts_usd_per_lb,"NOAA FOSS imports, live lobster Homarus spp. (HTS 0306320010), US_ALL_DISTRICTS: implicit unit value USD/lb",2026-01,10.3074,USD per lb,noaa_foss_trade,OFFICIAL STATISTIC (monthly import value; not a retail price),"https://apps-st.fisheries.noaa.gov/ods/foss/trade_data/?q={""hts_number"":""0306320010"",""source"":""IMP"",""year"":""2026""}&limit=2000",2026-09-22T20:16:44+00:00,evidence/noaa_foss_trade/trade_2026.json,ae601ac17fbdb9b709693bcda6af3f68e6214e3b914d20485fd55c46c1db23f9,val 49072270 USD / kilos 2159490 / 2.20462262 lb per kg; 3 rows summed.
foss_imp_live_homarus_us_all_districts_usd_per_lb,"NOAA FOSS imports, live lobster Homarus spp. (HTS 0306320010), US_ALL_DISTRICTS: implicit unit value USD/lb",2026-02,12.1276,USD per lb,noaa_foss_trade,OFFICIAL STATISTIC (monthly import value; not a retail price),"https://apps-st.fisheries.noaa.gov/ods/foss/trade_data/?q={""hts_number"":""0306320010"",""source"":""IMP"",""year"":""2026""}&limit=2000",2026-09-22T20:16:44+00:00,evidence/noaa_foss_trade/trade_2026.json,ae601ac17fbdb9b709693bcda6af3f68e6214e3b914d20485fd55c46c1db23f9,val 63332132 USD / kilos 2368734 / 2.20462262 lb per kg; 4 rows summed.
foss_imp_live_homarus_us_all_districts_usd_per_lb,"NOAA FOSS imports, live lobster Homarus spp. (HTS 0306320010), US_ALL_DISTRICTS: implicit unit value USD/lb",2026-03,12.5902,USD per lb,noaa_foss_trade,OFFICIAL STATISTIC (monthly import value; not a retail price),"https://apps-st.fisheries.noaa.gov/ods/foss/trade_data/?q={""hts_number"":""0306320010"",""source"":""IMP"",""year"":""2026""}&limit=2000",2026-09-22T20:16:44+00:00,evidence/noaa_foss_trade/trade_2026.json,ae601ac17fbdb9b709693bcda6af3f68e6214e3b914d20485fd55c46c1db23f9,val 22611811 USD / kilos 814647 / 2.20462262 lb per kg; 3 rows summed.
foss_imp_live_homarus_us_all_districts_usd_per_lb,"NOAA FOSS imports, live lobster Homarus spp. (HTS 0306320010), US_ALL_DISTRICTS: implicit unit value USD/lb",2026-04,10.2173,USD per lb,noaa_foss_trade,OFFICIAL STATISTIC (monthly import value; not a retail price),"https://apps-st.fisheries.noaa.gov/ods/foss/trade_data/?q={""hts_number"":""0306320010"",""source"":""IMP"",""year"":""2026""}&limit=2000",2026-09-22T20:16:44+00:00,evidence/noaa_foss_trade/trade_2026.json,ae601ac17fbdb9b709693bcda6af3f68e6214e3b914d20485fd55c46c1db23f9,val 20164156 USD / kilos 895181 / 2.20462262 lb per kg; 5 rows summed.
foss_imp_live_homarus_us_all_districts_usd_per_lb,"NOAA FOSS imports, live lobster Homarus spp. (HTS 0306320010), US_ALL_DISTRICTS: implicit unit value USD/lb",2026-05,7.2889,USD per lb,noaa_foss_trade,OFFICIAL STATISTIC (monthly import value; not a retail price),"https://apps-st.fisheries.noaa.gov/ods/foss/trade_data/?q={""hts_number"":""0306320010"",""source"":""IMP"",""year"":""2026""}&limit=2000",2026-09-22T20:16:44+00:00,evidence/noaa_foss_trade/trade_2026.json,ae601ac17fbdb9b709693bcda6af3f68e6214e3b914d20485fd55c46c1db23f9,val 54049653 USD / kilos 3363520 / 2.20462262 lb per kg; 3 rows summed.
foss_imp_live_homarus_us_all_districts_usd_per_lb,"NOAA FOSS imports, live lobster Homarus spp. (HTS 0306320010), US_ALL_DISTRICTS: implicit unit value USD/lb",2026-06,7.2454,USD per lb,noaa_foss_trade,OFFICIAL STATISTIC (monthly import value; not a retail price),"https://apps-st.fisheries.noaa.gov/ods/foss/trade_data/?q={""hts_number"":""0306320010"",""source"":""IMP"",""year"":""2026""}&limit=2000",2026-09-22T20:16:44+00:00,evidence/noaa_foss_trade/trade_2026.json,ae601ac17fbdb9b709693bcda6af3f68e6214e3b914d20485fd55c46c1db23f9,val 51671895 USD / kilos 3234855 / 2.20462262 lb per kg; 6 rows summed.
foss_imp_live_homarus_us_all_districts_usd_per_lb,"NOAA FOSS imports, live lobster Homarus spp. (HTS 0306320010), US_ALL_DISTRICTS: implicit unit value USD/lb",2026-07,8.3848,USD per lb,noaa_foss_trade,OFFICIAL STATISTIC (monthly import value; not a retail price),"https://apps-st.fisheries.noaa.gov/ods/foss/trade_data/?q={""hts_number"":""0306320010"",""source"":""IMP"",""year"":""2026""}&limit=2000",2026-09-22T20:16:44+00:00,evidence/noaa_foss_trade/trade_2026.json,ae601ac17fbdb9b709693bcda6af3f68e6214e3b914d20485fd55c46c1db23f9,val 15542004 USD / kilos 840777 / 2.20462262 lb per kg; 7 rows summed.
